ISO-10303-21;
HEADER;
/* Generated by software containing ST-Developer
 * from STEP Tools, Inc. (www.steptools.com) 
 */

FILE_DESCRIPTION(
/* description */ (''),
/* implementation_level */ '2;1');

FILE_NAME(
/* name */ 
'/Users/user/Documents/Aircraft_Factory/Thermocouple/TestInstrument/Sm
allLED7SegDisp v10.step',
/* time_stamp */ '2022-01-15T08:31:39-05:00',
/* author */ (''),
/* organization */ (''),
/* preprocessor_version */ 'ST-DEVELOPER v18.1',
/* originating_system */ 'Autodesk Translation Framework v10.10.0.1391',

/* authorisation */ '');

FILE_SCHEMA (('AUTOMOTIVE_DESIGN { 1 0 10303 214 3 1 1 }'));
ENDSEC;

DATA;
#10=MECHANICAL_DESIGN_GEOMETRIC_PRESENTATION_REPRESENTATION('',(#859,#860,
#861,#862,#863,#864,#865,#866,#867,#868,#869,#870,#871,#872,#873,#874,#875,
#876,#877,#878,#879,#880,#881,#882,#883,#884,#885,#886,#887,#888,#889,#890,
#891,#892,#893,#894,#895,#896,#897,#898,#899,#900,#901,#902,#903),#18877);
#11=CONTEXT_DEPENDENT_OVER_RIDING_STYLED_ITEM('',(#19044),#18954,#903,(#787,
#771));
#12=CONTEXT_DEPENDENT_OVER_RIDING_STYLED_ITEM('',(#19044),#18953,#903,(#787,
#770));
#13=MAPPED_ITEM('',#14,#11289);
#14=REPRESENTATION_MAP(#11289,#18944);
#15=TOROIDAL_SURFACE('',#11262,1.02999977809743,0.1);
#16=TOROIDAL_SURFACE('',#11264,1.46999977809743,0.1);
#17=TOROIDAL_SURFACE('',#11266,1.02999977809743,0.1);
#18=TOROIDAL_SURFACE('',#11268,1.46999977809743,0.1);
#19=CONICAL_SURFACE('',#11213,0.1,0.785398163397817);
#20=CONICAL_SURFACE('',#11216,0.1,0.785398163397857);
#21=CONICAL_SURFACE('',#11218,0.1,0.785398163397857);
#22=CONICAL_SURFACE('',#11220,0.1,0.785398163397817);
#23=CONICAL_SURFACE('',#11238,0.0999999999999989,0.785398163397442);
#24=CONICAL_SURFACE('',#11241,0.0999999999999989,0.785398163397442);
#25=CONICAL_SURFACE('',#11244,0.0999999999999989,0.785398163397439);
#26=CONICAL_SURFACE('',#11246,0.0999999999999989,0.785398163397445);
#27=B_SPLINE_CURVE_WITH_KNOTS('',3,(#14205,#14206,#14207,#14208,#14209),
 .UNSPECIFIED.,.F.,.F.,(4,1,4),(0.,0.00830470126331445,0.0140202705575944),
 .UNSPECIFIED.);
#28=B_SPLINE_CURVE_WITH_KNOTS('',3,(#14211,#14212,#14213,#14214,#14215),
 .UNSPECIFIED.,.F.,.F.,(4,1,4),(-0.0140202705575944,-0.00830470126331445,
0.),.UNSPECIFIED.);
#29=B_SPLINE_CURVE_WITH_KNOTS('',3,(#14228,#14229,#14230,#14231,#14232),
 .UNSPECIFIED.,.F.,.F.,(4,1,4),(0.,0.00470347560195193,0.0100146676054662),
 .UNSPECIFIED.);
#30=B_SPLINE_CURVE_WITH_KNOTS('',3,(#14234,#14235,#14236,#14237,#14238),
 .UNSPECIFIED.,.F.,.F.,(4,1,4),(-0.0100146676054662,-0.00470347560195193,
0.),.UNSPECIFIED.);
#31=B_SPLINE_CURVE_WITH_KNOTS('',3,(#14251,#14252,#14253,#14254,#14255),
 .UNSPECIFIED.,.F.,.F.,(4,1,4),(0.,0.00725459122900975,0.0176221169482497),
 .UNSPECIFIED.);
#32=B_SPLINE_CURVE_WITH_KNOTS('',3,(#14257,#14258,#14259,#14260,#14261),
 .UNSPECIFIED.,.F.,.F.,(4,1,4),(-0.0176221169482497,-0.00725459122900975,
0.),.UNSPECIFIED.);
#33=B_SPLINE_CURVE_WITH_KNOTS('',3,(#14274,#14275,#14276,#14277,#14278),
 .UNSPECIFIED.,.F.,.F.,(4,1,4),(0.,0.0134493482947331,0.0226811846159319),
 .UNSPECIFIED.);
#34=B_SPLINE_CURVE_WITH_KNOTS('',3,(#14280,#14281,#14282,#14283,#14284),
 .UNSPECIFIED.,.F.,.F.,(4,1,4),(-0.0226811846159319,-0.0134493482947331,
0.),.UNSPECIFIED.);
#35=B_SPLINE_CURVE_WITH_KNOTS('',3,(#14297,#14298,#14299,#14300,#14301),
 .UNSPECIFIED.,.F.,.F.,(4,1,4),(0.,0.00817451391468878,0.0185785362355207),
 .UNSPECIFIED.);
#36=B_SPLINE_CURVE_WITH_KNOTS('',3,(#14303,#14304,#14305,#14306,#14307),
 .UNSPECIFIED.,.F.,.F.,(4,1,4),(-0.0185785362355207,-0.00817451391468878,
0.),.UNSPECIFIED.);
#37=B_SPLINE_CURVE_WITH_KNOTS('',3,(#14332,#14333,#14334,#14335,#14336),
 .UNSPECIFIED.,.F.,.F.,(4,1,4),(0.,0.0122957852799757,0.022319080465025),
 .UNSPECIFIED.);
#38=B_SPLINE_CURVE_WITH_KNOTS('',3,(#14338,#14339,#14340,#14341,#14342),
 .UNSPECIFIED.,.F.,.F.,(4,1,4),(-0.022319080465025,-0.0122957852799757,
0.),.UNSPECIFIED.);
#39=B_SPLINE_CURVE_WITH_KNOTS('',3,(#14355,#14356,#14357,#14358,#14359),
 .UNSPECIFIED.,.F.,.F.,(4,1,4),(0.,0.00887373424018958,0.0175561178551675),
 .UNSPECIFIED.);
#40=B_SPLINE_CURVE_WITH_KNOTS('',3,(#14361,#14362,#14363,#14364,#14365),
 .UNSPECIFIED.,.F.,.F.,(4,1,4),(-0.0175561178551675,-0.00887373424018958,
0.),.UNSPECIFIED.);
#41=B_SPLINE_CURVE_WITH_KNOTS('',3,(#14378,#14379,#14380,#14381,#14382),
 .UNSPECIFIED.,.F.,.F.,(4,1,4),(0.,0.00881412882406205,0.0179714466687878),
 .UNSPECIFIED.);
#42=B_SPLINE_CURVE_WITH_KNOTS('',3,(#14384,#14385,#14386,#14387,#14388),
 .UNSPECIFIED.,.F.,.F.,(4,1,4),(-0.0179714466687878,-0.00881412882406205,
0.),.UNSPECIFIED.);
#43=B_SPLINE_CURVE_WITH_KNOTS('',3,(#14401,#14402,#14403,#14404,#14405),
 .UNSPECIFIED.,.F.,.F.,(4,1,4),(0.,0.00959184928463026,0.0195698325529836),
 .UNSPECIFIED.);
#44=B_SPLINE_CURVE_WITH_KNOTS('',3,(#14407,#14408,#14409,#14410,#14411),
 .UNSPECIFIED.,.F.,.F.,(4,1,4),(-0.0195698325529836,-0.00959184928463026,
0.),.UNSPECIFIED.);
#45=B_SPLINE_CURVE_WITH_KNOTS('',3,(#14424,#14425,#14426,#14427,#14428),
 .UNSPECIFIED.,.F.,.F.,(4,1,4),(0.,0.0142691763284885,0.0252796261388155),
 .UNSPECIFIED.);
#46=B_SPLINE_CURVE_WITH_KNOTS('',3,(#14430,#14431,#14432,#14433,#14434),
 .UNSPECIFIED.,.F.,.F.,(4,1,4),(-0.0252796261388155,-0.0142691763284885,
0.),.UNSPECIFIED.);
#47=B_SPLINE_CURVE_WITH_KNOTS('',3,(#14447,#14448,#14449,#14450,#14451),
 .UNSPECIFIED.,.F.,.F.,(4,1,4),(0.,0.00918566325985899,0.0180253018137577),
 .UNSPECIFIED.);
#48=B_SPLINE_CURVE_WITH_KNOTS('',3,(#14453,#14454,#14455,#14456,#14457),
 .UNSPECIFIED.,.F.,.F.,(4,1,4),(-0.0180253018137577,-0.00918566325985899,
0.),.UNSPECIFIED.);
#49=B_SPLINE_CURVE_WITH_KNOTS('',3,(#14470,#14471,#14472,#14473,#14474),
 .UNSPECIFIED.,.F.,.F.,(4,1,4),(0.,0.00834276446689563,0.0161269506964007),
 .UNSPECIFIED.);
#50=B_SPLINE_CURVE_WITH_KNOTS('',3,(#14476,#14477,#14478,#14479,#14480),
 .UNSPECIFIED.,.F.,.F.,(4,1,4),(-0.0161269506964007,-0.00834276446689563,
0.),.UNSPECIFIED.);
#51=B_SPLINE_CURVE_WITH_KNOTS('',3,(#14493,#14494,#14495,#14496,#14497),
 .UNSPECIFIED.,.F.,.F.,(4,1,4),(0.,0.00990003005911567,0.0186578775985389),
 .UNSPECIFIED.);
#52=B_SPLINE_CURVE_WITH_KNOTS('',3,(#14499,#14500,#14501,#14502,#14503),
 .UNSPECIFIED.,.F.,.F.,(4,1,4),(-0.0186578775985389,-0.00990003005911567,
0.),.UNSPECIFIED.);
#53=B_SPLINE_CURVE_WITH_KNOTS('',3,(#14562,#14563,#14564,#14565,#14566),
 .UNSPECIFIED.,.F.,.F.,(4,1,4),(0.,0.0110281011085541,0.0209982092554016),
 .UNSPECIFIED.);
#54=B_SPLINE_CURVE_WITH_KNOTS('',3,(#14568,#14569,#14570,#14571,#14572),
 .UNSPECIFIED.,.F.,.F.,(4,1,4),(-0.0209982092554016,-0.0110281011085541,
0.),.UNSPECIFIED.);
#55=B_SPLINE_CURVE_WITH_KNOTS('',3,(#14585,#14586,#14587,#14588,#14589),
 .UNSPECIFIED.,.F.,.F.,(4,1,4),(0.,0.00939392122869523,0.0187497285526248),
 .UNSPECIFIED.);
#56=B_SPLINE_CURVE_WITH_KNOTS('',3,(#14591,#14592,#14593,#14594,#14595),
 .UNSPECIFIED.,.F.,.F.,(4,1,4),(-0.0187497285526248,-0.00939392122869523,
0.),.UNSPECIFIED.);
#57=B_SPLINE_CURVE_WITH_KNOTS('',3,(#14608,#14609,#14610,#14611,#14612),
 .UNSPECIFIED.,.F.,.F.,(4,1,4),(0.,0.0102790735498319,0.0225617911746421),
 .UNSPECIFIED.);
#58=B_SPLINE_CURVE_WITH_KNOTS('',3,(#14614,#14615,#14616,#14617,#14618),
 .UNSPECIFIED.,.F.,.F.,(4,1,4),(-0.0225617911746421,-0.0102790735498319,
0.),.UNSPECIFIED.);
#59=B_SPLINE_CURVE_WITH_KNOTS('',3,(#14631,#14632,#14633,#14634,#14635),
 .UNSPECIFIED.,.F.,.F.,(4,1,4),(0.,0.0148658759297647,0.0272323662079388),
 .UNSPECIFIED.);
#60=B_SPLINE_CURVE_WITH_KNOTS('',3,(#14637,#14638,#14639,#14640,#14641),
 .UNSPECIFIED.,.F.,.F.,(4,1,4),(-0.0272323662079388,-0.0148658759297647,
0.),.UNSPECIFIED.);
#61=B_SPLINE_CURVE_WITH_KNOTS('',3,(#14654,#14655,#14656,#14657,#14658),
 .UNSPECIFIED.,.F.,.F.,(4,1,4),(0.,0.0116311700576414,0.0246786649530814),
 .UNSPECIFIED.);
#62=B_SPLINE_CURVE_WITH_KNOTS('',3,(#14660,#14661,#14662,#14663,#14664),
 .UNSPECIFIED.,.F.,.F.,(4,1,4),(-0.0246786649530814,-0.0116311700576414,
0.),.UNSPECIFIED.);
#63=B_SPLINE_CURVE_WITH_KNOTS('',3,(#14677,#14678,#14679,#14680,#14681),
 .UNSPECIFIED.,.F.,.F.,(4,1,4),(0.,0.0147261492024677,0.0317805194967666),
 .UNSPECIFIED.);
#64=B_SPLINE_CURVE_WITH_KNOTS('',3,(#14683,#14684,#14685,#14686,#14687),
 .UNSPECIFIED.,.F.,.F.,(4,1,4),(-0.0317805194967666,-0.0147261492024677,
0.),.UNSPECIFIED.);
#65=B_SPLINE_CURVE_WITH_KNOTS('',3,(#14700,#14701,#14702,#14703,#14704),
 .UNSPECIFIED.,.F.,.F.,(4,1,4),(0.,0.0221928914005864,0.0411506760935795),
 .UNSPECIFIED.);
#66=B_SPLINE_CURVE_WITH_KNOTS('',3,(#14706,#14707,#14708,#14709,#14710),
 .UNSPECIFIED.,.F.,.F.,(4,1,4),(-0.0411506760935795,-0.0221928914005864,
0.),.UNSPECIFIED.);
#67=B_SPLINE_CURVE_WITH_KNOTS('',3,(#14723,#14724,#14725,#14726,#14727),
 .UNSPECIFIED.,.F.,.F.,(4,1,4),(0.,0.0188500746973527,0.0405281105281388),
 .UNSPECIFIED.);
#68=B_SPLINE_CURVE_WITH_KNOTS('',3,(#14729,#14730,#14731,#14732,#14733),
 .UNSPECIFIED.,.F.,.F.,(4,1,4),(-0.0405281105281388,-0.0188500746973527,
0.),.UNSPECIFIED.);
#69=B_SPLINE_CURVE_WITH_KNOTS('',3,(#14746,#14747,#14748,#14749,#14750),
 .UNSPECIFIED.,.F.,.F.,(4,1,4),(0.,0.0169734440793448,0.031003747653084),
 .UNSPECIFIED.);
#70=B_SPLINE_CURVE_WITH_KNOTS('',3,(#14752,#14753,#14754,#14755,#14756),
 .UNSPECIFIED.,.F.,.F.,(4,1,4),(-0.031003747653084,-0.0169734440793448,
0.),.UNSPECIFIED.);
#71=B_SPLINE_CURVE_WITH_KNOTS('',3,(#14769,#14770,#14771,#14772,#14773),
 .UNSPECIFIED.,.F.,.F.,(4,1,4),(0.,0.0135306234504117,0.028830729541315),
 .UNSPECIFIED.);
#72=B_SPLINE_CURVE_WITH_KNOTS('',3,(#14775,#14776,#14777,#14778,#14779),
 .UNSPECIFIED.,.F.,.F.,(4,1,4),(-0.028830729541315,-0.0135306234504117,
0.),.UNSPECIFIED.);
#73=B_SPLINE_CURVE_WITH_KNOTS('',3,(#14798,#14799,#14800,#14801,#14802),
 .UNSPECIFIED.,.F.,.F.,(4,1,4),(0.,0.00421942530233161,0.0073499715159905),
 .UNSPECIFIED.);
#74=B_SPLINE_CURVE_WITH_KNOTS('',3,(#14804,#14805,#14806,#14807,#14808),
 .UNSPECIFIED.,.F.,.F.,(4,1,4),(-0.0073499715159905,-0.00421942530233161,
0.),.UNSPECIFIED.);
#75=B_SPLINE_CURVE_WITH_KNOTS('',3,(#14821,#14822,#14823,#14824,#14825),
 .UNSPECIFIED.,.F.,.F.,(4,1,4),(0.,0.00426047764976867,0.00842734018731432),
 .UNSPECIFIED.);
#76=B_SPLINE_CURVE_WITH_KNOTS('',3,(#14827,#14828,#14829,#14830,#14831),
 .UNSPECIFIED.,.F.,.F.,(4,1,4),(-0.00842734018731432,-0.00426047764976867,
0.),.UNSPECIFIED.);
#77=B_SPLINE_CURVE_WITH_KNOTS('',3,(#14844,#14845,#14846,#14847,#14848),
 .UNSPECIFIED.,.F.,.F.,(4,1,4),(0.,0.00422375127567818,0.00866625076282992),
 .UNSPECIFIED.);
#78=B_SPLINE_CURVE_WITH_KNOTS('',3,(#14850,#14851,#14852,#14853,#14854),
 .UNSPECIFIED.,.F.,.F.,(4,1,4),(-0.00866625076282992,-0.00422375127567818,
0.),.UNSPECIFIED.);
#79=B_SPLINE_CURVE_WITH_KNOTS('',3,(#14867,#14868,#14869,#14870,#14871),
 .UNSPECIFIED.,.F.,.F.,(4,1,4),(0.,0.00951490547884212,0.0188301375092483),
 .UNSPECIFIED.);
#80=B_SPLINE_CURVE_WITH_KNOTS('',3,(#14873,#14874,#14875,#14876,#14877),
 .UNSPECIFIED.,.F.,.F.,(4,1,4),(-0.0188301375092483,-0.00951490547884212,
0.),.UNSPECIFIED.);
#81=B_SPLINE_CURVE_WITH_KNOTS('',3,(#14890,#14891,#14892,#14893,#14894),
 .UNSPECIFIED.,.F.,.F.,(4,1,4),(0.,0.00866740961825131,0.0203626432923902),
 .UNSPECIFIED.);
#82=B_SPLINE_CURVE_WITH_KNOTS('',3,(#14896,#14897,#14898,#14899,#14900),
 .UNSPECIFIED.,.F.,.F.,(4,1,4),(-0.0203626432923902,-0.00866740961825131,
0.),.UNSPECIFIED.);
#83=B_SPLINE_CURVE_WITH_KNOTS('',3,(#14913,#14914,#14915,#14916,#14917),
 .UNSPECIFIED.,.F.,.F.,(4,1,4),(0.,0.014091398325659,0.0236863477663716),
 .UNSPECIFIED.);
#84=B_SPLINE_CURVE_WITH_KNOTS('',3,(#14919,#14920,#14921,#14922,#14923),
 .UNSPECIFIED.,.F.,.F.,(4,1,4),(-0.0236863477663716,-0.014091398325659,
0.),.UNSPECIFIED.);
#85=B_SPLINE_CURVE_WITH_KNOTS('',3,(#14936,#14937,#14938,#14939,#14940),
 .UNSPECIFIED.,.F.,.F.,(4,1,4),(0.,0.00761948492694292,0.0158806249048984),
 .UNSPECIFIED.);
#86=B_SPLINE_CURVE_WITH_KNOTS('',3,(#14942,#14943,#14944,#14945,#14946),
 .UNSPECIFIED.,.F.,.F.,(4,1,4),(-0.0158806249048984,-0.00761948492694292,
0.),.UNSPECIFIED.);
#87=B_SPLINE_CURVE_WITH_KNOTS('',3,(#14959,#14960,#14961,#14962,#14963),
 .UNSPECIFIED.,.F.,.F.,(4,1,4),(0.,0.00787527592180364,0.0146009432585352),
 .UNSPECIFIED.);
#88=B_SPLINE_CURVE_WITH_KNOTS('',3,(#14965,#14966,#14967,#14968,#14969),
 .UNSPECIFIED.,.F.,.F.,(4,1,4),(-0.0146009432585352,-0.00787527592180364,
0.),.UNSPECIFIED.);
#89=B_SPLINE_CURVE_WITH_KNOTS('',3,(#14981,#14982,#14983,#14984,#14985),
 .UNSPECIFIED.,.F.,.F.,(4,1,4),(0.,0.0072656380815099,0.0160401480131642),
 .UNSPECIFIED.);
#90=B_SPLINE_CURVE_WITH_KNOTS('',3,(#14986,#14987,#14988,#14989,#14990),
 .UNSPECIFIED.,.F.,.F.,(4,1,4),(-0.0160401480131642,-0.0072656380815099,
0.),.UNSPECIFIED.);
#91=B_SPLINE_CURVE_WITH_KNOTS('',3,(#15025,#15026,#15027,#15028,#15029),
 .UNSPECIFIED.,.F.,.F.,(4,1,4),(0.,0.0151292238417581,0.0274963245232932),
 .UNSPECIFIED.);
#92=B_SPLINE_CURVE_WITH_KNOTS('',3,(#15031,#15032,#15033,#15034,#15035),
 .UNSPECIFIED.,.F.,.F.,(4,1,4),(-0.0274963245232932,-0.0151292238417581,
0.),.UNSPECIFIED.);
#93=B_SPLINE_CURVE_WITH_KNOTS('',3,(#15048,#15049,#15050,#15051,#15052),
 .UNSPECIFIED.,.F.,.F.,(4,1,4),(0.,0.0117640560391686,0.0252619804890305),
 .UNSPECIFIED.);
#94=B_SPLINE_CURVE_WITH_KNOTS('',3,(#15054,#15055,#15056,#15057,#15058),
 .UNSPECIFIED.,.F.,.F.,(4,1,4),(-0.0252619804890305,-0.0117640560391686,
0.),.UNSPECIFIED.);
#95=B_SPLINE_CURVE_WITH_KNOTS('',3,(#15071,#15072,#15073,#15074,#15075),
 .UNSPECIFIED.,.F.,.F.,(4,1,4),(0.,0.0162375257410942,0.0299101647106486),
 .UNSPECIFIED.);
#96=B_SPLINE_CURVE_WITH_KNOTS('',3,(#15077,#15078,#15079,#15080,#15081),
 .UNSPECIFIED.,.F.,.F.,(4,1,4),(-0.0299101647106486,-0.0162375257410942,
0.),.UNSPECIFIED.);
#97=B_SPLINE_CURVE_WITH_KNOTS('',3,(#15094,#15095,#15096,#15097,#15098),
 .UNSPECIFIED.,.F.,.F.,(4,1,4),(0.,0.0124865983881984,0.0253801985486519),
 .UNSPECIFIED.);
#98=B_SPLINE_CURVE_WITH_KNOTS('',3,(#15100,#15101,#15102,#15103,#15104),
 .UNSPECIFIED.,.F.,.F.,(4,1,4),(-0.0253801985486519,-0.0124865983881984,
0.),.UNSPECIFIED.);
#99=B_SPLINE_CURVE_WITH_KNOTS('',3,(#15117,#15118,#15119,#15120,#15121),
 .UNSPECIFIED.,.F.,.F.,(4,1,4),(0.,0.0136897706671109,0.0284356132942818),
 .UNSPECIFIED.);
#100=B_SPLINE_CURVE_WITH_KNOTS('',3,(#15123,#15124,#15125,#15126,#15127),
 .UNSPECIFIED.,.F.,.F.,(4,1,4),(-0.0284356132942818,-0.0136897706671109,
0.),.UNSPECIFIED.);
#101=B_SPLINE_CURVE_WITH_KNOTS('',3,(#15140,#15141,#15142,#15143,#15144),
 .UNSPECIFIED.,.F.,.F.,(4,1,4),(0.,0.015389610738687,0.0294794217634409),
 .UNSPECIFIED.);
#102=B_SPLINE_CURVE_WITH_KNOTS('',3,(#15146,#15147,#15148,#15149,#15150),
 .UNSPECIFIED.,.F.,.F.,(4,1,4),(-0.0294794217634409,-0.015389610738687,
0.),.UNSPECIFIED.);
#103=B_SPLINE_CURVE_WITH_KNOTS('',3,(#15163,#15164,#15165,#15166,#15167),
 .UNSPECIFIED.,.F.,.F.,(4,1,4),(0.,0.0135357799621052,0.0273657088839514),
 .UNSPECIFIED.);
#104=B_SPLINE_CURVE_WITH_KNOTS('',3,(#15169,#15170,#15171,#15172,#15173),
 .UNSPECIFIED.,.F.,.F.,(4,1,4),(-0.0273657088839514,-0.0135357799621052,
0.),.UNSPECIFIED.);
#105=B_SPLINE_CURVE_WITH_KNOTS('',3,(#15186,#15187,#15188,#15189,#15190),
 .UNSPECIFIED.,.F.,.F.,(4,1,4),(0.,0.0124613313359813,0.0279419007363094),
 .UNSPECIFIED.);
#106=B_SPLINE_CURVE_WITH_KNOTS('',3,(#15192,#15193,#15194,#15195,#15196),
 .UNSPECIFIED.,.F.,.F.,(4,1,4),(-0.0279419007363094,-0.0124613313359813,
0.),.UNSPECIFIED.);
#107=B_SPLINE_CURVE_WITH_KNOTS('',3,(#15209,#15210,#15211,#15212,#15213),
 .UNSPECIFIED.,.F.,.F.,(4,1,4),(0.,0.0144976072261041,0.0250241873156861),
 .UNSPECIFIED.);
#108=B_SPLINE_CURVE_WITH_KNOTS('',3,(#15215,#15216,#15217,#15218,#15219),
 .UNSPECIFIED.,.F.,.F.,(4,1,4),(-0.0250241873156861,-0.0144976072261041,
0.),.UNSPECIFIED.);
#109=B_SPLINE_CURVE_WITH_KNOTS('',3,(#15232,#15233,#15234,#15235,#15236),
 .UNSPECIFIED.,.F.,.F.,(4,1,4),(0.,0.00845792469781918,0.0166805603263088),
 .UNSPECIFIED.);
#110=B_SPLINE_CURVE_WITH_KNOTS('',3,(#15238,#15239,#15240,#15241,#15242),
 .UNSPECIFIED.,.F.,.F.,(4,1,4),(-0.0166805603263088,-0.00845792469781918,
0.),.UNSPECIFIED.);
#111=B_SPLINE_CURVE_WITH_KNOTS('',3,(#15255,#15256,#15257,#15258,#15259),
 .UNSPECIFIED.,.F.,.F.,(4,1,4),(0.,0.0085797068239338,0.0180488268418271),
 .UNSPECIFIED.);
#112=B_SPLINE_CURVE_WITH_KNOTS('',3,(#15261,#15262,#15263,#15264,#15265),
 .UNSPECIFIED.,.F.,.F.,(4,1,4),(-0.0180488268418271,-0.0085797068239338,
0.),.UNSPECIFIED.);
#113=B_SPLINE_CURVE_WITH_KNOTS('',3,(#15284,#15285,#15286,#15287,#15288),
 .UNSPECIFIED.,.F.,.F.,(4,1,4),(0.,0.00558254286787801,0.0108527602373161),
 .UNSPECIFIED.);
#114=B_SPLINE_CURVE_WITH_KNOTS('',3,(#15290,#15291,#15292,#15293,#15294),
 .UNSPECIFIED.,.F.,.F.,(4,1,4),(-0.0108527602373161,-0.00558254286787801,
0.),.UNSPECIFIED.);
#115=B_SPLINE_CURVE_WITH_KNOTS('',3,(#15307,#15308,#15309,#15310,#15311),
 .UNSPECIFIED.,.F.,.F.,(4,1,4),(0.,0.00546469053925274,0.0117172427428765),
 .UNSPECIFIED.);
#116=B_SPLINE_CURVE_WITH_KNOTS('',3,(#15313,#15314,#15315,#15316,#15317),
 .UNSPECIFIED.,.F.,.F.,(4,1,4),(-0.0117172427428765,-0.00546469053925274,
0.),.UNSPECIFIED.);
#117=B_SPLINE_CURVE_WITH_KNOTS('',3,(#15330,#15331,#15332,#15333,#15334),
 .UNSPECIFIED.,.F.,.F.,(4,1,4),(0.,0.00931098628269285,0.0181786583684574),
 .UNSPECIFIED.);
#118=B_SPLINE_CURVE_WITH_KNOTS('',3,(#15336,#15337,#15338,#15339,#15340),
 .UNSPECIFIED.,.F.,.F.,(4,1,4),(-0.0181786583684574,-0.00931098628269285,
0.),.UNSPECIFIED.);
#119=B_SPLINE_CURVE_WITH_KNOTS('',3,(#15353,#15354,#15355,#15356,#15357),
 .UNSPECIFIED.,.F.,.F.,(4,1,4),(0.,0.0101432173133453,0.0234443864847732),
 .UNSPECIFIED.);
#120=B_SPLINE_CURVE_WITH_KNOTS('',3,(#15359,#15360,#15361,#15362,#15363),
 .UNSPECIFIED.,.F.,.F.,(4,1,4),(-0.0234443864847732,-0.0101432173133453,
0.),.UNSPECIFIED.);
#121=B_SPLINE_CURVE_WITH_KNOTS('',3,(#15376,#15377,#15378,#15379,#15380),
 .UNSPECIFIED.,.F.,.F.,(4,1,4),(0.,0.0139979287091237,0.0243320145117678),
 .UNSPECIFIED.);
#122=B_SPLINE_CURVE_WITH_KNOTS('',3,(#15382,#15383,#15384,#15385,#15386),
 .UNSPECIFIED.,.F.,.F.,(4,1,4),(-0.0243320145117678,-0.0139979287091237,
0.),.UNSPECIFIED.);
#123=B_SPLINE_CURVE_WITH_KNOTS('',3,(#15399,#15400,#15401,#15402,#15403),
 .UNSPECIFIED.,.F.,.F.,(4,1,4),(0.,0.00900008891218563,0.0188748210648391),
 .UNSPECIFIED.);
#124=B_SPLINE_CURVE_WITH_KNOTS('',3,(#15405,#15406,#15407,#15408,#15409),
 .UNSPECIFIED.,.F.,.F.,(4,1,4),(-0.0188748210648391,-0.00900008891218563,
0.),.UNSPECIFIED.);
#125=B_SPLINE_CURVE_WITH_KNOTS('',3,(#15422,#15423,#15424,#15425,#15426),
 .UNSPECIFIED.,.F.,.F.,(4,1,4),(0.,0.00507868000282086,0.010034240505445),
 .UNSPECIFIED.);
#126=B_SPLINE_CURVE_WITH_KNOTS('',3,(#15428,#15429,#15430,#15431,#15432),
 .UNSPECIFIED.,.F.,.F.,(4,1,4),(-0.010034240505445,-0.00507868000282086,
0.),.UNSPECIFIED.);
#127=B_SPLINE_CURVE_WITH_KNOTS('',3,(#15445,#15446,#15447,#15448,#15449),
 .UNSPECIFIED.,.F.,.F.,(4,1,4),(0.,0.00544040378097487,0.0119487570430054),
 .UNSPECIFIED.);
#128=B_SPLINE_CURVE_WITH_KNOTS('',3,(#15451,#15452,#15453,#15454,#15455),
 .UNSPECIFIED.,.F.,.F.,(4,1,4),(-0.0119487570430054,-0.00544040378097487,
0.),.UNSPECIFIED.);
#129=B_SPLINE_CURVE_WITH_KNOTS('',3,(#15556,#15557,#15558,#15559,#15560),
 .UNSPECIFIED.,.F.,.F.,(4,1,4),(0.,0.0083047198519891,0.0140202676722399),
 .UNSPECIFIED.);
#130=B_SPLINE_CURVE_WITH_KNOTS('',3,(#15562,#15563,#15564,#15565,#15566),
 .UNSPECIFIED.,.F.,.F.,(4,1,4),(-0.0140202676722399,-0.0083047198519891,
0.),.UNSPECIFIED.);
#131=B_SPLINE_CURVE_WITH_KNOTS('',3,(#15579,#15580,#15581,#15582,#15583),
 .UNSPECIFIED.,.F.,.F.,(4,1,4),(0.,0.00470347560195193,0.0100146637300412),
 .UNSPECIFIED.);
#132=B_SPLINE_CURVE_WITH_KNOTS('',3,(#15585,#15586,#15587,#15588,#15589),
 .UNSPECIFIED.,.F.,.F.,(4,1,4),(-0.0100146637300412,-0.00470347560195193,
0.),.UNSPECIFIED.);
#133=B_SPLINE_CURVE_WITH_KNOTS('',3,(#15602,#15603,#15604,#15605,#15606),
 .UNSPECIFIED.,.F.,.F.,(4,1,4),(0.,0.00725459480186349,0.0176221205211035),
 .UNSPECIFIED.);
#134=B_SPLINE_CURVE_WITH_KNOTS('',3,(#15608,#15609,#15610,#15611,#15612),
 .UNSPECIFIED.,.F.,.F.,(4,1,4),(-0.0176221205211035,-0.00725459480186349,
0.),.UNSPECIFIED.);
#135=B_SPLINE_CURVE_WITH_KNOTS('',3,(#15625,#15626,#15627,#15628,#15629),
 .UNSPECIFIED.,.F.,.F.,(4,1,4),(0.,0.0134493482947331,0.0226811846159319),
 .UNSPECIFIED.);
#136=B_SPLINE_CURVE_WITH_KNOTS('',3,(#15631,#15632,#15633,#15634,#15635),
 .UNSPECIFIED.,.F.,.F.,(4,1,4),(-0.0226811846159319,-0.0134493482947331,
0.),.UNSPECIFIED.);
#137=B_SPLINE_CURVE_WITH_KNOTS('',3,(#15648,#15649,#15650,#15651,#15652),
 .UNSPECIFIED.,.F.,.F.,(4,1,4),(0.,0.00817451391468878,0.018578528859335),
 .UNSPECIFIED.);
#138=B_SPLINE_CURVE_WITH_KNOTS('',3,(#15654,#15655,#15656,#15657,#15658),
 .UNSPECIFIED.,.F.,.F.,(4,1,4),(-0.018578528859335,-0.00817451391468878,
0.),.UNSPECIFIED.);
#139=B_SPLINE_CURVE_WITH_KNOTS('',3,(#15683,#15684,#15685,#15686,#15687),
 .UNSPECIFIED.,.F.,.F.,(4,1,4),(0.,0.0122957741354921,0.0223190693205413),
 .UNSPECIFIED.);
#140=B_SPLINE_CURVE_WITH_KNOTS('',3,(#15689,#15690,#15691,#15692,#15693),
 .UNSPECIFIED.,.F.,.F.,(4,1,4),(-0.0223190693205413,-0.0122957741354921,
0.),.UNSPECIFIED.);
#141=B_SPLINE_CURVE_WITH_KNOTS('',3,(#15706,#15707,#15708,#15709,#15710),
 .UNSPECIFIED.,.F.,.F.,(4,1,4),(0.,0.00887374066908593,0.0175561136599277),
 .UNSPECIFIED.);
#142=B_SPLINE_CURVE_WITH_KNOTS('',3,(#15712,#15713,#15714,#15715,#15716),
 .UNSPECIFIED.,.F.,.F.,(4,1,4),(-0.0175561136599277,-0.00887374066908593,
0.),.UNSPECIFIED.);
#143=B_SPLINE_CURVE_WITH_KNOTS('',3,(#15729,#15730,#15731,#15732,#15733),
 .UNSPECIFIED.,.F.,.F.,(4,1,4),(0.,0.00881412882406205,0.017971451885732),
 .UNSPECIFIED.);
#144=B_SPLINE_CURVE_WITH_KNOTS('',3,(#15735,#15736,#15737,#15738,#15739),
 .UNSPECIFIED.,.F.,.F.,(4,1,4),(-0.017971451885732,-0.00881412882406205,
0.),.UNSPECIFIED.);
#145=B_SPLINE_CURVE_WITH_KNOTS('',3,(#15752,#15753,#15754,#15755,#15756),
 .UNSPECIFIED.,.F.,.F.,(4,1,4),(0.,0.00959184356226027,0.0195698277474448),
 .UNSPECIFIED.);
#146=B_SPLINE_CURVE_WITH_KNOTS('',3,(#15758,#15759,#15760,#15761,#15762),
 .UNSPECIFIED.,.F.,.F.,(4,1,4),(-0.0195698277474448,-0.00959184356226027,
0.),.UNSPECIFIED.);
#147=B_SPLINE_CURVE_WITH_KNOTS('',3,(#15775,#15776,#15777,#15778,#15779),
 .UNSPECIFIED.,.F.,.F.,(4,1,4),(0.,0.0142691772901589,0.0252796196228671),
 .UNSPECIFIED.);
#148=B_SPLINE_CURVE_WITH_KNOTS('',3,(#15781,#15782,#15783,#15784,#15785),
 .UNSPECIFIED.,.F.,.F.,(4,1,4),(-0.0252796196228671,-0.0142691772901589,
0.),.UNSPECIFIED.);
#149=B_SPLINE_CURVE_WITH_KNOTS('',3,(#15798,#15799,#15800,#15801,#15802),
 .UNSPECIFIED.,.F.,.F.,(4,1,4),(0.,0.00918567028653485,0.0180253039822009),
 .UNSPECIFIED.);
#150=B_SPLINE_CURVE_WITH_KNOTS('',3,(#15804,#15805,#15806,#15807,#15808),
 .UNSPECIFIED.,.F.,.F.,(4,1,4),(-0.0180253039822009,-0.00918567028653485,
0.),.UNSPECIFIED.);
#151=B_SPLINE_CURVE_WITH_KNOTS('',3,(#15821,#15822,#15823,#15824,#15825),
 .UNSPECIFIED.,.F.,.F.,(4,1,4),(0.,0.00834276446689563,0.0161269575844329),
 .UNSPECIFIED.);
#152=B_SPLINE_CURVE_WITH_KNOTS('',3,(#15827,#15828,#15829,#15830,#15831),
 .UNSPECIFIED.,.F.,.F.,(4,1,4),(-0.0161269575844329,-0.00834276446689563,
0.),.UNSPECIFIED.);
#153=B_SPLINE_CURVE_WITH_KNOTS('',3,(#15844,#15845,#15846,#15847,#15848),
 .UNSPECIFIED.,.F.,.F.,(4,1,4),(0.,0.00990000819009412,0.0186578594434907),
 .UNSPECIFIED.);
#154=B_SPLINE_CURVE_WITH_KNOTS('',3,(#15850,#15851,#15852,#15853,#15854),
 .UNSPECIFIED.,.F.,.F.,(4,1,4),(-0.0186578594434907,-0.00990000819009412,
0.),.UNSPECIFIED.);
#155=B_SPLINE_CURVE_WITH_KNOTS('',3,(#15887,#15888,#15889,#15890,#15891),
 .UNSPECIFIED.,.F.,.F.,(4,1,4),(0.,0.0110280963618294,0.0209982196991577),
 .UNSPECIFIED.);
#156=B_SPLINE_CURVE_WITH_KNOTS('',3,(#15893,#15894,#15895,#15896,#15897),
 .UNSPECIFIED.,.F.,.F.,(4,1,4),(-0.0209982196991577,-0.0110280963618294,
0.),.UNSPECIFIED.);
#157=B_SPLINE_CURVE_WITH_KNOTS('',3,(#15910,#15911,#15912,#15913,#15914),
 .UNSPECIFIED.,.F.,.F.,(4,1,4),(0.,0.00939390034547836,0.0187497076694079),
 .UNSPECIFIED.);
#158=B_SPLINE_CURVE_WITH_KNOTS('',3,(#15916,#15917,#15918,#15919,#15920),
 .UNSPECIFIED.,.F.,.F.,(4,1,4),(-0.0187497076694079,-0.00939390034547836,
0.),.UNSPECIFIED.);
#159=B_SPLINE_CURVE_WITH_KNOTS('',3,(#15933,#15934,#15935,#15936,#15937),
 .UNSPECIFIED.,.F.,.F.,(4,1,4),(0.,0.0102790592608818,0.0225617917401181),
 .UNSPECIFIED.);
#160=B_SPLINE_CURVE_WITH_KNOTS('',3,(#15939,#15940,#15941,#15942,#15943),
 .UNSPECIFIED.,.F.,.F.,(4,1,4),(-0.0225617917401181,-0.0102790592608818,
0.),.UNSPECIFIED.);
#161=B_SPLINE_CURVE_WITH_KNOTS('',3,(#15956,#15957,#15958,#15959,#15960),
 .UNSPECIFIED.,.F.,.F.,(4,1,4),(0.,0.0148658759297647,0.0272323804891185),
 .UNSPECIFIED.);
#162=B_SPLINE_CURVE_WITH_KNOTS('',3,(#15962,#15963,#15964,#15965,#15966),
 .UNSPECIFIED.,.F.,.F.,(4,1,4),(-0.0272323804891185,-0.0148658759297647,
0.),.UNSPECIFIED.);
#163=B_SPLINE_CURVE_WITH_KNOTS('',3,(#15979,#15980,#15981,#15982,#15983),
 .UNSPECIFIED.,.F.,.F.,(4,1,4),(0.,0.011631157757458,0.0246786620208322),
 .UNSPECIFIED.);
#164=B_SPLINE_CURVE_WITH_KNOTS('',3,(#15985,#15986,#15987,#15988,#15989),
 .UNSPECIFIED.,.F.,.F.,(4,1,4),(-0.0246786620208322,-0.011631157757458,
0.),.UNSPECIFIED.);
#165=B_SPLINE_CURVE_WITH_KNOTS('',3,(#16002,#16003,#16004,#16005,#16006),
 .UNSPECIFIED.,.F.,.F.,(4,1,4),(0.,0.0147261492024677,0.0317805178577486),
 .UNSPECIFIED.);
#166=B_SPLINE_CURVE_WITH_KNOTS('',3,(#16008,#16009,#16010,#16011,#16012),
 .UNSPECIFIED.,.F.,.F.,(4,1,4),(-0.0317805178577486,-0.0147261492024677,
0.),.UNSPECIFIED.);
#167=B_SPLINE_CURVE_WITH_KNOTS('',3,(#16025,#16026,#16027,#16028,#16029),
 .UNSPECIFIED.,.F.,.F.,(4,1,4),(0.,0.0221928891906999,0.041150673883693),
 .UNSPECIFIED.);
#168=B_SPLINE_CURVE_WITH_KNOTS('',3,(#16031,#16032,#16033,#16034,#16035),
 .UNSPECIFIED.,.F.,.F.,(4,1,4),(-0.041150673883693,-0.0221928891906999,
0.),.UNSPECIFIED.);
#169=B_SPLINE_CURVE_WITH_KNOTS('',3,(#16048,#16049,#16050,#16051,#16052),
 .UNSPECIFIED.,.F.,.F.,(4,1,4),(0.,0.0188500746973527,0.040528125251112),
 .UNSPECIFIED.);
#170=B_SPLINE_CURVE_WITH_KNOTS('',3,(#16054,#16055,#16056,#16057,#16058),
 .UNSPECIFIED.,.F.,.F.,(4,1,4),(-0.040528125251112,-0.0188500746973527,
0.),.UNSPECIFIED.);
#171=B_SPLINE_CURVE_WITH_KNOTS('',3,(#16071,#16072,#16073,#16074,#16075),
 .UNSPECIFIED.,.F.,.F.,(4,1,4),(0.,0.0169734440793448,0.031003747653084),
 .UNSPECIFIED.);
#172=B_SPLINE_CURVE_WITH_KNOTS('',3,(#16077,#16078,#16079,#16080,#16081),
 .UNSPECIFIED.,.F.,.F.,(4,1,4),(-0.031003747653084,-0.0169734440793448,
0.),.UNSPECIFIED.);
#173=B_SPLINE_CURVE_WITH_KNOTS('',3,(#16094,#16095,#16096,#16097,#16098),
 .UNSPECIFIED.,.F.,.F.,(4,1,4),(0.,0.0135306130459803,0.0288307191368836),
 .UNSPECIFIED.);
#174=B_SPLINE_CURVE_WITH_KNOTS('',3,(#16100,#16101,#16102,#16103,#16104),
 .UNSPECIFIED.,.F.,.F.,(4,1,4),(-0.0288307191368836,-0.0135306130459803,
0.),.UNSPECIFIED.);
#175=B_SPLINE_CURVE_WITH_KNOTS('',3,(#16123,#16124,#16125,#16126,#16127),
 .UNSPECIFIED.,.F.,.F.,(4,1,4),(0.,0.00421941494363235,0.00734997576808006),
 .UNSPECIFIED.);
#176=B_SPLINE_CURVE_WITH_KNOTS('',3,(#16129,#16130,#16131,#16132,#16133),
 .UNSPECIFIED.,.F.,.F.,(4,1,4),(-0.00734997576808006,-0.00421941494363235,
0.),.UNSPECIFIED.);
#177=B_SPLINE_CURVE_WITH_KNOTS('',3,(#16146,#16147,#16148,#16149,#16150),
 .UNSPECIFIED.,.F.,.F.,(4,1,4),(0.,0.00426046756987945,0.00842735486686113),
 .UNSPECIFIED.);
#178=B_SPLINE_CURVE_WITH_KNOTS('',3,(#16152,#16153,#16154,#16155,#16156),
 .UNSPECIFIED.,.F.,.F.,(4,1,4),(-0.00842735486686113,-0.00426046756987945,
0.),.UNSPECIFIED.);
#179=B_SPLINE_CURVE_WITH_KNOTS('',3,(#16169,#16170,#16171,#16172,#16173),
 .UNSPECIFIED.,.F.,.F.,(4,1,4),(0.,0.00422370922163961,0.008666238338468),
 .UNSPECIFIED.);
#180=B_SPLINE_CURVE_WITH_KNOTS('',3,(#16175,#16176,#16177,#16178,#16179),
 .UNSPECIFIED.,.F.,.F.,(4,1,4),(-0.008666238338468,-0.00422370922163961,
0.),.UNSPECIFIED.);
#181=B_SPLINE_CURVE_WITH_KNOTS('',3,(#16192,#16193,#16194,#16195,#16196),
 .UNSPECIFIED.,.F.,.F.,(4,1,4),(0.,0.00951489095033037,0.0188301229807366),
 .UNSPECIFIED.);
#182=B_SPLINE_CURVE_WITH_KNOTS('',3,(#16198,#16199,#16200,#16201,#16202),
 .UNSPECIFIED.,.F.,.F.,(4,1,4),(-0.0188301229807366,-0.00951489095033037,
0.),.UNSPECIFIED.);
#183=B_SPLINE_CURVE_WITH_KNOTS('',3,(#16215,#16216,#16217,#16218,#16219),
 .UNSPECIFIED.,.F.,.F.,(4,1,4),(0.,0.00866741507143247,0.0203626487455714),
 .UNSPECIFIED.);
#184=B_SPLINE_CURVE_WITH_KNOTS('',3,(#16221,#16222,#16223,#16224,#16225),
 .UNSPECIFIED.,.F.,.F.,(4,1,4),(-0.0203626487455714,-0.00866741507143247,
0.),.UNSPECIFIED.);
#185=B_SPLINE_CURVE_WITH_KNOTS('',3,(#16238,#16239,#16240,#16241,#16242),
 .UNSPECIFIED.,.F.,.F.,(4,1,4),(0.,0.0140913969911993,0.0236863581907732),
 .UNSPECIFIED.);
#186=B_SPLINE_CURVE_WITH_KNOTS('',3,(#16244,#16245,#16246,#16247,#16248),
 .UNSPECIFIED.,.F.,.F.,(4,1,4),(-0.0236863581907732,-0.0140913969911993,
0.),.UNSPECIFIED.);
#187=B_SPLINE_CURVE_WITH_KNOTS('',3,(#16261,#16262,#16263,#16264,#16265),
 .UNSPECIFIED.,.F.,.F.,(4,1,4),(0.,0.00761948492694292,0.0158806249048984),
 .UNSPECIFIED.);
#188=B_SPLINE_CURVE_WITH_KNOTS('',3,(#16267,#16268,#16269,#16270,#16271),
 .UNSPECIFIED.,.F.,.F.,(4,1,4),(-0.0158806249048984,-0.00761948492694292,
0.),.UNSPECIFIED.);
#189=B_SPLINE_CURVE_WITH_KNOTS('',3,(#16284,#16285,#16286,#16287,#16288),
 .UNSPECIFIED.,.F.,.F.,(4,1,4),(0.,0.00787527592180364,0.014600918473111),
 .UNSPECIFIED.);
#190=B_SPLINE_CURVE_WITH_KNOTS('',3,(#16290,#16291,#16292,#16293,#16294),
 .UNSPECIFIED.,.F.,.F.,(4,1,4),(-0.014600918473111,-0.00787527592180364,
0.),.UNSPECIFIED.);
#191=B_SPLINE_CURVE_WITH_KNOTS('',3,(#16306,#16307,#16308,#16309,#16310),
 .UNSPECIFIED.,.F.,.F.,(4,1,4),(0.,0.00726565423972418,0.0160401641713785),
 .UNSPECIFIED.);
#192=B_SPLINE_CURVE_WITH_KNOTS('',3,(#16311,#16312,#16313,#16314,#16315),
 .UNSPECIFIED.,.F.,.F.,(4,1,4),(-0.0160401641713785,-0.00726565423972418,
0.),.UNSPECIFIED.);
#193=B_SPLINE_CURVE_WITH_KNOTS('',3,(#16374,#16375,#16376,#16377,#16378),
 .UNSPECIFIED.,.F.,.F.,(4,1,4),(0.,0.0130865144780427,0.0227886505132674),
 .UNSPECIFIED.);
#194=B_SPLINE_CURVE_WITH_KNOTS('',3,(#16382,#16383,#16384,#16385,#16386),
 .UNSPECIFIED.,.F.,.F.,(4,1,4),(-0.0227886505132674,-0.0130865144780427,
0.),.UNSPECIFIED.);
#195=B_SPLINE_CURVE_WITH_KNOTS('',3,(#16399,#16400,#16401,#16402,#16403),
 .UNSPECIFIED.,.F.,.F.,(4,1,4),(0.,0.00831179623573194,0.0171480830300864),
 .UNSPECIFIED.);
#196=B_SPLINE_CURVE_WITH_KNOTS('',3,(#16405,#16406,#16407,#16408,#16409),
 .UNSPECIFIED.,.F.,.F.,(4,1,4),(-0.0171480830300864,-0.00831179623573194,
0.),.UNSPECIFIED.);
#197=B_SPLINE_CURVE_WITH_KNOTS('',3,(#16422,#16423,#16424,#16425,#16426),
 .UNSPECIFIED.,.F.,.F.,(4,1,4),(0.,0.00898088589831457,0.0171632484849998),
 .UNSPECIFIED.);
#198=B_SPLINE_CURVE_WITH_KNOTS('',3,(#16428,#16429,#16430,#16431,#16432),
 .UNSPECIFIED.,.F.,.F.,(4,1,4),(-0.0171632484849998,-0.00898088589831457,
0.),.UNSPECIFIED.);
#199=B_SPLINE_CURVE_WITH_KNOTS('',3,(#16445,#16446,#16447,#16448,#16449),
 .UNSPECIFIED.,.F.,.F.,(4,1,4),(0.,0.00993722421259681,0.0242079064517909),
 .UNSPECIFIED.);
#200=B_SPLINE_CURVE_WITH_KNOTS('',3,(#16451,#16452,#16453,#16454,#16455),
 .UNSPECIFIED.,.F.,.F.,(4,1,4),(-0.0242079064517909,-0.00993722421259681,
0.),.UNSPECIFIED.);
#201=B_SPLINE_CURVE_WITH_KNOTS('',3,(#16468,#16469,#16470,#16471,#16472),
 .UNSPECIFIED.,.F.,.F.,(4,1,4),(0.,0.0122938422867283,0.0217205438383628),
 .UNSPECIFIED.);
#202=B_SPLINE_CURVE_WITH_KNOTS('',3,(#16474,#16475,#16476,#16477,#16478),
 .UNSPECIFIED.,.F.,.F.,(4,1,4),(-0.0217205438383628,-0.0122938422867283,
0.),.UNSPECIFIED.);
#203=B_SPLINE_CURVE_WITH_KNOTS('',3,(#16491,#16492,#16493,#16494,#16495),
 .UNSPECIFIED.,.F.,.F.,(4,1,4),(0.,0.00829509508229797,0.0171784636127418),
 .UNSPECIFIED.);
#204=B_SPLINE_CURVE_WITH_KNOTS('',3,(#16497,#16498,#16499,#16500,#16501),
 .UNSPECIFIED.,.F.,.F.,(4,1,4),(-0.0171784636127418,-0.00829509508229797,
0.),.UNSPECIFIED.);
#205=B_SPLINE_CURVE_WITH_KNOTS('',3,(#16514,#16515,#16516,#16517,#16518),
 .UNSPECIFIED.,.F.,.F.,(4,1,4),(0.,0.00858514902038849,0.0168286979470427),
 .UNSPECIFIED.);
#206=B_SPLINE_CURVE_WITH_KNOTS('',3,(#16520,#16521,#16522,#16523,#16524),
 .UNSPECIFIED.,.F.,.F.,(4,1,4),(-0.0168286979470427,-0.00858514902038849,
0.),.UNSPECIFIED.);
#207=B_SPLINE_CURVE_WITH_KNOTS('',3,(#16536,#16537,#16538,#16539,#16540),
 .UNSPECIFIED.,.F.,.F.,(4,1,4),(0.,0.00975506107652265,0.0229451404891109),
 .UNSPECIFIED.);
#208=B_SPLINE_CURVE_WITH_KNOTS('',3,(#16541,#16542,#16543,#16544,#16545),
 .UNSPECIFIED.,.F.,.F.,(4,1,4),(-0.0229451404891109,-0.00975506107652265,
0.),.UNSPECIFIED.);
#209=B_SPLINE_CURVE_WITH_KNOTS('',3,(#16558,#16559,#16560,#16561,#16562),
 .UNSPECIFIED.,.F.,.F.,(4,1,4),(0.,0.0220424154570832,0.041333513023224),
 .UNSPECIFIED.);
#210=B_SPLINE_CURVE_WITH_KNOTS('',3,(#16566,#16567,#16568,#16569,#16570),
 .UNSPECIFIED.,.F.,.F.,(4,1,4),(-0.041333513023224,-0.0220424154570832,
0.),.UNSPECIFIED.);
#211=B_SPLINE_CURVE_WITH_KNOTS('',3,(#16583,#16584,#16585,#16586,#16587),
 .UNSPECIFIED.,.F.,.F.,(4,1,4),(0.,0.019262190368511,0.0412035102511402),
 .UNSPECIFIED.);
#212=B_SPLINE_CURVE_WITH_KNOTS('',3,(#16589,#16590,#16591,#16592,#16593),
 .UNSPECIFIED.,.F.,.F.,(4,1,4),(-0.0412035102511402,-0.019262190368511,
0.),.UNSPECIFIED.);
#213=B_SPLINE_CURVE_WITH_KNOTS('',3,(#16606,#16607,#16608,#16609,#16610),
 .UNSPECIFIED.,.F.,.F.,(4,1,4),(0.,0.0223548428482457,0.0415794893194875),
 .UNSPECIFIED.);
#214=B_SPLINE_CURVE_WITH_KNOTS('',3,(#16612,#16613,#16614,#16615,#16616),
 .UNSPECIFIED.,.F.,.F.,(4,1,4),(-0.0415794893194875,-0.0223548428482457,
0.),.UNSPECIFIED.);
#215=B_SPLINE_CURVE_WITH_KNOTS('',3,(#16629,#16630,#16631,#16632,#16633),
 .UNSPECIFIED.,.F.,.F.,(4,1,4),(0.,0.0189911778863551,0.0407082155232991),
 .UNSPECIFIED.);
#216=B_SPLINE_CURVE_WITH_KNOTS('',3,(#16635,#16636,#16637,#16638,#16639),
 .UNSPECIFIED.,.F.,.F.,(4,1,4),(-0.0407082155232991,-0.0189911778863551,
0.),.UNSPECIFIED.);
#217=B_SPLINE_CURVE_WITH_KNOTS('',3,(#16652,#16653,#16654,#16655,#16656),
 .UNSPECIFIED.,.F.,.F.,(4,1,4),(0.,0.0160305975859091,0.0296050446398299),
 .UNSPECIFIED.);
#218=B_SPLINE_CURVE_WITH_KNOTS('',3,(#16658,#16659,#16660,#16661,#16662),
 .UNSPECIFIED.,.F.,.F.,(4,1,4),(-0.0296050446398299,-0.0160305975859091,
0.),.UNSPECIFIED.);
#219=B_SPLINE_CURVE_WITH_KNOTS('',3,(#16675,#16676,#16677,#16678,#16679),
 .UNSPECIFIED.,.F.,.F.,(4,1,4),(0.,0.0122870527553827,0.0246748306435271),
 .UNSPECIFIED.);
#220=B_SPLINE_CURVE_WITH_KNOTS('',3,(#16681,#16682,#16683,#16684,#16685),
 .UNSPECIFIED.,.F.,.F.,(4,1,4),(-0.0246748306435271,-0.0122870527553827,
0.),.UNSPECIFIED.);
#221=B_SPLINE_CURVE_WITH_KNOTS('',3,(#16698,#16699,#16700,#16701,#16702),
 .UNSPECIFIED.,.F.,.F.,(4,1,4),(0.,0.0133388290671648,0.0286801220622562),
 .UNSPECIFIED.);
#222=B_SPLINE_CURVE_WITH_KNOTS('',3,(#16704,#16705,#16706,#16707,#16708),
 .UNSPECIFIED.,.F.,.F.,(4,1,4),(-0.0286801220622562,-0.0133388290671648,
0.),.UNSPECIFIED.);
#223=B_SPLINE_CURVE_WITH_KNOTS('',3,(#16721,#16722,#16723,#16724,#16725),
 .UNSPECIFIED.,.F.,.F.,(4,1,4),(0.,0.0155258308638534,0.028727892090638),
 .UNSPECIFIED.);
#224=B_SPLINE_CURVE_WITH_KNOTS('',3,(#16727,#16728,#16729,#16730,#16731),
 .UNSPECIFIED.,.F.,.F.,(4,1,4),(-0.028727892090638,-0.0155258308638534,
0.),.UNSPECIFIED.);
#225=B_SPLINE_CURVE_WITH_KNOTS('',3,(#16744,#16745,#16746,#16747,#16748),
 .UNSPECIFIED.,.F.,.F.,(4,1,4),(0.,0.0121907498265994,0.0250281861886513),
 .UNSPECIFIED.);
#226=B_SPLINE_CURVE_WITH_KNOTS('',3,(#16750,#16751,#16752,#16753,#16754),
 .UNSPECIFIED.,.F.,.F.,(4,1,4),(-0.0250281861886513,-0.0121907498265994,
0.),.UNSPECIFIED.);
#227=B_SPLINE_CURVE_WITH_KNOTS('',3,(#16766,#16767,#16768,#16769,#16770),
 .UNSPECIFIED.,.F.,.F.,(4,1,4),(0.,0.0141110376375293,0.0302672305432891),
 .UNSPECIFIED.);
#228=B_SPLINE_CURVE_WITH_KNOTS('',3,(#16771,#16772,#16773,#16774,#16775),
 .UNSPECIFIED.,.F.,.F.,(4,1,4),(-0.0302672305432891,-0.0141110376375293,
0.),.UNSPECIFIED.);
#229=B_SPLINE_CURVE_WITH_KNOTS('',3,(#16836,#16837,#16838,#16839,#16840),
 .UNSPECIFIED.,.F.,.F.,(4,1,4),(0.,0.0110280963618294,0.0209982159015313),
 .UNSPECIFIED.);
#230=B_SPLINE_CURVE_WITH_KNOTS('',3,(#16842,#16843,#16844,#16845,#16846),
 .UNSPECIFIED.,.F.,.F.,(4,1,4),(-0.0209982159015313,-0.0110280963618294,
0.),.UNSPECIFIED.);
#231=B_SPLINE_CURVE_WITH_KNOTS('',3,(#16859,#16860,#16861,#16862,#16863),
 .UNSPECIFIED.,.F.,.F.,(4,1,4),(0.,0.00939390556627807,0.0187497128902077),
 .UNSPECIFIED.);
#232=B_SPLINE_CURVE_WITH_KNOTS('',3,(#16865,#16866,#16867,#16868,#16869),
 .UNSPECIFIED.,.F.,.F.,(4,1,4),(-0.0187497128902077,-0.00939390556627807,
0.),.UNSPECIFIED.);
#233=B_SPLINE_CURVE_WITH_KNOTS('',3,(#16882,#16883,#16884,#16885,#16886),
 .UNSPECIFIED.,.F.,.F.,(4,1,4),(0.,0.0102790664053566,0.0225617914573798),
 .UNSPECIFIED.);
#234=B_SPLINE_CURVE_WITH_KNOTS('',3,(#16888,#16889,#16890,#16891,#16892),
 .UNSPECIFIED.,.F.,.F.,(4,1,4),(-0.0225617914573798,-0.0102790664053566,
0.),.UNSPECIFIED.);
#235=B_SPLINE_CURVE_WITH_KNOTS('',3,(#16905,#16906,#16907,#16908,#16909),
 .UNSPECIFIED.,.F.,.F.,(4,1,4),(0.,0.0148658759297647,0.0272323804891185),
 .UNSPECIFIED.);
#236=B_SPLINE_CURVE_WITH_KNOTS('',3,(#16911,#16912,#16913,#16914,#16915),
 .UNSPECIFIED.,.F.,.F.,(4,1,4),(-0.0272323804891185,-0.0148658759297647,
0.),.UNSPECIFIED.);
#237=B_SPLINE_CURVE_WITH_KNOTS('',3,(#16928,#16929,#16930,#16931,#16932),
 .UNSPECIFIED.,.F.,.F.,(4,1,4),(0.,0.011631157757458,0.0246786590933517),
 .UNSPECIFIED.);
#238=B_SPLINE_CURVE_WITH_KNOTS('',3,(#16934,#16935,#16936,#16937,#16938),
 .UNSPECIFIED.,.F.,.F.,(4,1,4),(-0.0246786590933517,-0.011631157757458,
0.),.UNSPECIFIED.);
#239=B_SPLINE_CURVE_WITH_KNOTS('',3,(#16951,#16952,#16953,#16954,#16955),
 .UNSPECIFIED.,.F.,.F.,(4,1,4),(0.,0.0147261492024677,0.0317805184211596),
 .UNSPECIFIED.);
#240=B_SPLINE_CURVE_WITH_KNOTS('',3,(#16957,#16958,#16959,#16960,#16961),
 .UNSPECIFIED.,.F.,.F.,(4,1,4),(-0.0317805184211596,-0.0147261492024677,
0.),.UNSPECIFIED.);
#241=B_SPLINE_CURVE_WITH_KNOTS('',3,(#16974,#16975,#16976,#16977,#16978),
 .UNSPECIFIED.,.F.,.F.,(4,1,4),(0.,0.0221928898122295,0.0411506735350987),
 .UNSPECIFIED.);
#242=B_SPLINE_CURVE_WITH_KNOTS('',3,(#16980,#16981,#16982,#16983,#16984),
 .UNSPECIFIED.,.F.,.F.,(4,1,4),(-0.0411506735350987,-0.0221928898122295,
0.),.UNSPECIFIED.);
#243=B_SPLINE_CURVE_WITH_KNOTS('',3,(#16997,#16998,#16999,#17000,#17001),
 .UNSPECIFIED.,.F.,.F.,(4,1,4),(0.,0.0188500794290841,0.0405281299828434),
 .UNSPECIFIED.);
#244=B_SPLINE_CURVE_WITH_KNOTS('',3,(#17003,#17004,#17005,#17006,#17007),
 .UNSPECIFIED.,.F.,.F.,(4,1,4),(-0.0405281299828434,-0.0188500794290841,
0.),.UNSPECIFIED.);
#245=B_SPLINE_CURVE_WITH_KNOTS('',3,(#17020,#17021,#17022,#17023,#17024),
 .UNSPECIFIED.,.F.,.F.,(4,1,4),(0.,0.0169734292728252,0.0310037328465645),
 .UNSPECIFIED.);
#246=B_SPLINE_CURVE_WITH_KNOTS('',3,(#17026,#17027,#17028,#17029,#17030),
 .UNSPECIFIED.,.F.,.F.,(4,1,4),(-0.0310037328465645,-0.0169734292728252,
0.),.UNSPECIFIED.);
#247=B_SPLINE_CURVE_WITH_KNOTS('',3,(#17043,#17044,#17045,#17046,#17047),
 .UNSPECIFIED.,.F.,.F.,(4,1,4),(0.,0.0135306182481949,0.0288307243390982),
 .UNSPECIFIED.);
#248=B_SPLINE_CURVE_WITH_KNOTS('',3,(#17049,#17050,#17051,#17052,#17053),
 .UNSPECIFIED.,.F.,.F.,(4,1,4),(-0.0288307243390982,-0.0135306182481949,
0.),.UNSPECIFIED.);
#249=B_SPLINE_CURVE_WITH_KNOTS('',3,(#17072,#17073,#17074,#17075,#17076),
 .UNSPECIFIED.,.F.,.F.,(4,1,4),(0.,0.00421941494363235,0.00734997576808006),
 .UNSPECIFIED.);
#250=B_SPLINE_CURVE_WITH_KNOTS('',3,(#17078,#17079,#17080,#17081,#17082),
 .UNSPECIFIED.,.F.,.F.,(4,1,4),(-0.00734997576808006,-0.00421941494363235,
0.),.UNSPECIFIED.);
#251=B_SPLINE_CURVE_WITH_KNOTS('',3,(#17095,#17096,#17097,#17098,#17099),
 .UNSPECIFIED.,.F.,.F.,(4,1,4),(0.,0.00426046756987945,0.00842734867699593),
 .UNSPECIFIED.);
#252=B_SPLINE_CURVE_WITH_KNOTS('',3,(#17101,#17102,#17103,#17104,#17105),
 .UNSPECIFIED.,.F.,.F.,(4,1,4),(-0.00842734867699593,-0.00426046756987945,
0.),.UNSPECIFIED.);
#253=B_SPLINE_CURVE_WITH_KNOTS('',3,(#17118,#17119,#17120,#17121,#17122),
 .UNSPECIFIED.,.F.,.F.,(4,1,4),(0.,0.00422372323964642,0.00866624494905543),
 .UNSPECIFIED.);
#254=B_SPLINE_CURVE_WITH_KNOTS('',3,(#17124,#17125,#17126,#17127,#17128),
 .UNSPECIFIED.,.F.,.F.,(4,1,4),(-0.00866624494905543,-0.00422372323964642,
0.),.UNSPECIFIED.);
#255=B_SPLINE_CURVE_WITH_KNOTS('',3,(#17141,#17142,#17143,#17144,#17145),
 .UNSPECIFIED.,.F.,.F.,(4,1,4),(0.,0.0095148945824582,0.018830129340787),
 .UNSPECIFIED.);
#256=B_SPLINE_CURVE_WITH_KNOTS('',3,(#17147,#17148,#17149,#17150,#17151),
 .UNSPECIFIED.,.F.,.F.,(4,1,4),(-0.018830129340787,-0.0095148945824582,
0.),.UNSPECIFIED.);
#257=B_SPLINE_CURVE_WITH_KNOTS('',3,(#17164,#17165,#17166,#17167,#17168),
 .UNSPECIFIED.,.F.,.F.,(4,1,4),(0.,0.00866741234483912,0.020362646018978),
 .UNSPECIFIED.);
#258=B_SPLINE_CURVE_WITH_KNOTS('',3,(#17170,#17171,#17172,#17173,#17174),
 .UNSPECIFIED.,.F.,.F.,(4,1,4),(-0.020362646018978,-0.00866741234483912,
0.),.UNSPECIFIED.);
#259=B_SPLINE_CURVE_WITH_KNOTS('',3,(#17187,#17188,#17189,#17190,#17191),
 .UNSPECIFIED.,.F.,.F.,(4,1,4),(0.,0.0140913969911993,0.0236863552510505),
 .UNSPECIFIED.);
#260=B_SPLINE_CURVE_WITH_KNOTS('',3,(#17193,#17194,#17195,#17196,#17197),
 .UNSPECIFIED.,.F.,.F.,(4,1,4),(-0.0236863552510505,-0.0140913969911993,
0.),.UNSPECIFIED.);
#261=B_SPLINE_CURVE_WITH_KNOTS('',3,(#17210,#17211,#17212,#17213,#17214),
 .UNSPECIFIED.,.F.,.F.,(4,1,4),(0.,0.00761948492694292,0.0158806322257687),
 .UNSPECIFIED.);
#262=B_SPLINE_CURVE_WITH_KNOTS('',3,(#17216,#17217,#17218,#17219,#17220),
 .UNSPECIFIED.,.F.,.F.,(4,1,4),(-0.0158806322257687,-0.00761948492694292,
0.),.UNSPECIFIED.);
#263=B_SPLINE_CURVE_WITH_KNOTS('',3,(#17233,#17234,#17235,#17236,#17237),
 .UNSPECIFIED.,.F.,.F.,(4,1,4),(0.,0.00787527592180364,0.0146009246694632),
 .UNSPECIFIED.);
#264=B_SPLINE_CURVE_WITH_KNOTS('',3,(#17239,#17240,#17241,#17242,#17243),
 .UNSPECIFIED.,.F.,.F.,(4,1,4),(-0.0146009246694632,-0.00787527592180364,
0.),.UNSPECIFIED.);
#265=B_SPLINE_CURVE_WITH_KNOTS('',3,(#17255,#17256,#17257,#17258,#17259),
 .UNSPECIFIED.,.F.,.F.,(4,1,4),(0.,0.00726565020016252,0.0160401601318169),
 .UNSPECIFIED.);
#266=B_SPLINE_CURVE_WITH_KNOTS('',3,(#17260,#17261,#17262,#17263,#17264),
 .UNSPECIFIED.,.F.,.F.,(4,1,4),(-0.0160401601318169,-0.00726565020016252,
0.),.UNSPECIFIED.);
#267=B_SPLINE_SURFACE_WITH_KNOTS('',3,1,((#14194,#14195),(#14196,#14197),
(#14198,#14199),(#14200,#14201),(#14202,#14203)),.UNSPECIFIED.,.F.,.F.,
 .F.,(4,1,4),(2,2),(-0.0140202705575944,-0.00830470126331445,0.),(0.,0.01),
 .UNSPECIFIED.);
#268=B_SPLINE_SURFACE_WITH_KNOTS('',3,1,((#14217,#14218),(#14219,#14220),
(#14221,#14222),(#14223,#14224),(#14225,#14226)),.UNSPECIFIED.,.F.,.F.,
 .F.,(4,1,4),(2,2),(-0.0100146676054662,-0.00470347560195193,0.),(0.,0.01),
 .UNSPECIFIED.);
#269=B_SPLINE_SURFACE_WITH_KNOTS('',3,1,((#14240,#14241),(#14242,#14243),
(#14244,#14245),(#14246,#14247),(#14248,#14249)),.UNSPECIFIED.,.F.,.F.,
 .F.,(4,1,4),(2,2),(-0.0176221169482497,-0.00725459122900975,0.),(0.,0.01),
 .UNSPECIFIED.);
#270=B_SPLINE_SURFACE_WITH_KNOTS('',3,1,((#14263,#14264),(#14265,#14266),
(#14267,#14268),(#14269,#14270),(#14271,#14272)),.UNSPECIFIED.,.F.,.F.,
 .F.,(4,1,4),(2,2),(-0.0226811846159319,-0.0134493482947331,0.),(0.,0.01),
 .UNSPECIFIED.);
#271=B_SPLINE_SURFACE_WITH_KNOTS('',3,1,((#14286,#14287),(#14288,#14289),
(#14290,#14291),(#14292,#14293),(#14294,#14295)),.UNSPECIFIED.,.F.,.F.,
 .F.,(4,1,4),(2,2),(-0.0185785362355207,-0.00817451391468878,0.),(0.,0.01),
 .UNSPECIFIED.);
#272=B_SPLINE_SURFACE_WITH_KNOTS('',3,1,((#14321,#14322),(#14323,#14324),
(#14325,#14326),(#14327,#14328),(#14329,#14330)),.UNSPECIFIED.,.F.,.F.,
 .F.,(4,1,4),(2,2),(-0.022319080465025,-0.0122957852799757,0.),(0.,0.01),
 .UNSPECIFIED.);
#273=B_SPLINE_SURFACE_WITH_KNOTS('',3,1,((#14344,#14345),(#14346,#14347),
(#14348,#14349),(#14350,#14351),(#14352,#14353)),.UNSPECIFIED.,.F.,.F.,
 .F.,(4,1,4),(2,2),(-0.0175561178551675,-0.00887373424018958,0.),(0.,0.01),
 .UNSPECIFIED.);
#274=B_SPLINE_SURFACE_WITH_KNOTS('',3,1,((#14367,#14368),(#14369,#14370),
(#14371,#14372),(#14373,#14374),(#14375,#14376)),.UNSPECIFIED.,.F.,.F.,
 .F.,(4,1,4),(2,2),(-0.0179714466687878,-0.00881412882406205,0.),(0.,0.01),
 .UNSPECIFIED.);
#275=B_SPLINE_SURFACE_WITH_KNOTS('',3,1,((#14390,#14391),(#14392,#14393),
(#14394,#14395),(#14396,#14397),(#14398,#14399)),.UNSPECIFIED.,.F.,.F.,
 .F.,(4,1,4),(2,2),(-0.0195698325529836,-0.00959184928463026,0.),(0.,0.01),
 .UNSPECIFIED.);
#276=B_SPLINE_SURFACE_WITH_KNOTS('',3,1,((#14413,#14414),(#14415,#14416),
(#14417,#14418),(#14419,#14420),(#14421,#14422)),.UNSPECIFIED.,.F.,.F.,
 .F.,(4,1,4),(2,2),(-0.0252796261388155,-0.0142691763284885,0.),(0.,0.01),
 .UNSPECIFIED.);
#277=B_SPLINE_SURFACE_WITH_KNOTS('',3,1,((#14436,#14437),(#14438,#14439),
(#14440,#14441),(#14442,#14443),(#14444,#14445)),.UNSPECIFIED.,.F.,.F.,
 .F.,(4,1,4),(2,2),(-0.0180253018137577,-0.00918566325985899,0.),(0.,0.01),
 .UNSPECIFIED.);
#278=B_SPLINE_SURFACE_WITH_KNOTS('',3,1,((#14459,#14460),(#14461,#14462),
(#14463,#14464),(#14465,#14466),(#14467,#14468)),.UNSPECIFIED.,.F.,.F.,
 .F.,(4,1,4),(2,2),(-0.0161269506964007,-0.00834276446689563,0.),(0.,0.01),
 .UNSPECIFIED.);
#279=B_SPLINE_SURFACE_WITH_KNOTS('',3,1,((#14482,#14483),(#14484,#14485),
(#14486,#14487),(#14488,#14489),(#14490,#14491)),.UNSPECIFIED.,.F.,.F.,
 .F.,(4,1,4),(2,2),(-0.0186578775985389,-0.00990003005911567,0.),(0.,0.01),
 .UNSPECIFIED.);
#280=B_SPLINE_SURFACE_WITH_KNOTS('',3,1,((#14551,#14552),(#14553,#14554),
(#14555,#14556),(#14557,#14558),(#14559,#14560)),.UNSPECIFIED.,.F.,.F.,
 .F.,(4,1,4),(2,2),(-0.0209982092554016,-0.0110281011085541,0.),(0.,0.01),
 .UNSPECIFIED.);
#281=B_SPLINE_SURFACE_WITH_KNOTS('',3,1,((#14574,#14575),(#14576,#14577),
(#14578,#14579),(#14580,#14581),(#14582,#14583)),.UNSPECIFIED.,.F.,.F.,
 .F.,(4,1,4),(2,2),(-0.0187497285526248,-0.00939392122869523,0.),(0.,0.01),
 .UNSPECIFIED.);
#282=B_SPLINE_SURFACE_WITH_KNOTS('',3,1,((#14597,#14598),(#14599,#14600),
(#14601,#14602),(#14603,#14604),(#14605,#14606)),.UNSPECIFIED.,.F.,.F.,
 .F.,(4,1,4),(2,2),(-0.0225617911746421,-0.0102790735498319,0.),(0.,0.01),
 .UNSPECIFIED.);
#283=B_SPLINE_SURFACE_WITH_KNOTS('',3,1,((#14620,#14621),(#14622,#14623),
(#14624,#14625),(#14626,#14627),(#14628,#14629)),.UNSPECIFIED.,.F.,.F.,
 .F.,(4,1,4),(2,2),(-0.0272323662079388,-0.0148658759297647,0.),(0.,0.01),
 .UNSPECIFIED.);
#284=B_SPLINE_SURFACE_WITH_KNOTS('',3,1,((#14643,#14644),(#14645,#14646),
(#14647,#14648),(#14649,#14650),(#14651,#14652)),.UNSPECIFIED.,.F.,.F.,
 .F.,(4,1,4),(2,2),(-0.0246786649530814,-0.0116311700576414,0.),(0.,0.01),
 .UNSPECIFIED.);
#285=B_SPLINE_SURFACE_WITH_KNOTS('',3,1,((#14666,#14667),(#14668,#14669),
(#14670,#14671),(#14672,#14673),(#14674,#14675)),.UNSPECIFIED.,.F.,.F.,
 .F.,(4,1,4),(2,2),(-0.0317805194967666,-0.0147261492024677,0.),(0.,0.01),
 .UNSPECIFIED.);
#286=B_SPLINE_SURFACE_WITH_KNOTS('',3,1,((#14689,#14690),(#14691,#14692),
(#14693,#14694),(#14695,#14696),(#14697,#14698)),.UNSPECIFIED.,.F.,.F.,
 .F.,(4,1,4),(2,2),(-0.0411506760935795,-0.0221928914005864,0.),(0.,0.01),
 .UNSPECIFIED.);
#287=B_SPLINE_SURFACE_WITH_KNOTS('',3,1,((#14712,#14713),(#14714,#14715),
(#14716,#14717),(#14718,#14719),(#14720,#14721)),.UNSPECIFIED.,.F.,.F.,
 .F.,(4,1,4),(2,2),(-0.0405281105281388,-0.0188500746973527,0.),(0.,0.01),
 .UNSPECIFIED.);
#288=B_SPLINE_SURFACE_WITH_KNOTS('',3,1,((#14735,#14736),(#14737,#14738),
(#14739,#14740),(#14741,#14742),(#14743,#14744)),.UNSPECIFIED.,.F.,.F.,
 .F.,(4,1,4),(2,2),(-0.031003747653084,-0.0169734440793448,0.),(0.,0.01),
 .UNSPECIFIED.);
#289=B_SPLINE_SURFACE_WITH_KNOTS('',3,1,((#14758,#14759),(#14760,#14761),
(#14762,#14763),(#14764,#14765),(#14766,#14767)),.UNSPECIFIED.,.F.,.F.,
 .F.,(4,1,4),(2,2),(-0.028830729541315,-0.0135306234504117,0.),(0.,0.01),
 .UNSPECIFIED.);
#290=B_SPLINE_SURFACE_WITH_KNOTS('',3,1,((#14787,#14788),(#14789,#14790),
(#14791,#14792),(#14793,#14794),(#14795,#14796)),.UNSPECIFIED.,.F.,.F.,
 .F.,(4,1,4),(2,2),(-0.0073499715159905,-0.00421942530233161,0.),(0.,0.01),
 .UNSPECIFIED.);
#291=B_SPLINE_SURFACE_WITH_KNOTS('',3,1,((#14810,#14811),(#14812,#14813),
(#14814,#14815),(#14816,#14817),(#14818,#14819)),.UNSPECIFIED.,.F.,.F.,
 .F.,(4,1,4),(2,2),(-0.00842734018731432,-0.00426047764976867,0.),(0.,0.01),
 .UNSPECIFIED.);
#292=B_SPLINE_SURFACE_WITH_KNOTS('',3,1,((#14833,#14834),(#14835,#14836),
(#14837,#14838),(#14839,#14840),(#14841,#14842)),.UNSPECIFIED.,.F.,.F.,
 .F.,(4,1,4),(2,2),(-0.00866625076282992,-0.00422375127567818,0.),(0.,0.01),
 .UNSPECIFIED.);
#293=B_SPLINE_SURFACE_WITH_KNOTS('',3,1,((#14856,#14857),(#14858,#14859),
(#14860,#14861),(#14862,#14863),(#14864,#14865)),.UNSPECIFIED.,.F.,.F.,
 .F.,(4,1,4),(2,2),(-0.0188301375092483,-0.00951490547884212,0.),(0.,0.01),
 .UNSPECIFIED.);
#294=B_SPLINE_SURFACE_WITH_KNOTS('',3,1,((#14879,#14880),(#14881,#14882),
(#14883,#14884),(#14885,#14886),(#14887,#14888)),.UNSPECIFIED.,.F.,.F.,
 .F.,(4,1,4),(2,2),(-0.0203626432923902,-0.00866740961825131,0.),(0.,0.01),
 .UNSPECIFIED.);
#295=B_SPLINE_SURFACE_WITH_KNOTS('',3,1,((#14902,#14903),(#14904,#14905),
(#14906,#14907),(#14908,#14909),(#14910,#14911)),.UNSPECIFIED.,.F.,.F.,
 .F.,(4,1,4),(2,2),(-0.0236863477663716,-0.014091398325659,0.),(0.,0.01),
 .UNSPECIFIED.);
#296=B_SPLINE_SURFACE_WITH_KNOTS('',3,1,((#14925,#14926),(#14927,#14928),
(#14929,#14930),(#14931,#14932),(#14933,#14934)),.UNSPECIFIED.,.F.,.F.,
 .F.,(4,1,4),(2,2),(-0.0158806249048984,-0.00761948492694292,0.),(0.,0.01),
 .UNSPECIFIED.);
#297=B_SPLINE_SURFACE_WITH_KNOTS('',3,1,((#14948,#14949),(#14950,#14951),
(#14952,#14953),(#14954,#14955),(#14956,#14957)),.UNSPECIFIED.,.F.,.F.,
 .F.,(4,1,4),(2,2),(-0.0146009432585352,-0.00787527592180364,0.),(0.,0.01),
 .UNSPECIFIED.);
#298=B_SPLINE_SURFACE_WITH_KNOTS('',3,1,((#14971,#14972),(#14973,#14974),
(#14975,#14976),(#14977,#14978),(#14979,#14980)),.UNSPECIFIED.,.F.,.F.,
 .F.,(4,1,4),(2,2),(-0.0160401480131642,-0.0072656380815099,0.),(0.,0.01),
 .UNSPECIFIED.);
#299=B_SPLINE_SURFACE_WITH_KNOTS('',3,1,((#15014,#15015),(#15016,#15017),
(#15018,#15019),(#15020,#15021),(#15022,#15023)),.UNSPECIFIED.,.F.,.F.,
 .F.,(4,1,4),(2,2),(-0.0274963245232932,-0.0151292238417581,0.),(0.,0.01),
 .UNSPECIFIED.);
#300=B_SPLINE_SURFACE_WITH_KNOTS('',3,1,((#15037,#15038),(#15039,#15040),
(#15041,#15042),(#15043,#15044),(#15045,#15046)),.UNSPECIFIED.,.F.,.F.,
 .F.,(4,1,4),(2,2),(-0.0252619804890305,-0.0117640560391686,0.),(0.,0.01),
 .UNSPECIFIED.);
#301=B_SPLINE_SURFACE_WITH_KNOTS('',3,1,((#15060,#15061),(#15062,#15063),
(#15064,#15065),(#15066,#15067),(#15068,#15069)),.UNSPECIFIED.,.F.,.F.,
 .F.,(4,1,4),(2,2),(-0.0299101647106486,-0.0162375257410942,0.),(0.,0.01),
 .UNSPECIFIED.);
#302=B_SPLINE_SURFACE_WITH_KNOTS('',3,1,((#15083,#15084),(#15085,#15086),
(#15087,#15088),(#15089,#15090),(#15091,#15092)),.UNSPECIFIED.,.F.,.F.,
 .F.,(4,1,4),(2,2),(-0.0253801985486519,-0.0124865983881984,0.),(0.,0.01),
 .UNSPECIFIED.);
#303=B_SPLINE_SURFACE_WITH_KNOTS('',3,1,((#15106,#15107),(#15108,#15109),
(#15110,#15111),(#15112,#15113),(#15114,#15115)),.UNSPECIFIED.,.F.,.F.,
 .F.,(4,1,4),(2,2),(-0.0284356132942818,-0.0136897706671109,0.),(0.,0.01),
 .UNSPECIFIED.);
#304=B_SPLINE_SURFACE_WITH_KNOTS('',3,1,((#15129,#15130),(#15131,#15132),
(#15133,#15134),(#15135,#15136),(#15137,#15138)),.UNSPECIFIED.,.F.,.F.,
 .F.,(4,1,4),(2,2),(-0.0294794217634409,-0.015389610738687,0.),(0.,0.01),
 .UNSPECIFIED.);
#305=B_SPLINE_SURFACE_WITH_KNOTS('',3,1,((#15152,#15153),(#15154,#15155),
(#15156,#15157),(#15158,#15159),(#15160,#15161)),.UNSPECIFIED.,.F.,.F.,
 .F.,(4,1,4),(2,2),(-0.0273657088839514,-0.0135357799621052,0.),(0.,0.01),
 .UNSPECIFIED.);
#306=B_SPLINE_SURFACE_WITH_KNOTS('',3,1,((#15175,#15176),(#15177,#15178),
(#15179,#15180),(#15181,#15182),(#15183,#15184)),.UNSPECIFIED.,.F.,.F.,
 .F.,(4,1,4),(2,2),(-0.0279419007363094,-0.0124613313359813,0.),(0.,0.01),
 .UNSPECIFIED.);
#307=B_SPLINE_SURFACE_WITH_KNOTS('',3,1,((#15198,#15199),(#15200,#15201),
(#15202,#15203),(#15204,#15205),(#15206,#15207)),.UNSPECIFIED.,.F.,.F.,
 .F.,(4,1,4),(2,2),(-0.0250241873156861,-0.0144976072261041,0.),(0.,0.01),
 .UNSPECIFIED.);
#308=B_SPLINE_SURFACE_WITH_KNOTS('',3,1,((#15221,#15222),(#15223,#15224),
(#15225,#15226),(#15227,#15228),(#15229,#15230)),.UNSPECIFIED.,.F.,.F.,
 .F.,(4,1,4),(2,2),(-0.0166805603263088,-0.00845792469781918,0.),(0.,0.01),
 .UNSPECIFIED.);
#309=B_SPLINE_SURFACE_WITH_KNOTS('',3,1,((#15244,#15245),(#15246,#15247),
(#15248,#15249),(#15250,#15251),(#15252,#15253)),.UNSPECIFIED.,.F.,.F.,
 .F.,(4,1,4),(2,2),(-0.0180488268418271,-0.0085797068239338,0.),(0.,0.01),
 .UNSPECIFIED.);
#310=B_SPLINE_SURFACE_WITH_KNOTS('',3,1,((#15273,#15274),(#15275,#15276),
(#15277,#15278),(#15279,#15280),(#15281,#15282)),.UNSPECIFIED.,.F.,.F.,
 .F.,(4,1,4),(2,2),(-0.0108527602373161,-0.00558254286787801,0.),(0.,0.01),
 .UNSPECIFIED.);
#311=B_SPLINE_SURFACE_WITH_KNOTS('',3,1,((#15296,#15297),(#15298,#15299),
(#15300,#15301),(#15302,#15303),(#15304,#15305)),.UNSPECIFIED.,.F.,.F.,
 .F.,(4,1,4),(2,2),(-0.0117172427428765,-0.00546469053925274,0.),(0.,0.01),
 .UNSPECIFIED.);
#312=B_SPLINE_SURFACE_WITH_KNOTS('',3,1,((#15319,#15320),(#15321,#15322),
(#15323,#15324),(#15325,#15326),(#15327,#15328)),.UNSPECIFIED.,.F.,.F.,
 .F.,(4,1,4),(2,2),(-0.0181786583684574,-0.00931098628269285,0.),(0.,0.01),
 .UNSPECIFIED.);
#313=B_SPLINE_SURFACE_WITH_KNOTS('',3,1,((#15342,#15343),(#15344,#15345),
(#15346,#15347),(#15348,#15349),(#15350,#15351)),.UNSPECIFIED.,.F.,.F.,
 .F.,(4,1,4),(2,2),(-0.0234443864847732,-0.0101432173133453,0.),(0.,0.01),
 .UNSPECIFIED.);
#314=B_SPLINE_SURFACE_WITH_KNOTS('',3,1,((#15365,#15366),(#15367,#15368),
(#15369,#15370),(#15371,#15372),(#15373,#15374)),.UNSPECIFIED.,.F.,.F.,
 .F.,(4,1,4),(2,2),(-0.0243320145117678,-0.0139979287091237,0.),(0.,0.01),
 .UNSPECIFIED.);
#315=B_SPLINE_SURFACE_WITH_KNOTS('',3,1,((#15388,#15389),(#15390,#15391),
(#15392,#15393),(#15394,#15395),(#15396,#15397)),.UNSPECIFIED.,.F.,.F.,
 .F.,(4,1,4),(2,2),(-0.0188748210648391,-0.00900008891218563,0.),(0.,0.01),
 .UNSPECIFIED.);
#316=B_SPLINE_SURFACE_WITH_KNOTS('',3,1,((#15411,#15412),(#15413,#15414),
(#15415,#15416),(#15417,#15418),(#15419,#15420)),.UNSPECIFIED.,.F.,.F.,
 .F.,(4,1,4),(2,2),(-0.010034240505445,-0.00507868000282086,0.),(0.,0.01),
 .UNSPECIFIED.);
#317=B_SPLINE_SURFACE_WITH_KNOTS('',3,1,((#15434,#15435),(#15436,#15437),
(#15438,#15439),(#15440,#15441),(#15442,#15443)),.UNSPECIFIED.,.F.,.F.,
 .F.,(4,1,4),(2,2),(-0.0119487570430054,-0.00544040378097487,0.),(0.,0.01),
 .UNSPECIFIED.);
#318=B_SPLINE_SURFACE_WITH_KNOTS('',3,1,((#15545,#15546),(#15547,#15548),
(#15549,#15550),(#15551,#15552),(#15553,#15554)),.UNSPECIFIED.,.F.,.F.,
 .F.,(4,1,4),(2,2),(-0.0140202676722399,-0.0083047198519891,0.),(0.,0.01),
 .UNSPECIFIED.);
#319=B_SPLINE_SURFACE_WITH_KNOTS('',3,1,((#15568,#15569),(#15570,#15571),
(#15572,#15573),(#15574,#15575),(#15576,#15577)),.UNSPECIFIED.,.F.,.F.,
 .F.,(4,1,4),(2,2),(-0.0100146637300412,-0.00470347560195193,0.),(0.,0.01),
 .UNSPECIFIED.);
#320=B_SPLINE_SURFACE_WITH_KNOTS('',3,1,((#15591,#15592),(#15593,#15594),
(#15595,#15596),(#15597,#15598),(#15599,#15600)),.UNSPECIFIED.,.F.,.F.,
 .F.,(4,1,4),(2,2),(-0.0176221205211035,-0.00725459480186349,0.),(0.,0.01),
 .UNSPECIFIED.);
#321=B_SPLINE_SURFACE_WITH_KNOTS('',3,1,((#15614,#15615),(#15616,#15617),
(#15618,#15619),(#15620,#15621),(#15622,#15623)),.UNSPECIFIED.,.F.,.F.,
 .F.,(4,1,4),(2,2),(-0.0226811846159319,-0.0134493482947331,0.),(0.,0.01),
 .UNSPECIFIED.);
#322=B_SPLINE_SURFACE_WITH_KNOTS('',3,1,((#15637,#15638),(#15639,#15640),
(#15641,#15642),(#15643,#15644),(#15645,#15646)),.UNSPECIFIED.,.F.,.F.,
 .F.,(4,1,4),(2,2),(-0.018578528859335,-0.00817451391468878,0.),(0.,0.01),
 .UNSPECIFIED.);
#323=B_SPLINE_SURFACE_WITH_KNOTS('',3,1,((#15672,#15673),(#15674,#15675),
(#15676,#15677),(#15678,#15679),(#15680,#15681)),.UNSPECIFIED.,.F.,.F.,
 .F.,(4,1,4),(2,2),(-0.0223190693205413,-0.0122957741354921,0.),(0.,0.01),
 .UNSPECIFIED.);
#324=B_SPLINE_SURFACE_WITH_KNOTS('',3,1,((#15695,#15696),(#15697,#15698),
(#15699,#15700),(#15701,#15702),(#15703,#15704)),.UNSPECIFIED.,.F.,.F.,
 .F.,(4,1,4),(2,2),(-0.0175561136599277,-0.00887374066908593,0.),(0.,0.01),
 .UNSPECIFIED.);
#325=B_SPLINE_SURFACE_WITH_KNOTS('',3,1,((#15718,#15719),(#15720,#15721),
(#15722,#15723),(#15724,#15725),(#15726,#15727)),.UNSPECIFIED.,.F.,.F.,
 .F.,(4,1,4),(2,2),(-0.017971451885732,-0.00881412882406205,0.),(0.,0.01),
 .UNSPECIFIED.);
#326=B_SPLINE_SURFACE_WITH_KNOTS('',3,1,((#15741,#15742),(#15743,#15744),
(#15745,#15746),(#15747,#15748),(#15749,#15750)),.UNSPECIFIED.,.F.,.F.,
 .F.,(4,1,4),(2,2),(-0.0195698277474448,-0.00959184356226027,0.),(0.,0.01),
 .UNSPECIFIED.);
#327=B_SPLINE_SURFACE_WITH_KNOTS('',3,1,((#15764,#15765),(#15766,#15767),
(#15768,#15769),(#15770,#15771),(#15772,#15773)),.UNSPECIFIED.,.F.,.F.,
 .F.,(4,1,4),(2,2),(-0.0252796196228671,-0.0142691772901589,0.),(0.,0.01),
 .UNSPECIFIED.);
#328=B_SPLINE_SURFACE_WITH_KNOTS('',3,1,((#15787,#15788),(#15789,#15790),
(#15791,#15792),(#15793,#15794),(#15795,#15796)),.UNSPECIFIED.,.F.,.F.,
 .F.,(4,1,4),(2,2),(-0.0180253039822009,-0.00918567028653485,0.),(0.,0.01),
 .UNSPECIFIED.);
#329=B_SPLINE_SURFACE_WITH_KNOTS('',3,1,((#15810,#15811),(#15812,#15813),
(#15814,#15815),(#15816,#15817),(#15818,#15819)),.UNSPECIFIED.,.F.,.F.,
 .F.,(4,1,4),(2,2),(-0.0161269575844329,-0.00834276446689563,0.),(0.,0.01),
 .UNSPECIFIED.);
#330=B_SPLINE_SURFACE_WITH_KNOTS('',3,1,((#15833,#15834),(#15835,#15836),
(#15837,#15838),(#15839,#15840),(#15841,#15842)),.UNSPECIFIED.,.F.,.F.,
 .F.,(4,1,4),(2,2),(-0.0186578594434907,-0.00990000819009412,0.),(0.,0.01),
 .UNSPECIFIED.);
#331=B_SPLINE_SURFACE_WITH_KNOTS('',3,1,((#15876,#15877),(#15878,#15879),
(#15880,#15881),(#15882,#15883),(#15884,#15885)),.UNSPECIFIED.,.F.,.F.,
 .F.,(4,1,4),(2,2),(-0.0209982196991577,-0.0110280963618294,0.),(0.,0.01),
 .UNSPECIFIED.);
#332=B_SPLINE_SURFACE_WITH_KNOTS('',3,1,((#15899,#15900),(#15901,#15902),
(#15903,#15904),(#15905,#15906),(#15907,#15908)),.UNSPECIFIED.,.F.,.F.,
 .F.,(4,1,4),(2,2),(-0.0187497076694079,-0.00939390034547836,0.),(0.,0.01),
 .UNSPECIFIED.);
#333=B_SPLINE_SURFACE_WITH_KNOTS('',3,1,((#15922,#15923),(#15924,#15925),
(#15926,#15927),(#15928,#15929),(#15930,#15931)),.UNSPECIFIED.,.F.,.F.,
 .F.,(4,1,4),(2,2),(-0.0225617917401181,-0.0102790592608818,0.),(0.,0.01),
 .UNSPECIFIED.);
#334=B_SPLINE_SURFACE_WITH_KNOTS('',3,1,((#15945,#15946),(#15947,#15948),
(#15949,#15950),(#15951,#15952),(#15953,#15954)),.UNSPECIFIED.,.F.,.F.,
 .F.,(4,1,4),(2,2),(-0.0272323804891185,-0.0148658759297647,0.),(0.,0.01),
 .UNSPECIFIED.);
#335=B_SPLINE_SURFACE_WITH_KNOTS('',3,1,((#15968,#15969),(#15970,#15971),
(#15972,#15973),(#15974,#15975),(#15976,#15977)),.UNSPECIFIED.,.F.,.F.,
 .F.,(4,1,4),(2,2),(-0.0246786620208322,-0.011631157757458,0.),(0.,0.01),
 .UNSPECIFIED.);
#336=B_SPLINE_SURFACE_WITH_KNOTS('',3,1,((#15991,#15992),(#15993,#15994),
(#15995,#15996),(#15997,#15998),(#15999,#16000)),.UNSPECIFIED.,.F.,.F.,
 .F.,(4,1,4),(2,2),(-0.0317805178577486,-0.0147261492024677,0.),(0.,0.01),
 .UNSPECIFIED.);
#337=B_SPLINE_SURFACE_WITH_KNOTS('',3,1,((#16014,#16015),(#16016,#16017),
(#16018,#16019),(#16020,#16021),(#16022,#16023)),.UNSPECIFIED.,.F.,.F.,
 .F.,(4,1,4),(2,2),(-0.041150673883693,-0.0221928891906999,0.),(0.,0.01),
 .UNSPECIFIED.);
#338=B_SPLINE_SURFACE_WITH_KNOTS('',3,1,((#16037,#16038),(#16039,#16040),
(#16041,#16042),(#16043,#16044),(#16045,#16046)),.UNSPECIFIED.,.F.,.F.,
 .F.,(4,1,4),(2,2),(-0.040528125251112,-0.0188500746973527,0.),(0.,0.01),
 .UNSPECIFIED.);
#339=B_SPLINE_SURFACE_WITH_KNOTS('',3,1,((#16060,#16061),(#16062,#16063),
(#16064,#16065),(#16066,#16067),(#16068,#16069)),.UNSPECIFIED.,.F.,.F.,
 .F.,(4,1,4),(2,2),(-0.031003747653084,-0.0169734440793448,0.),(0.,0.01),
 .UNSPECIFIED.);
#340=B_SPLINE_SURFACE_WITH_KNOTS('',3,1,((#16083,#16084),(#16085,#16086),
(#16087,#16088),(#16089,#16090),(#16091,#16092)),.UNSPECIFIED.,.F.,.F.,
 .F.,(4,1,4),(2,2),(-0.0288307191368836,-0.0135306130459803,0.),(0.,0.01),
 .UNSPECIFIED.);
#341=B_SPLINE_SURFACE_WITH_KNOTS('',3,1,((#16112,#16113),(#16114,#16115),
(#16116,#16117),(#16118,#16119),(#16120,#16121)),.UNSPECIFIED.,.F.,.F.,
 .F.,(4,1,4),(2,2),(-0.00734997576808006,-0.00421941494363235,0.),(0.,0.01),
 .UNSPECIFIED.);
#342=B_SPLINE_SURFACE_WITH_KNOTS('',3,1,((#16135,#16136),(#16137,#16138),
(#16139,#16140),(#16141,#16142),(#16143,#16144)),.UNSPECIFIED.,.F.,.F.,
 .F.,(4,1,4),(2,2),(-0.00842735486686113,-0.00426046756987945,0.),(0.,0.01),
 .UNSPECIFIED.);
#343=B_SPLINE_SURFACE_WITH_KNOTS('',3,1,((#16158,#16159),(#16160,#16161),
(#16162,#16163),(#16164,#16165),(#16166,#16167)),.UNSPECIFIED.,.F.,.F.,
 .F.,(4,1,4),(2,2),(-0.008666238338468,-0.00422370922163961,0.),(0.,0.01),
 .UNSPECIFIED.);
#344=B_SPLINE_SURFACE_WITH_KNOTS('',3,1,((#16181,#16182),(#16183,#16184),
(#16185,#16186),(#16187,#16188),(#16189,#16190)),.UNSPECIFIED.,.F.,.F.,
 .F.,(4,1,4),(2,2),(-0.0188301229807366,-0.00951489095033037,0.),(0.,0.01),
 .UNSPECIFIED.);
#345=B_SPLINE_SURFACE_WITH_KNOTS('',3,1,((#16204,#16205),(#16206,#16207),
(#16208,#16209),(#16210,#16211),(#16212,#16213)),.UNSPECIFIED.,.F.,.F.,
 .F.,(4,1,4),(2,2),(-0.0203626487455714,-0.00866741507143247,0.),(0.,0.01),
 .UNSPECIFIED.);
#346=B_SPLINE_SURFACE_WITH_KNOTS('',3,1,((#16227,#16228),(#16229,#16230),
(#16231,#16232),(#16233,#16234),(#16235,#16236)),.UNSPECIFIED.,.F.,.F.,
 .F.,(4,1,4),(2,2),(-0.0236863581907732,-0.0140913969911993,0.),(0.,0.01),
 .UNSPECIFIED.);
#347=B_SPLINE_SURFACE_WITH_KNOTS('',3,1,((#16250,#16251),(#16252,#16253),
(#16254,#16255),(#16256,#16257),(#16258,#16259)),.UNSPECIFIED.,.F.,.F.,
 .F.,(4,1,4),(2,2),(-0.0158806249048984,-0.00761948492694292,0.),(0.,0.01),
 .UNSPECIFIED.);
#348=B_SPLINE_SURFACE_WITH_KNOTS('',3,1,((#16273,#16274),(#16275,#16276),
(#16277,#16278),(#16279,#16280),(#16281,#16282)),.UNSPECIFIED.,.F.,.F.,
 .F.,(4,1,4),(2,2),(-0.014600918473111,-0.00787527592180364,0.),(0.,0.01),
 .UNSPECIFIED.);
#349=B_SPLINE_SURFACE_WITH_KNOTS('',3,1,((#16296,#16297),(#16298,#16299),
(#16300,#16301),(#16302,#16303),(#16304,#16305)),.UNSPECIFIED.,.F.,.F.,
 .F.,(4,1,4),(2,2),(-0.0160401641713785,-0.00726565423972418,0.),(0.,0.01),
 .UNSPECIFIED.);
#350=B_SPLINE_SURFACE_WITH_KNOTS('',3,1,((#16362,#16363),(#16364,#16365),
(#16366,#16367),(#16368,#16369),(#16370,#16371)),.UNSPECIFIED.,.F.,.F.,
 .F.,(4,1,4),(2,2),(-0.0227886505132674,-0.0130865144780427,0.),(0.,0.01),
 .UNSPECIFIED.);
#351=B_SPLINE_SURFACE_WITH_KNOTS('',3,1,((#16388,#16389),(#16390,#16391),
(#16392,#16393),(#16394,#16395),(#16396,#16397)),.UNSPECIFIED.,.F.,.F.,
 .F.,(4,1,4),(2,2),(-0.0171480830300864,-0.00831179623573194,0.),(0.,0.01),
 .UNSPECIFIED.);
#352=B_SPLINE_SURFACE_WITH_KNOTS('',3,1,((#16411,#16412),(#16413,#16414),
(#16415,#16416),(#16417,#16418),(#16419,#16420)),.UNSPECIFIED.,.F.,.F.,
 .F.,(4,1,4),(2,2),(-0.0171632484849998,-0.00898088589831457,0.),(0.,0.01),
 .UNSPECIFIED.);
#353=B_SPLINE_SURFACE_WITH_KNOTS('',3,1,((#16434,#16435),(#16436,#16437),
(#16438,#16439),(#16440,#16441),(#16442,#16443)),.UNSPECIFIED.,.F.,.F.,
 .F.,(4,1,4),(2,2),(-0.0242079064517909,-0.00993722421259681,0.),(0.,0.01),
 .UNSPECIFIED.);
#354=B_SPLINE_SURFACE_WITH_KNOTS('',3,1,((#16457,#16458),(#16459,#16460),
(#16461,#16462),(#16463,#16464),(#16465,#16466)),.UNSPECIFIED.,.F.,.F.,
 .F.,(4,1,4),(2,2),(-0.0217205438383628,-0.0122938422867283,0.),(0.,0.01),
 .UNSPECIFIED.);
#355=B_SPLINE_SURFACE_WITH_KNOTS('',3,1,((#16480,#16481),(#16482,#16483),
(#16484,#16485),(#16486,#16487),(#16488,#16489)),.UNSPECIFIED.,.F.,.F.,
 .F.,(4,1,4),(2,2),(-0.0171784636127418,-0.00829509508229797,0.),(0.,0.01),
 .UNSPECIFIED.);
#356=B_SPLINE_SURFACE_WITH_KNOTS('',3,1,((#16503,#16504),(#16505,#16506),
(#16507,#16508),(#16509,#16510),(#16511,#16512)),.UNSPECIFIED.,.F.,.F.,
 .F.,(4,1,4),(2,2),(-0.0168286979470427,-0.00858514902038849,0.),(0.,0.01),
 .UNSPECIFIED.);
#357=B_SPLINE_SURFACE_WITH_KNOTS('',3,1,((#16526,#16527),(#16528,#16529),
(#16530,#16531),(#16532,#16533),(#16534,#16535)),.UNSPECIFIED.,.F.,.F.,
 .F.,(4,1,4),(2,2),(-0.0229451404891109,-0.00975506107652265,0.),(0.,0.01),
 .UNSPECIFIED.);
#358=B_SPLINE_SURFACE_WITH_KNOTS('',3,1,((#16546,#16547),(#16548,#16549),
(#16550,#16551),(#16552,#16553),(#16554,#16555)),.UNSPECIFIED.,.F.,.F.,
 .F.,(4,1,4),(2,2),(-0.041333513023224,-0.0220424154570832,0.),(0.,0.01),
 .UNSPECIFIED.);
#359=B_SPLINE_SURFACE_WITH_KNOTS('',3,1,((#16572,#16573),(#16574,#16575),
(#16576,#16577),(#16578,#16579),(#16580,#16581)),.UNSPECIFIED.,.F.,.F.,
 .F.,(4,1,4),(2,2),(-0.0412035102511402,-0.019262190368511,0.),(0.,0.01),
 .UNSPECIFIED.);
#360=B_SPLINE_SURFACE_WITH_KNOTS('',3,1,((#16595,#16596),(#16597,#16598),
(#16599,#16600),(#16601,#16602),(#16603,#16604)),.UNSPECIFIED.,.F.,.F.,
 .F.,(4,1,4),(2,2),(-0.0415794893194875,-0.0223548428482457,0.),(0.,0.01),
 .UNSPECIFIED.);
#361=B_SPLINE_SURFACE_WITH_KNOTS('',3,1,((#16618,#16619),(#16620,#16621),
(#16622,#16623),(#16624,#16625),(#16626,#16627)),.UNSPECIFIED.,.F.,.F.,
 .F.,(4,1,4),(2,2),(-0.0407082155232991,-0.0189911778863551,0.),(0.,0.01),
 .UNSPECIFIED.);
#362=B_SPLINE_SURFACE_WITH_KNOTS('',3,1,((#16641,#16642),(#16643,#16644),
(#16645,#16646),(#16647,#16648),(#16649,#16650)),.UNSPECIFIED.,.F.,.F.,
 .F.,(4,1,4),(2,2),(-0.0296050446398299,-0.0160305975859091,0.),(0.,0.01),
 .UNSPECIFIED.);
#363=B_SPLINE_SURFACE_WITH_KNOTS('',3,1,((#16664,#16665),(#16666,#16667),
(#16668,#16669),(#16670,#16671),(#16672,#16673)),.UNSPECIFIED.,.F.,.F.,
 .F.,(4,1,4),(2,2),(-0.0246748306435271,-0.0122870527553827,0.),(0.,0.01),
 .UNSPECIFIED.);
#364=B_SPLINE_SURFACE_WITH_KNOTS('',3,1,((#16687,#16688),(#16689,#16690),
(#16691,#16692),(#16693,#16694),(#16695,#16696)),.UNSPECIFIED.,.F.,.F.,
 .F.,(4,1,4),(2,2),(-0.0286801220622562,-0.0133388290671648,0.),(0.,0.01),
 .UNSPECIFIED.);
#365=B_SPLINE_SURFACE_WITH_KNOTS('',3,1,((#16710,#16711),(#16712,#16713),
(#16714,#16715),(#16716,#16717),(#16718,#16719)),.UNSPECIFIED.,.F.,.F.,
 .F.,(4,1,4),(2,2),(-0.028727892090638,-0.0155258308638534,0.),(0.,0.01),
 .UNSPECIFIED.);
#366=B_SPLINE_SURFACE_WITH_KNOTS('',3,1,((#16733,#16734),(#16735,#16736),
(#16737,#16738),(#16739,#16740),(#16741,#16742)),.UNSPECIFIED.,.F.,.F.,
 .F.,(4,1,4),(2,2),(-0.0250281861886513,-0.0121907498265994,0.),(0.,0.01),
 .UNSPECIFIED.);
#367=B_SPLINE_SURFACE_WITH_KNOTS('',3,1,((#16756,#16757),(#16758,#16759),
(#16760,#16761),(#16762,#16763),(#16764,#16765)),.UNSPECIFIED.,.F.,.F.,
 .F.,(4,1,4),(2,2),(-0.0302672305432891,-0.0141110376375293,0.),(0.,0.01),
 .UNSPECIFIED.);
#368=B_SPLINE_SURFACE_WITH_KNOTS('',3,1,((#16825,#16826),(#16827,#16828),
(#16829,#16830),(#16831,#16832),(#16833,#16834)),.UNSPECIFIED.,.F.,.F.,
 .F.,(4,1,4),(2,2),(-0.0209982159015313,-0.0110280963618294,0.),(0.,0.01),
 .UNSPECIFIED.);
#369=B_SPLINE_SURFACE_WITH_KNOTS('',3,1,((#16848,#16849),(#16850,#16851),
(#16852,#16853),(#16854,#16855),(#16856,#16857)),.UNSPECIFIED.,.F.,.F.,
 .F.,(4,1,4),(2,2),(-0.0187497128902077,-0.00939390556627807,0.),(0.,0.01),
 .UNSPECIFIED.);
#370=B_SPLINE_SURFACE_WITH_KNOTS('',3,1,((#16871,#16872),(#16873,#16874),
(#16875,#16876),(#16877,#16878),(#16879,#16880)),.UNSPECIFIED.,.F.,.F.,
 .F.,(4,1,4),(2,2),(-0.0225617914573798,-0.0102790664053566,0.),(0.,0.01),
 .UNSPECIFIED.);
#371=B_SPLINE_SURFACE_WITH_KNOTS('',3,1,((#16894,#16895),(#16896,#16897),
(#16898,#16899),(#16900,#16901),(#16902,#16903)),.UNSPECIFIED.,.F.,.F.,
 .F.,(4,1,4),(2,2),(-0.0272323804891185,-0.0148658759297647,0.),(0.,0.01),
 .UNSPECIFIED.);
#372=B_SPLINE_SURFACE_WITH_KNOTS('',3,1,((#16917,#16918),(#16919,#16920),
(#16921,#16922),(#16923,#16924),(#16925,#16926)),.UNSPECIFIED.,.F.,.F.,
 .F.,(4,1,4),(2,2),(-0.0246786590933517,-0.011631157757458,0.),(0.,0.01),
 .UNSPECIFIED.);
#373=B_SPLINE_SURFACE_WITH_KNOTS('',3,1,((#16940,#16941),(#16942,#16943),
(#16944,#16945),(#16946,#16947),(#16948,#16949)),.UNSPECIFIED.,.F.,.F.,
 .F.,(4,1,4),(2,2),(-0.0317805184211596,-0.0147261492024677,0.),(0.,0.01),
 .UNSPECIFIED.);
#374=B_SPLINE_SURFACE_WITH_KNOTS('',3,1,((#16963,#16964),(#16965,#16966),
(#16967,#16968),(#16969,#16970),(#16971,#16972)),.UNSPECIFIED.,.F.,.F.,
 .F.,(4,1,4),(2,2),(-0.0411506735350987,-0.0221928898122295,0.),(0.,0.01),
 .UNSPECIFIED.);
#375=B_SPLINE_SURFACE_WITH_KNOTS('',3,1,((#16986,#16987),(#16988,#16989),
(#16990,#16991),(#16992,#16993),(#16994,#16995)),.UNSPECIFIED.,.F.,.F.,
 .F.,(4,1,4),(2,2),(-0.0405281299828434,-0.0188500794290841,0.),(0.,0.01),
 .UNSPECIFIED.);
#376=B_SPLINE_SURFACE_WITH_KNOTS('',3,1,((#17009,#17010),(#17011,#17012),
(#17013,#17014),(#17015,#17016),(#17017,#17018)),.UNSPECIFIED.,.F.,.F.,
 .F.,(4,1,4),(2,2),(-0.0310037328465645,-0.0169734292728252,0.),(0.,0.01),
 .UNSPECIFIED.);
#377=B_SPLINE_SURFACE_WITH_KNOTS('',3,1,((#17032,#17033),(#17034,#17035),
(#17036,#17037),(#17038,#17039),(#17040,#17041)),.UNSPECIFIED.,.F.,.F.,
 .F.,(4,1,4),(2,2),(-0.0288307243390982,-0.0135306182481949,0.),(0.,0.01),
 .UNSPECIFIED.);
#378=B_SPLINE_SURFACE_WITH_KNOTS('',3,1,((#17061,#17062),(#17063,#17064),
(#17065,#17066),(#17067,#17068),(#17069,#17070)),.UNSPECIFIED.,.F.,.F.,
 .F.,(4,1,4),(2,2),(-0.00734997576808006,-0.00421941494363235,0.),(0.,0.01),
 .UNSPECIFIED.);
#379=B_SPLINE_SURFACE_WITH_KNOTS('',3,1,((#17084,#17085),(#17086,#17087),
(#17088,#17089),(#17090,#17091),(#17092,#17093)),.UNSPECIFIED.,.F.,.F.,
 .F.,(4,1,4),(2,2),(-0.00842734867699593,-0.00426046756987945,0.),(0.,0.01),
 .UNSPECIFIED.);
#380=B_SPLINE_SURFACE_WITH_KNOTS('',3,1,((#17107,#17108),(#17109,#17110),
(#17111,#17112),(#17113,#17114),(#17115,#17116)),.UNSPECIFIED.,.F.,.F.,
 .F.,(4,1,4),(2,2),(-0.00866624494905543,-0.00422372323964642,0.),(0.,0.01),
 .UNSPECIFIED.);
#381=B_SPLINE_SURFACE_WITH_KNOTS('',3,1,((#17130,#17131),(#17132,#17133),
(#17134,#17135),(#17136,#17137),(#17138,#17139)),.UNSPECIFIED.,.F.,.F.,
 .F.,(4,1,4),(2,2),(-0.018830129340787,-0.0095148945824582,0.),(0.,0.01),
 .UNSPECIFIED.);
#382=B_SPLINE_SURFACE_WITH_KNOTS('',3,1,((#17153,#17154),(#17155,#17156),
(#17157,#17158),(#17159,#17160),(#17161,#17162)),.UNSPECIFIED.,.F.,.F.,
 .F.,(4,1,4),(2,2),(-0.020362646018978,-0.00866741234483912,0.),(0.,0.01),
 .UNSPECIFIED.);
#383=B_SPLINE_SURFACE_WITH_KNOTS('',3,1,((#17176,#17177),(#17178,#17179),
(#17180,#17181),(#17182,#17183),(#17184,#17185)),.UNSPECIFIED.,.F.,.F.,
 .F.,(4,1,4),(2,2),(-0.0236863552510505,-0.0140913969911993,0.),(0.,0.01),
 .UNSPECIFIED.);
#384=B_SPLINE_SURFACE_WITH_KNOTS('',3,1,((#17199,#17200),(#17201,#17202),
(#17203,#17204),(#17205,#17206),(#17207,#17208)),.UNSPECIFIED.,.F.,.F.,
 .F.,(4,1,4),(2,2),(-0.0158806322257687,-0.00761948492694292,0.),(0.,0.01),
 .UNSPECIFIED.);
#385=B_SPLINE_SURFACE_WITH_KNOTS('',3,1,((#17222,#17223),(#17224,#17225),
(#17226,#17227),(#17228,#17229),(#17230,#17231)),.UNSPECIFIED.,.F.,.F.,
 .F.,(4,1,4),(2,2),(-0.0146009246694632,-0.00787527592180364,0.),(0.,0.01),
 .UNSPECIFIED.);
#386=B_SPLINE_SURFACE_WITH_KNOTS('',3,1,((#17245,#17246),(#17247,#17248),
(#17249,#17250),(#17251,#17252),(#17253,#17254)),.UNSPECIFIED.,.F.,.F.,
 .F.,(4,1,4),(2,2),(-0.0160401601318169,-0.00726565020016252,0.),(0.,0.01),
 .UNSPECIFIED.);
#387=FACE_BOUND('',#1595,.T.);
#388=FACE_BOUND('',#1596,.T.);
#389=FACE_BOUND('',#1597,.T.);
#390=FACE_BOUND('',#1598,.T.);
#391=FACE_BOUND('',#1599,.T.);
#392=FACE_BOUND('',#1600,.T.);
#393=FACE_BOUND('',#1601,.T.);
#394=FACE_BOUND('',#1602,.T.);
#395=FACE_BOUND('',#1615,.T.);
#396=FACE_BOUND('',#1616,.T.);
#397=FACE_BOUND('',#1617,.T.);
#398=FACE_BOUND('',#1618,.T.);
#399=FACE_BOUND('',#1619,.T.);
#400=FACE_BOUND('',#1620,.T.);
#401=FACE_BOUND('',#1621,.T.);
#402=FACE_BOUND('',#1622,.T.);
#403=FACE_BOUND('',#1657,.T.);
#404=FACE_BOUND('',#1659,.T.);
#405=FACE_BOUND('',#1748,.T.);
#406=FACE_BOUND('',#1750,.T.);
#407=FACE_BOUND('',#1802,.T.);
#408=FACE_BOUND('',#1804,.T.);
#409=FACE_BOUND('',#1843,.T.);
#410=FACE_BOUND('',#2106,.T.);
#411=FACE_BOUND('',#2108,.T.);
#412=CIRCLE('',#10627,0.6);
#413=CIRCLE('',#10628,0.6);
#414=CIRCLE('',#10630,0.5);
#415=CIRCLE('',#10631,0.5);
#416=CIRCLE('',#10633,0.5);
#417=CIRCLE('',#10634,0.5);
#418=CIRCLE('',#10636,0.5);
#419=CIRCLE('',#10637,0.5);
#420=CIRCLE('',#10639,1.);
#421=CIRCLE('',#10640,1.);
#422=CIRCLE('',#10642,1.);
#423=CIRCLE('',#10643,1.);
#424=CIRCLE('',#10644,1.);
#425=CIRCLE('',#10645,1.25);
#426=CIRCLE('',#10646,1.25);
#427=CIRCLE('',#10647,1.25);
#428=CIRCLE('',#10648,1.25);
#429=CIRCLE('',#10651,1.);
#430=CIRCLE('',#10653,1.);
#431=CIRCLE('',#10656,1.);
#432=CIRCLE('',#10658,1.25);
#433=CIRCLE('',#10660,1.25);
#434=CIRCLE('',#10662,1.25);
#435=CIRCLE('',#10664,1.25);
#436=CIRCLE('',#10759,0.608276239433788);
#437=CIRCLE('',#10760,0.608276239433788);
#438=CIRCLE('',#10774,0.399999999999999);
#439=CIRCLE('',#10775,0.399999999999999);
#440=CIRCLE('',#10777,0.4);
#441=CIRCLE('',#10778,0.4);
#442=CIRCLE('',#10783,0.900000000000001);
#443=CIRCLE('',#10784,0.900000000000001);
#444=CIRCLE('',#10786,0.150000000000001);
#445=CIRCLE('',#10787,0.150000000000001);
#446=CIRCLE('',#10794,0.399999999999999);
#447=CIRCLE('',#10795,0.399999999999999);
#448=CIRCLE('',#10797,0.4);
#449=CIRCLE('',#10798,0.4);
#450=CIRCLE('',#10803,0.900000000000001);
#451=CIRCLE('',#10804,0.900000000000001);
#452=CIRCLE('',#10806,0.150000000000001);
#453=CIRCLE('',#10807,0.150000000000001);
#454=CIRCLE('',#10814,0.399999999999999);
#455=CIRCLE('',#10815,0.399999999999999);
#456=CIRCLE('',#10817,0.4);
#457=CIRCLE('',#10818,0.4);
#458=CIRCLE('',#10823,0.900000000000001);
#459=CIRCLE('',#10824,0.900000000000001);
#460=CIRCLE('',#10826,0.150000000000001);
#461=CIRCLE('',#10827,0.150000000000001);
#462=CIRCLE('',#10834,0.399999999999999);
#463=CIRCLE('',#10835,0.399999999999999);
#464=CIRCLE('',#10837,0.4);
#465=CIRCLE('',#10838,0.4);
#466=CIRCLE('',#10843,0.900000000000001);
#467=CIRCLE('',#10844,0.900000000000001);
#468=CIRCLE('',#10846,0.150000000000001);
#469=CIRCLE('',#10847,0.150000000000001);
#470=CIRCLE('',#10854,0.399999999999999);
#471=CIRCLE('',#10855,0.399999999999999);
#472=CIRCLE('',#10857,0.4);
#473=CIRCLE('',#10858,0.4);
#474=CIRCLE('',#10863,0.900000000000001);
#475=CIRCLE('',#10864,0.900000000000001);
#476=CIRCLE('',#10866,0.150000000000001);
#477=CIRCLE('',#10867,0.150000000000001);
#478=CIRCLE('',#10874,0.399999999999999);
#479=CIRCLE('',#10875,0.399999999999999);
#480=CIRCLE('',#10877,0.4);
#481=CIRCLE('',#10878,0.4);
#482=CIRCLE('',#10883,0.900000000000001);
#483=CIRCLE('',#10884,0.900000000000001);
#484=CIRCLE('',#10886,0.150000000000001);
#485=CIRCLE('',#10887,0.150000000000001);
#486=CIRCLE('',#10894,0.399999999999999);
#487=CIRCLE('',#10895,0.399999999999999);
#488=CIRCLE('',#10897,0.4);
#489=CIRCLE('',#10898,0.4);
#490=CIRCLE('',#10903,0.900000000000001);
#491=CIRCLE('',#10904,0.900000000000001);
#492=CIRCLE('',#10906,0.150000000000001);
#493=CIRCLE('',#10907,0.150000000000001);
#494=CIRCLE('',#10914,0.399999999999999);
#495=CIRCLE('',#10915,0.399999999999999);
#496=CIRCLE('',#10917,0.4);
#497=CIRCLE('',#10918,0.4);
#498=CIRCLE('',#10923,0.900000000000001);
#499=CIRCLE('',#10924,0.900000000000001);
#500=CIRCLE('',#10926,0.150000000000001);
#501=CIRCLE('',#10927,0.150000000000001);
#502=CIRCLE('',#10934,0.399999999999999);
#503=CIRCLE('',#10935,0.399999999999999);
#504=CIRCLE('',#10937,0.4);
#505=CIRCLE('',#10938,0.4);
#506=CIRCLE('',#10943,0.900000000000001);
#507=CIRCLE('',#10944,0.900000000000001);
#508=CIRCLE('',#10946,0.150000000000001);
#509=CIRCLE('',#10947,0.150000000000001);
#510=CIRCLE('',#10954,0.399999999999999);
#511=CIRCLE('',#10955,0.399999999999999);
#512=CIRCLE('',#10957,0.4);
#513=CIRCLE('',#10958,0.4);
#514=CIRCLE('',#10963,0.900000000000001);
#515=CIRCLE('',#10964,0.900000000000001);
#516=CIRCLE('',#10966,0.150000000000001);
#517=CIRCLE('',#10967,0.150000000000001);
#518=CIRCLE('',#10975,0.399999999999999);
#519=CIRCLE('',#10976,0.399999999999999);
#520=CIRCLE('',#10978,0.4);
#521=CIRCLE('',#10979,0.4);
#522=CIRCLE('',#10984,0.900000000000001);
#523=CIRCLE('',#10985,0.900000000000001);
#524=CIRCLE('',#10987,0.150000000000001);
#525=CIRCLE('',#10988,0.150000000000001);
#526=CIRCLE('',#10995,0.399999999999999);
#527=CIRCLE('',#10996,0.399999999999999);
#528=CIRCLE('',#10998,0.4);
#529=CIRCLE('',#10999,0.4);
#530=CIRCLE('',#11004,0.900000000000001);
#531=CIRCLE('',#11005,0.900000000000001);
#532=CIRCLE('',#11007,0.150000000000001);
#533=CIRCLE('',#11008,0.150000000000001);
#534=CIRCLE('',#11015,0.399999999999999);
#535=CIRCLE('',#11016,0.399999999999999);
#536=CIRCLE('',#11018,0.4);
#537=CIRCLE('',#11019,0.4);
#538=CIRCLE('',#11024,0.900000000000001);
#539=CIRCLE('',#11025,0.900000000000001);
#540=CIRCLE('',#11027,0.150000000000001);
#541=CIRCLE('',#11028,0.150000000000001);
#542=CIRCLE('',#11035,0.399999999999999);
#543=CIRCLE('',#11036,0.399999999999999);
#544=CIRCLE('',#11038,0.4);
#545=CIRCLE('',#11039,0.4);
#546=CIRCLE('',#11044,0.900000000000001);
#547=CIRCLE('',#11045,0.900000000000001);
#548=CIRCLE('',#11047,0.150000000000001);
#549=CIRCLE('',#11048,0.150000000000001);
#550=CIRCLE('',#11055,0.399999999999999);
#551=CIRCLE('',#11056,0.399999999999999);
#552=CIRCLE('',#11058,0.4);
#553=CIRCLE('',#11059,0.4);
#554=CIRCLE('',#11064,0.900000000000001);
#555=CIRCLE('',#11065,0.900000000000001);
#556=CIRCLE('',#11067,0.150000000000001);
#557=CIRCLE('',#11068,0.150000000000001);
#558=CIRCLE('',#11075,0.399999999999999);
#559=CIRCLE('',#11076,0.399999999999999);
#560=CIRCLE('',#11078,0.4);
#561=CIRCLE('',#11079,0.4);
#562=CIRCLE('',#11084,0.900000000000001);
#563=CIRCLE('',#11085,0.900000000000001);
#564=CIRCLE('',#11087,0.150000000000001);
#565=CIRCLE('',#11088,0.150000000000001);
#566=CIRCLE('',#11095,0.399999999999999);
#567=CIRCLE('',#11096,0.399999999999999);
#568=CIRCLE('',#11098,0.4);
#569=CIRCLE('',#11099,0.4);
#570=CIRCLE('',#11104,0.900000000000001);
#571=CIRCLE('',#11105,0.900000000000001);
#572=CIRCLE('',#11107,0.150000000000001);
#573=CIRCLE('',#11108,0.150000000000001);
#574=CIRCLE('',#11115,0.399999999999999);
#575=CIRCLE('',#11116,0.399999999999999);
#576=CIRCLE('',#11118,0.4);
#577=CIRCLE('',#11119,0.4);
#578=CIRCLE('',#11124,0.900000000000001);
#579=CIRCLE('',#11125,0.900000000000001);
#580=CIRCLE('',#11127,0.150000000000001);
#581=CIRCLE('',#11128,0.150000000000001);
#582=CIRCLE('',#11135,0.399999999999999);
#583=CIRCLE('',#11136,0.399999999999999);
#584=CIRCLE('',#11138,0.4);
#585=CIRCLE('',#11139,0.4);
#586=CIRCLE('',#11144,0.900000000000001);
#587=CIRCLE('',#11145,0.900000000000001);
#588=CIRCLE('',#11147,0.150000000000001);
#589=CIRCLE('',#11148,0.150000000000001);
#590=CIRCLE('',#11155,0.399999999999999);
#591=CIRCLE('',#11156,0.399999999999999);
#592=CIRCLE('',#11158,0.4);
#593=CIRCLE('',#11159,0.4);
#594=CIRCLE('',#11164,0.900000000000001);
#595=CIRCLE('',#11165,0.900000000000001);
#596=CIRCLE('',#11167,0.150000000000001);
#597=CIRCLE('',#11168,0.150000000000001);
#598=CIRCLE('',#11184,0.1);
#599=CIRCLE('',#11185,0.1);
#600=CIRCLE('',#11188,0.1);
#601=CIRCLE('',#11189,0.1);
#602=CIRCLE('',#11193,0.1);
#603=CIRCLE('',#11194,0.1);
#604=CIRCLE('',#11197,0.1);
#605=CIRCLE('',#11198,0.1);
#606=CIRCLE('',#11214,0.1);
#607=CIRCLE('',#11217,0.1);
#608=CIRCLE('',#11219,0.1);
#609=CIRCLE('',#11221,0.1);
#610=CIRCLE('',#11223,0.0999999999999995);
#611=CIRCLE('',#11225,1.02999977809743);
#612=CIRCLE('',#11226,1.46999977809743);
#613=CIRCLE('',#11228,0.1);
#614=CIRCLE('',#11232,0.1);
#615=CIRCLE('',#11234,0.1);
#616=CIRCLE('',#11239,0.0999999999999989);
#617=CIRCLE('',#11242,0.0999999999999989);
#618=CIRCLE('',#11245,0.0999999999999989);
#619=CIRCLE('',#11247,0.0999999999999989);
#620=CIRCLE('',#11249,0.1);
#621=CIRCLE('',#11252,0.0999999999999979);
#622=CIRCLE('',#11255,0.1);
#623=CIRCLE('',#11258,0.0999999999999934);
#624=CIRCLE('',#11260,1.46999977809743);
#625=CIRCLE('',#11261,1.02999977809743);
#626=CIRCLE('',#11263,0.929999778097428);
#627=CIRCLE('',#11265,1.56999977809743);
#628=CIRCLE('',#11267,0.929999778097428);
#629=CIRCLE('',#11269,1.56999977809743);
#630=CYLINDRICAL_SURFACE('',#10626,0.6);
#631=CYLINDRICAL_SURFACE('',#10629,0.5);
#632=CYLINDRICAL_SURFACE('',#10632,0.5);
#633=CYLINDRICAL_SURFACE('',#10635,0.5);
#634=CYLINDRICAL_SURFACE('',#10638,1.);
#635=CYLINDRICAL_SURFACE('',#10650,1.);
#636=CYLINDRICAL_SURFACE('',#10652,1.);
#637=CYLINDRICAL_SURFACE('',#10655,1.);
#638=CYLINDRICAL_SURFACE('',#10657,1.25);
#639=CYLINDRICAL_SURFACE('',#10659,1.25);
#640=CYLINDRICAL_SURFACE('',#10661,1.25);
#641=CYLINDRICAL_SURFACE('',#10663,1.25);
#642=CYLINDRICAL_SURFACE('',#10758,0.608276239433788);
#643=CYLINDRICAL_SURFACE('',#10773,0.399999999999999);
#644=CYLINDRICAL_SURFACE('',#10776,0.4);
#645=CYLINDRICAL_SURFACE('',#10782,0.900000000000001);
#646=CYLINDRICAL_SURFACE('',#10785,0.150000000000001);
#647=CYLINDRICAL_SURFACE('',#10793,0.399999999999999);
#648=CYLINDRICAL_SURFACE('',#10796,0.4);
#649=CYLINDRICAL_SURFACE('',#10802,0.900000000000001);
#650=CYLINDRICAL_SURFACE('',#10805,0.150000000000001);
#651=CYLINDRICAL_SURFACE('',#10813,0.399999999999999);
#652=CYLINDRICAL_SURFACE('',#10816,0.4);
#653=CYLINDRICAL_SURFACE('',#10822,0.900000000000001);
#654=CYLINDRICAL_SURFACE('',#10825,0.150000000000001);
#655=CYLINDRICAL_SURFACE('',#10833,0.399999999999999);
#656=CYLINDRICAL_SURFACE('',#10836,0.4);
#657=CYLINDRICAL_SURFACE('',#10842,0.900000000000001);
#658=CYLINDRICAL_SURFACE('',#10845,0.150000000000001);
#659=CYLINDRICAL_SURFACE('',#10853,0.399999999999999);
#660=CYLINDRICAL_SURFACE('',#10856,0.4);
#661=CYLINDRICAL_SURFACE('',#10862,0.900000000000001);
#662=CYLINDRICAL_SURFACE('',#10865,0.150000000000001);
#663=CYLINDRICAL_SURFACE('',#10873,0.399999999999999);
#664=CYLINDRICAL_SURFACE('',#10876,0.4);
#665=CYLINDRICAL_SURFACE('',#10882,0.900000000000001);
#666=CYLINDRICAL_SURFACE('',#10885,0.150000000000001);
#667=CYLINDRICAL_SURFACE('',#10893,0.399999999999999);
#668=CYLINDRICAL_SURFACE('',#10896,0.4);
#669=CYLINDRICAL_SURFACE('',#10902,0.900000000000001);
#670=CYLINDRICAL_SURFACE('',#10905,0.150000000000001);
#671=CYLINDRICAL_SURFACE('',#10913,0.399999999999999);
#672=CYLINDRICAL_SURFACE('',#10916,0.4);
#673=CYLINDRICAL_SURFACE('',#10922,0.900000000000001);
#674=CYLINDRICAL_SURFACE('',#10925,0.150000000000001);
#675=CYLINDRICAL_SURFACE('',#10933,0.399999999999999);
#676=CYLINDRICAL_SURFACE('',#10936,0.4);
#677=CYLINDRICAL_SURFACE('',#10942,0.900000000000001);
#678=CYLINDRICAL_SURFACE('',#10945,0.150000000000001);
#679=CYLINDRICAL_SURFACE('',#10953,0.399999999999999);
#680=CYLINDRICAL_SURFACE('',#10956,0.4);
#681=CYLINDRICAL_SURFACE('',#10962,0.900000000000001);
#682=CYLINDRICAL_SURFACE('',#10965,0.150000000000001);
#683=CYLINDRICAL_SURFACE('',#10974,0.399999999999999);
#684=CYLINDRICAL_SURFACE('',#10977,0.4);
#685=CYLINDRICAL_SURFACE('',#10983,0.900000000000001);
#686=CYLINDRICAL_SURFACE('',#10986,0.150000000000001);
#687=CYLINDRICAL_SURFACE('',#10994,0.399999999999999);
#688=CYLINDRICAL_SURFACE('',#10997,0.4);
#689=CYLINDRICAL_SURFACE('',#11003,0.900000000000001);
#690=CYLINDRICAL_SURFACE('',#11006,0.150000000000001);
#691=CYLINDRICAL_SURFACE('',#11014,0.399999999999999);
#692=CYLINDRICAL_SURFACE('',#11017,0.4);
#693=CYLINDRICAL_SURFACE('',#11023,0.900000000000001);
#694=CYLINDRICAL_SURFACE('',#11026,0.150000000000001);
#695=CYLINDRICAL_SURFACE('',#11034,0.399999999999999);
#696=CYLINDRICAL_SURFACE('',#11037,0.4);
#697=CYLINDRICAL_SURFACE('',#11043,0.900000000000001);
#698=CYLINDRICAL_SURFACE('',#11046,0.150000000000001);
#699=CYLINDRICAL_SURFACE('',#11054,0.399999999999999);
#700=CYLINDRICAL_SURFACE('',#11057,0.4);
#701=CYLINDRICAL_SURFACE('',#11063,0.900000000000001);
#702=CYLINDRICAL_SURFACE('',#11066,0.150000000000001);
#703=CYLINDRICAL_SURFACE('',#11074,0.399999999999999);
#704=CYLINDRICAL_SURFACE('',#11077,0.4);
#705=CYLINDRICAL_SURFACE('',#11083,0.900000000000001);
#706=CYLINDRICAL_SURFACE('',#11086,0.150000000000001);
#707=CYLINDRICAL_SURFACE('',#11094,0.399999999999999);
#708=CYLINDRICAL_SURFACE('',#11097,0.4);
#709=CYLINDRICAL_SURFACE('',#11103,0.900000000000001);
#710=CYLINDRICAL_SURFACE('',#11106,0.150000000000001);
#711=CYLINDRICAL_SURFACE('',#11114,0.399999999999999);
#712=CYLINDRICAL_SURFACE('',#11117,0.4);
#713=CYLINDRICAL_SURFACE('',#11123,0.900000000000001);
#714=CYLINDRICAL_SURFACE('',#11126,0.150000000000001);
#715=CYLINDRICAL_SURFACE('',#11134,0.399999999999999);
#716=CYLINDRICAL_SURFACE('',#11137,0.4);
#717=CYLINDRICAL_SURFACE('',#11143,0.900000000000001);
#718=CYLINDRICAL_SURFACE('',#11146,0.150000000000001);
#719=CYLINDRICAL_SURFACE('',#11154,0.399999999999999);
#720=CYLINDRICAL_SURFACE('',#11157,0.4);
#721=CYLINDRICAL_SURFACE('',#11163,0.900000000000001);
#722=CYLINDRICAL_SURFACE('',#11166,0.150000000000001);
#723=CYLINDRICAL_SURFACE('',#11183,0.1);
#724=CYLINDRICAL_SURFACE('',#11187,0.1);
#725=CYLINDRICAL_SURFACE('',#11192,0.1);
#726=CYLINDRICAL_SURFACE('',#11196,0.1);
#727=CYLINDRICAL_SURFACE('',#11222,0.1);
#728=CYLINDRICAL_SURFACE('',#11227,0.1);
#729=CYLINDRICAL_SURFACE('',#11231,0.1);
#730=CYLINDRICAL_SURFACE('',#11233,0.1);
#731=CYLINDRICAL_SURFACE('',#11248,0.1);
#732=CYLINDRICAL_SURFACE('',#11251,0.1);
#733=CYLINDRICAL_SURFACE('',#11254,0.1);
#734=CYLINDRICAL_SURFACE('',#11257,0.1);
#735=CYLINDRICAL_SURFACE('',#11270,0.929999778097428);
#736=CYLINDRICAL_SURFACE('',#11271,1.56999977809743);
#737=ITEM_DEFINED_TRANSFORMATION($,$,#10570,#10619);
#738=ITEM_DEFINED_TRANSFORMATION($,$,#10570,#10620);
#739=ITEM_DEFINED_TRANSFORMATION($,$,#10570,#10621);
#740=ITEM_DEFINED_TRANSFORMATION($,$,#10570,#10622);
#741=ITEM_DEFINED_TRANSFORMATION($,$,#10562,#10623);
#742=ITEM_DEFINED_TRANSFORMATION($,$,#10569,#10624);
#743=ITEM_DEFINED_TRANSFORMATION($,$,#10757,#11174);
#744=ITEM_DEFINED_TRANSFORMATION($,$,#10772,#11175);
#745=ITEM_DEFINED_TRANSFORMATION($,$,#10973,#11176);
#746=ITEM_DEFINED_TRANSFORMATION($,$,#11182,#11272);
#747=ITEM_DEFINED_TRANSFORMATION($,$,#11209,#11273);
#748=ITEM_DEFINED_TRANSFORMATION($,$,#11182,#11274);
#749=ITEM_DEFINED_TRANSFORMATION($,$,#11209,#11275);
#750=ITEM_DEFINED_TRANSFORMATION($,$,#11182,#11276);
#751=ITEM_DEFINED_TRANSFORMATION($,$,#11209,#11277);
#752=ITEM_DEFINED_TRANSFORMATION($,$,#11182,#11278);
#753=ITEM_DEFINED_TRANSFORMATION($,$,#11209,#11279);
#754=ITEM_DEFINED_TRANSFORMATION($,$,#11178,#11280);
#755=ITEM_DEFINED_TRANSFORMATION($,$,#11179,#11281);
#756=ITEM_DEFINED_TRANSFORMATION($,$,#11180,#11282);
#757=ITEM_DEFINED_TRANSFORMATION($,$,#11181,#11283);
#758=ITEM_DEFINED_TRANSFORMATION($,$,#10561,#11284);
#759=ITEM_DEFINED_TRANSFORMATION($,$,#10625,#11285);
#760=ITEM_DEFINED_TRANSFORMATION($,$,#10668,#11286);
#761=ITEM_DEFINED_TRANSFORMATION($,$,#10756,#11287);
#762=ITEM_DEFINED_TRANSFORMATION($,$,#11177,#11288);
#763=(
REPRESENTATION_RELATIONSHIP($,$,#18948,#18947)
REPRESENTATION_RELATIONSHIP_WITH_TRANSFORMATION(#737)
SHAPE_REPRESENTATION_RELATIONSHIP()
);
#764=(
REPRESENTATION_RELATIONSHIP($,$,#18948,#18947)
REPRESENTATION_RELATIONSHIP_WITH_TRANSFORMATION(#738)
SHAPE_REPRESENTATION_RELATIONSHIP()
);
#765=(
REPRESENTATION_RELATIONSHIP($,$,#18948,#18947)
REPRESENTATION_RELATIONSHIP_WITH_TRANSFORMATION(#739)
SHAPE_REPRESENTATION_RELATIONSHIP()
);
#766=(
REPRESENTATION_RELATIONSHIP($,$,#18948,#18947)
REPRESENTATION_RELATIONSHIP_WITH_TRANSFORMATION(#740)
SHAPE_REPRESENTATION_RELATIONSHIP()
);
#767=(
REPRESENTATION_RELATIONSHIP($,$,#18946,#18945)
REPRESENTATION_RELATIONSHIP_WITH_TRANSFORMATION(#741)
SHAPE_REPRESENTATION_RELATIONSHIP()
);
#768=(
REPRESENTATION_RELATIONSHIP($,$,#18947,#18945)
REPRESENTATION_RELATIONSHIP_WITH_TRANSFORMATION(#742)
SHAPE_REPRESENTATION_RELATIONSHIP()
);
#769=(
REPRESENTATION_RELATIONSHIP($,$,#18952,#18951)
REPRESENTATION_RELATIONSHIP_WITH_TRANSFORMATION(#743)
SHAPE_REPRESENTATION_RELATIONSHIP()
);
#770=(
REPRESENTATION_RELATIONSHIP($,$,#18953,#18951)
REPRESENTATION_RELATIONSHIP_WITH_TRANSFORMATION(#744)
SHAPE_REPRESENTATION_RELATIONSHIP()
);
#771=(
REPRESENTATION_RELATIONSHIP($,$,#18954,#18951)
REPRESENTATION_RELATIONSHIP_WITH_TRANSFORMATION(#745)
SHAPE_REPRESENTATION_RELATIONSHIP()
);
#772=(
REPRESENTATION_RELATIONSHIP($,$,#18960,#18956)
REPRESENTATION_RELATIONSHIP_WITH_TRANSFORMATION(#746)
SHAPE_REPRESENTATION_RELATIONSHIP()
);
#773=(
REPRESENTATION_RELATIONSHIP($,$,#18961,#18956)
REPRESENTATION_RELATIONSHIP_WITH_TRANSFORMATION(#747)
SHAPE_REPRESENTATION_RELATIONSHIP()
);
#774=(
REPRESENTATION_RELATIONSHIP($,$,#18960,#18957)
REPRESENTATION_RELATIONSHIP_WITH_TRANSFORMATION(#748)
SHAPE_REPRESENTATION_RELATIONSHIP()
);
#775=(
REPRESENTATION_RELATIONSHIP($,$,#18961,#18957)
REPRESENTATION_RELATIONSHIP_WITH_TRANSFORMATION(#749)
SHAPE_REPRESENTATION_RELATIONSHIP()
);
#776=(
REPRESENTATION_RELATIONSHIP($,$,#18960,#18958)
REPRESENTATION_RELATIONSHIP_WITH_TRANSFORMATION(#750)
SHAPE_REPRESENTATION_RELATIONSHIP()
);
#777=(
REPRESENTATION_RELATIONSHIP($,$,#18961,#18958)
REPRESENTATION_RELATIONSHIP_WITH_TRANSFORMATION(#751)
SHAPE_REPRESENTATION_RELATIONSHIP()
);
#778=(
REPRESENTATION_RELATIONSHIP($,$,#18960,#18959)
REPRESENTATION_RELATIONSHIP_WITH_TRANSFORMATION(#752)
SHAPE_REPRESENTATION_RELATIONSHIP()
);
#779=(
REPRESENTATION_RELATIONSHIP($,$,#18961,#18959)
REPRESENTATION_RELATIONSHIP_WITH_TRANSFORMATION(#753)
SHAPE_REPRESENTATION_RELATIONSHIP()
);
#780=(
REPRESENTATION_RELATIONSHIP($,$,#18956,#18955)
REPRESENTATION_RELATIONSHIP_WITH_TRANSFORMATION(#754)
SHAPE_REPRESENTATION_RELATIONSHIP()
);
#781=(
REPRESENTATION_RELATIONSHIP($,$,#18957,#18955)
REPRESENTATION_RELATIONSHIP_WITH_TRANSFORMATION(#755)
SHAPE_REPRESENTATION_RELATIONSHIP()
);
#782=(
REPRESENTATION_RELATIONSHIP($,$,#18958,#18955)
REPRESENTATION_RELATIONSHIP_WITH_TRANSFORMATION(#756)
SHAPE_REPRESENTATION_RELATIONSHIP()
);
#783=(
REPRESENTATION_RELATIONSHIP($,$,#18959,#18955)
REPRESENTATION_RELATIONSHIP_WITH_TRANSFORMATION(#757)
SHAPE_REPRESENTATION_RELATIONSHIP()
);
#784=(
REPRESENTATION_RELATIONSHIP($,$,#18945,#18944)
REPRESENTATION_RELATIONSHIP_WITH_TRANSFORMATION(#758)
SHAPE_REPRESENTATION_RELATIONSHIP()
);
#785=(
REPRESENTATION_RELATIONSHIP($,$,#18949,#18944)
REPRESENTATION_RELATIONSHIP_WITH_TRANSFORMATION(#759)
SHAPE_REPRESENTATION_RELATIONSHIP()
);
#786=(
REPRESENTATION_RELATIONSHIP($,$,#18950,#18944)
REPRESENTATION_RELATIONSHIP_WITH_TRANSFORMATION(#760)
SHAPE_REPRESENTATION_RELATIONSHIP()
);
#787=(
REPRESENTATION_RELATIONSHIP($,$,#18951,#18944)
REPRESENTATION_RELATIONSHIP_WITH_TRANSFORMATION(#761)
SHAPE_REPRESENTATION_RELATIONSHIP()
);
#788=(
REPRESENTATION_RELATIONSHIP($,$,#18955,#18944)
REPRESENTATION_RELATIONSHIP_WITH_TRANSFORMATION(#762)
SHAPE_REPRESENTATION_RELATIONSHIP()
);
#789=CONTEXT_DEPENDENT_SHAPE_REPRESENTATION(#763,#18905);
#790=CONTEXT_DEPENDENT_SHAPE_REPRESENTATION(#764,#18906);
#791=CONTEXT_DEPENDENT_SHAPE_REPRESENTATION(#765,#18907);
#792=CONTEXT_DEPENDENT_SHAPE_REPRESENTATION(#766,#18908);
#793=CONTEXT_DEPENDENT_SHAPE_REPRESENTATION(#767,#18909);
#794=CONTEXT_DEPENDENT_SHAPE_REPRESENTATION(#768,#18910);
#795=CONTEXT_DEPENDENT_SHAPE_REPRESENTATION(#769,#18917);
#796=CONTEXT_DEPENDENT_SHAPE_REPRESENTATION(#770,#18918);
#797=CONTEXT_DEPENDENT_SHAPE_REPRESENTATION(#771,#18919);
#798=CONTEXT_DEPENDENT_SHAPE_REPRESENTATION(#772,#18927);
#799=CONTEXT_DEPENDENT_SHAPE_REPRESENTATION(#773,#18928);
#800=CONTEXT_DEPENDENT_SHAPE_REPRESENTATION(#774,#18929);
#801=CONTEXT_DEPENDENT_SHAPE_REPRESENTATION(#775,#18930);
#802=CONTEXT_DEPENDENT_SHAPE_REPRESENTATION(#776,#18931);
#803=CONTEXT_DEPENDENT_SHAPE_REPRESENTATION(#777,#18932);
#804=CONTEXT_DEPENDENT_SHAPE_REPRESENTATION(#778,#18933);
#805=CONTEXT_DEPENDENT_SHAPE_REPRESENTATION(#779,#18934);
#806=CONTEXT_DEPENDENT_SHAPE_REPRESENTATION(#780,#18935);
#807=CONTEXT_DEPENDENT_SHAPE_REPRESENTATION(#781,#18936);
#808=CONTEXT_DEPENDENT_SHAPE_REPRESENTATION(#782,#18937);
#809=CONTEXT_DEPENDENT_SHAPE_REPRESENTATION(#783,#18938);
#810=CONTEXT_DEPENDENT_SHAPE_REPRESENTATION(#784,#18939);
#811=CONTEXT_DEPENDENT_SHAPE_REPRESENTATION(#785,#18940);
#812=CONTEXT_DEPENDENT_SHAPE_REPRESENTATION(#786,#18941);
#813=CONTEXT_DEPENDENT_SHAPE_REPRESENTATION(#787,#18942);
#814=CONTEXT_DEPENDENT_SHAPE_REPRESENTATION(#788,#18943);
#815=NEXT_ASSEMBLY_USAGE_OCCURRENCE('Numeral:1','Numeral:1','Numeral:1',
#18966,#18967,'Numeral:1');
#816=NEXT_ASSEMBLY_USAGE_OCCURRENCE('Numeral:2','Numeral:2','Numeral:2',
#18966,#18967,'Numeral:2');
#817=NEXT_ASSEMBLY_USAGE_OCCURRENCE('Numeral:3','Numeral:3','Numeral:3',
#18966,#18967,'Numeral:3');
#818=NEXT_ASSEMBLY_USAGE_OCCURRENCE('Numeral:4','Numeral:4','Numeral:4',
#18966,#18967,'Numeral:4');
#819=NEXT_ASSEMBLY_USAGE_OCCURRENCE('Base:1','Base:1','Base:1',#18964,#18965,
'Base:1');
#820=NEXT_ASSEMBLY_USAGE_OCCURRENCE('Numerals:1','Numerals:1',
'Numerals:1',#18964,#18966,'Numerals:1');
#821=NEXT_ASSEMBLY_USAGE_OCCURRENCE('MainChipBody:1','MainChipBody:1',
'MainChipBody:1',#18970,#18971,'MainChipBody:1');
#822=NEXT_ASSEMBLY_USAGE_OCCURRENCE('Pin (1):1','Pin (1):1','Pin (1):1',
#18970,#18972,'Pin (1):1');
#823=NEXT_ASSEMBLY_USAGE_OCCURRENCE('Pin (1)(Mirror):1',
'Pin (1)(Mirror):1','Pin (1)(Mirror):1',#18970,#18973,
'Pin (1)(Mirror):1');
#824=NEXT_ASSEMBLY_USAGE_OCCURRENCE('PBlock:1','PBlock:1','PBlock:1',#18975,
#18979,'PBlock:1');
#825=NEXT_ASSEMBLY_USAGE_OCCURRENCE('Pin:1','Pin:1','Pin:1',#18975,#18980,
'Pin:1');
#826=NEXT_ASSEMBLY_USAGE_OCCURRENCE('PBlock:1','PBlock:1','PBlock:1',#18976,
#18979,'PBlock:1');
#827=NEXT_ASSEMBLY_USAGE_OCCURRENCE('Pin:1','Pin:1','Pin:1',#18976,#18980,
'Pin:1');
#828=NEXT_ASSEMBLY_USAGE_OCCURRENCE('PBlock:1','PBlock:1','PBlock:1',#18977,
#18979,'PBlock:1');
#829=NEXT_ASSEMBLY_USAGE_OCCURRENCE('Pin:1','Pin:1','Pin:1',#18977,#18980,
'Pin:1');
#830=NEXT_ASSEMBLY_USAGE_OCCURRENCE('PBlock:1','PBlock:1','PBlock:1',#18978,
#18979,'PBlock:1');
#831=NEXT_ASSEMBLY_USAGE_OCCURRENCE('Pin:1','Pin:1','Pin:1',#18978,#18980,
'Pin:1');
#832=NEXT_ASSEMBLY_USAGE_OCCURRENCE('Pingroup:1','Pingroup:1',
'Pingroup:1',#18974,#18975,'Pingroup:1');
#833=NEXT_ASSEMBLY_USAGE_OCCURRENCE('Pingroup:2','Pingroup:2',
'Pingroup:2',#18974,#18976,'Pingroup:2');
#834=NEXT_ASSEMBLY_USAGE_OCCURRENCE('Pingroup:3','Pingroup:3',
'Pingroup:3',#18974,#18977,'Pingroup:3');
#835=NEXT_ASSEMBLY_USAGE_OCCURRENCE('Pingroup:4','Pingroup:4',
'Pingroup:4',#18974,#18978,'Pingroup:4');
#836=NEXT_ASSEMBLY_USAGE_OCCURRENCE('7SegDisplay:1','7SegDisplay:1',
'7SegDisplay:1',#18963,#18964,'7SegDisplay:1');
#837=NEXT_ASSEMBLY_USAGE_OCCURRENCE('BasePCB:1','BasePCB:1','BasePCB:1',
#18963,#18968,'BasePCB:1');
#838=NEXT_ASSEMBLY_USAGE_OCCURRENCE('Labels:1','Labels:1','Labels:1',#18963,
#18969,'Labels:1');
#839=NEXT_ASSEMBLY_USAGE_OCCURRENCE('MainChip:1','MainChip:1',
'MainChip:1',#18963,#18970,'MainChip:1');
#840=NEXT_ASSEMBLY_USAGE_OCCURRENCE('Pins:1','Pins:1','Pins:1',#18963,#18974,
'Pins:1');
#841=SHAPE_REPRESENTATION_RELATIONSHIP('SRR','None',#18946,#850);
#842=SHAPE_REPRESENTATION_RELATIONSHIP('SRR','None',#18948,#851);
#843=SHAPE_REPRESENTATION_RELATIONSHIP('SRR','None',#18949,#852);
#844=SHAPE_REPRESENTATION_RELATIONSHIP('SRR','None',#18950,#853);
#845=SHAPE_REPRESENTATION_RELATIONSHIP('SRR','None',#18952,#854);
#846=SHAPE_REPRESENTATION_RELATIONSHIP('SRR','None',#18953,#855);
#847=SHAPE_REPRESENTATION_RELATIONSHIP('SRR','None',#18954,#856);
#848=SHAPE_REPRESENTATION_RELATIONSHIP('SRR','None',#18960,#857);
#849=SHAPE_REPRESENTATION_RELATIONSHIP('SRR','None',#18961,#858);
#850=ADVANCED_BREP_SHAPE_REPRESENTATION('',(#904),#18861);
#851=ADVANCED_BREP_SHAPE_REPRESENTATION('',(#905,#906,#907,#908,#909,#910,
#911),#18863);
#852=ADVANCED_BREP_SHAPE_REPRESENTATION('',(#912),#18864);
#853=ADVANCED_BREP_SHAPE_REPRESENTATION('',(#913,#914,#915,#916,#917,#918,
#919,#920,#921,#922,#923,#924),#18865);
#854=ADVANCED_BREP_SHAPE_REPRESENTATION('',(#925),#18867);
#855=ADVANCED_BREP_SHAPE_REPRESENTATION('',(#926,#927,#928,#929,#930,#931,
#932,#933,#934,#935),#18868);
#856=ADVANCED_BREP_SHAPE_REPRESENTATION('',(#936,#937,#938,#939,#940,#941,
#942,#943,#944,#945),#18869);
#857=ADVANCED_BREP_SHAPE_REPRESENTATION('',(#946),#18875);
#858=ADVANCED_BREP_SHAPE_REPRESENTATION('',(#947),#18876);
#859=STYLED_ITEM('',(#19038),#904);
#860=STYLED_ITEM('',(#19039),#905);
#861=STYLED_ITEM('',(#19039),#906);
#862=STYLED_ITEM('',(#19039),#907);
#863=STYLED_ITEM('',(#19039),#908);
#864=STYLED_ITEM('',(#19039),#909);
#865=STYLED_ITEM('',(#19039),#910);
#866=STYLED_ITEM('',(#19039),#911);
#867=STYLED_ITEM('',(#19040),#912);
#868=STYLED_ITEM('',(#19041),#913);
#869=STYLED_ITEM('',(#19041),#914);
#870=STYLED_ITEM('',(#19041),#915);
#871=STYLED_ITEM('',(#19041),#916);
#872=STYLED_ITEM('',(#19041),#917);
#873=STYLED_ITEM('',(#19041),#918);
#874=STYLED_ITEM('',(#19041),#919);
#875=STYLED_ITEM('',(#19041),#920);
#876=STYLED_ITEM('',(#19041),#921);
#877=STYLED_ITEM('',(#19041),#922);
#878=STYLED_ITEM('',(#19041),#923);
#879=STYLED_ITEM('',(#19041),#924);
#880=STYLED_ITEM('',(#19038),#925);
#881=STYLED_ITEM('',(#19044),#926);
#882=STYLED_ITEM('',(#19044),#927);
#883=STYLED_ITEM('',(#19044),#928);
#884=STYLED_ITEM('',(#19044),#929);
#885=STYLED_ITEM('',(#19044),#930);
#886=STYLED_ITEM('',(#19044),#931);
#887=STYLED_ITEM('',(#19044),#932);
#888=STYLED_ITEM('',(#19044),#933);
#889=STYLED_ITEM('',(#19044),#934);
#890=STYLED_ITEM('',(#19044),#935);
#891=STYLED_ITEM('',(#19044),#936);
#892=STYLED_ITEM('',(#19044),#937);
#893=STYLED_ITEM('',(#19044),#938);
#894=STYLED_ITEM('',(#19044),#939);
#895=STYLED_ITEM('',(#19044),#940);
#896=STYLED_ITEM('',(#19044),#941);
#897=STYLED_ITEM('',(#19044),#942);
#898=STYLED_ITEM('',(#19044),#943);
#899=STYLED_ITEM('',(#19044),#944);
#900=STYLED_ITEM('',(#19044),#945);
#901=STYLED_ITEM('',(#19038),#946);
#902=STYLED_ITEM('',(#19042),#947);
#903=STYLED_ITEM('',(#19045),#13);
#904=MANIFOLD_SOLID_BREP('Body1',#10416);
#905=MANIFOLD_SOLID_BREP('Body1',#10417);
#906=MANIFOLD_SOLID_BREP('Body2',#10418);
#907=MANIFOLD_SOLID_BREP('Body3',#10419);
#908=MANIFOLD_SOLID_BREP('Body4',#10420);
#909=MANIFOLD_SOLID_BREP('Body5',#10421);
#910=MANIFOLD_SOLID_BREP('Body6',#10422);
#911=MANIFOLD_SOLID_BREP('Body7',#10423);
#912=MANIFOLD_SOLID_BREP('Body1',#10424);
#913=MANIFOLD_SOLID_BREP('Body1',#10425);
#914=MANIFOLD_SOLID_BREP('Body2',#10426);
#915=MANIFOLD_SOLID_BREP('Body3',#10427);
#916=MANIFOLD_SOLID_BREP('Body4',#10428);
#917=MANIFOLD_SOLID_BREP('Body5',#10429);
#918=MANIFOLD_SOLID_BREP('Body6',#10430);
#919=MANIFOLD_SOLID_BREP('Body7',#10431);
#920=MANIFOLD_SOLID_BREP('Body8',#10432);
#921=MANIFOLD_SOLID_BREP('Body9',#10433);
#922=MANIFOLD_SOLID_BREP('Body10',#10434);
#923=MANIFOLD_SOLID_BREP('Body11',#10435);
#924=MANIFOLD_SOLID_BREP('Body12',#10436);
#925=MANIFOLD_SOLID_BREP('Body1',#10437);
#926=MANIFOLD_SOLID_BREP('Body1',#10438);
#927=MANIFOLD_SOLID_BREP('Body2',#10439);
#928=MANIFOLD_SOLID_BREP('Body3',#10440);
#929=MANIFOLD_SOLID_BREP('Body4',#10441);
#930=MANIFOLD_SOLID_BREP('Body5',#10442);
#931=MANIFOLD_SOLID_BREP('Body6',#10443);
#932=MANIFOLD_SOLID_BREP('Body7',#10444);
#933=MANIFOLD_SOLID_BREP('Body8',#10445);
#934=MANIFOLD_SOLID_BREP('Body9',#10446);
#935=MANIFOLD_SOLID_BREP('Body10',#10447);
#936=MANIFOLD_SOLID_BREP('Body1',#10448);
#937=MANIFOLD_SOLID_BREP('Body2',#10449);
#938=MANIFOLD_SOLID_BREP('Body3',#10450);
#939=MANIFOLD_SOLID_BREP('Body4',#10451);
#940=MANIFOLD_SOLID_BREP('Body5',#10452);
#941=MANIFOLD_SOLID_BREP('Body6',#10453);
#942=MANIFOLD_SOLID_BREP('Body7',#10454);
#943=MANIFOLD_SOLID_BREP('Body8',#10455);
#944=MANIFOLD_SOLID_BREP('Body9',#10456);
#945=MANIFOLD_SOLID_BREP('Body10',#10457);
#946=MANIFOLD_SOLID_BREP('Body1',#10458);
#947=MANIFOLD_SOLID_BREP('Body1',#10459);
#948=FACE_OUTER_BOUND('',#1535,.T.);
#949=FACE_OUTER_BOUND('',#1536,.T.);
#950=FACE_OUTER_BOUND('',#1537,.T.);
#951=FACE_OUTER_BOUND('',#1538,.T.);
#952=FACE_OUTER_BOUND('',#1539,.T.);
#953=FACE_OUTER_BOUND('',#1540,.T.);
#954=FACE_OUTER_BOUND('',#1541,.T.);
#955=FACE_OUTER_BOUND('',#1542,.T.);
#956=FACE_OUTER_BOUND('',#1543,.T.);
#957=FACE_OUTER_BOUND('',#1544,.T.);
#958=FACE_OUTER_BOUND('',#1545,.T.);
#959=FACE_OUTER_BOUND('',#1546,.T.);
#960=FACE_OUTER_BOUND('',#1547,.T.);
#961=FACE_OUTER_BOUND('',#1548,.T.);
#962=FACE_OUTER_BOUND('',#1549,.T.);
#963=FACE_OUTER_BOUND('',#1550,.T.);
#964=FACE_OUTER_BOUND('',#1551,.T.);
#965=FACE_OUTER_BOUND('',#1552,.T.);
#966=FACE_OUTER_BOUND('',#1553,.T.);
#967=FACE_OUTER_BOUND('',#1554,.T.);
#968=FACE_OUTER_BOUND('',#1555,.T.);
#969=FACE_OUTER_BOUND('',#1556,.T.);
#970=FACE_OUTER_BOUND('',#1557,.T.);
#971=FACE_OUTER_BOUND('',#1558,.T.);
#972=FACE_OUTER_BOUND('',#1559,.T.);
#973=FACE_OUTER_BOUND('',#1560,.T.);
#974=FACE_OUTER_BOUND('',#1561,.T.);
#975=FACE_OUTER_BOUND('',#1562,.T.);
#976=FACE_OUTER_BOUND('',#1563,.T.);
#977=FACE_OUTER_BOUND('',#1564,.T.);
#978=FACE_OUTER_BOUND('',#1565,.T.);
#979=FACE_OUTER_BOUND('',#1566,.T.);
#980=FACE_OUTER_BOUND('',#1567,.T.);
#981=FACE_OUTER_BOUND('',#1568,.T.);
#982=FACE_OUTER_BOUND('',#1569,.T.);
#983=FACE_OUTER_BOUND('',#1570,.T.);
#984=FACE_OUTER_BOUND('',#1571,.T.);
#985=FACE_OUTER_BOUND('',#1572,.T.);
#986=FACE_OUTER_BOUND('',#1573,.T.);
#987=FACE_OUTER_BOUND('',#1574,.T.);
#988=FACE_OUTER_BOUND('',#1575,.T.);
#989=FACE_OUTER_BOUND('',#1576,.T.);
#990=FACE_OUTER_BOUND('',#1577,.T.);
#991=FACE_OUTER_BOUND('',#1578,.T.);
#992=FACE_OUTER_BOUND('',#1579,.T.);
#993=FACE_OUTER_BOUND('',#1580,.T.);
#994=FACE_OUTER_BOUND('',#1581,.T.);
#995=FACE_OUTER_BOUND('',#1582,.T.);
#996=FACE_OUTER_BOUND('',#1583,.T.);
#997=FACE_OUTER_BOUND('',#1584,.T.);
#998=FACE_OUTER_BOUND('',#1585,.T.);
#999=FACE_OUTER_BOUND('',#1586,.T.);
#1000=FACE_OUTER_BOUND('',#1587,.T.);
#1001=FACE_OUTER_BOUND('',#1588,.T.);
#1002=FACE_OUTER_BOUND('',#1589,.T.);
#1003=FACE_OUTER_BOUND('',#1590,.T.);
#1004=FACE_OUTER_BOUND('',#1591,.T.);
#1005=FACE_OUTER_BOUND('',#1592,.T.);
#1006=FACE_OUTER_BOUND('',#1593,.T.);
#1007=FACE_OUTER_BOUND('',#1594,.T.);
#1008=FACE_OUTER_BOUND('',#1603,.T.);
#1009=FACE_OUTER_BOUND('',#1604,.T.);
#1010=FACE_OUTER_BOUND('',#1605,.T.);
#1011=FACE_OUTER_BOUND('',#1606,.T.);
#1012=FACE_OUTER_BOUND('',#1607,.T.);
#1013=FACE_OUTER_BOUND('',#1608,.T.);
#1014=FACE_OUTER_BOUND('',#1609,.T.);
#1015=FACE_OUTER_BOUND('',#1610,.T.);
#1016=FACE_OUTER_BOUND('',#1611,.T.);
#1017=FACE_OUTER_BOUND('',#1612,.T.);
#1018=FACE_OUTER_BOUND('',#1613,.T.);
#1019=FACE_OUTER_BOUND('',#1614,.T.);
#1020=FACE_OUTER_BOUND('',#1623,.T.);
#1021=FACE_OUTER_BOUND('',#1624,.T.);
#1022=FACE_OUTER_BOUND('',#1625,.T.);
#1023=FACE_OUTER_BOUND('',#1626,.T.);
#1024=FACE_OUTER_BOUND('',#1627,.T.);
#1025=FACE_OUTER_BOUND('',#1628,.T.);
#1026=FACE_OUTER_BOUND('',#1629,.T.);
#1027=FACE_OUTER_BOUND('',#1630,.T.);
#1028=FACE_OUTER_BOUND('',#1631,.T.);
#1029=FACE_OUTER_BOUND('',#1632,.T.);
#1030=FACE_OUTER_BOUND('',#1633,.T.);
#1031=FACE_OUTER_BOUND('',#1634,.T.);
#1032=FACE_OUTER_BOUND('',#1635,.T.);
#1033=FACE_OUTER_BOUND('',#1636,.T.);
#1034=FACE_OUTER_BOUND('',#1637,.T.);
#1035=FACE_OUTER_BOUND('',#1638,.T.);
#1036=FACE_OUTER_BOUND('',#1639,.T.);
#1037=FACE_OUTER_BOUND('',#1640,.T.);
#1038=FACE_OUTER_BOUND('',#1641,.T.);
#1039=FACE_OUTER_BOUND('',#1642,.T.);
#1040=FACE_OUTER_BOUND('',#1643,.T.);
#1041=FACE_OUTER_BOUND('',#1644,.T.);
#1042=FACE_OUTER_BOUND('',#1645,.T.);
#1043=FACE_OUTER_BOUND('',#1646,.T.);
#1044=FACE_OUTER_BOUND('',#1647,.T.);
#1045=FACE_OUTER_BOUND('',#1648,.T.);
#1046=FACE_OUTER_BOUND('',#1649,.T.);
#1047=FACE_OUTER_BOUND('',#1650,.T.);
#1048=FACE_OUTER_BOUND('',#1651,.T.);
#1049=FACE_OUTER_BOUND('',#1652,.T.);
#1050=FACE_OUTER_BOUND('',#1653,.T.);
#1051=FACE_OUTER_BOUND('',#1654,.T.);
#1052=FACE_OUTER_BOUND('',#1655,.T.);
#1053=FACE_OUTER_BOUND('',#1656,.T.);
#1054=FACE_OUTER_BOUND('',#1658,.T.);
#1055=FACE_OUTER_BOUND('',#1660,.T.);
#1056=FACE_OUTER_BOUND('',#1661,.T.);
#1057=FACE_OUTER_BOUND('',#1662,.T.);
#1058=FACE_OUTER_BOUND('',#1663,.T.);
#1059=FACE_OUTER_BOUND('',#1664,.T.);
#1060=FACE_OUTER_BOUND('',#1665,.T.);
#1061=FACE_OUTER_BOUND('',#1666,.T.);
#1062=FACE_OUTER_BOUND('',#1667,.T.);
#1063=FACE_OUTER_BOUND('',#1668,.T.);
#1064=FACE_OUTER_BOUND('',#1669,.T.);
#1065=FACE_OUTER_BOUND('',#1670,.T.);
#1066=FACE_OUTER_BOUND('',#1671,.T.);
#1067=FACE_OUTER_BOUND('',#1672,.T.);
#1068=FACE_OUTER_BOUND('',#1673,.T.);
#1069=FACE_OUTER_BOUND('',#1674,.T.);
#1070=FACE_OUTER_BOUND('',#1675,.T.);
#1071=FACE_OUTER_BOUND('',#1676,.T.);
#1072=FACE_OUTER_BOUND('',#1677,.T.);
#1073=FACE_OUTER_BOUND('',#1678,.T.);
#1074=FACE_OUTER_BOUND('',#1679,.T.);
#1075=FACE_OUTER_BOUND('',#1680,.T.);
#1076=FACE_OUTER_BOUND('',#1681,.T.);
#1077=FACE_OUTER_BOUND('',#1682,.T.);
#1078=FACE_OUTER_BOUND('',#1683,.T.);
#1079=FACE_OUTER_BOUND('',#1684,.T.);
#1080=FACE_OUTER_BOUND('',#1685,.T.);
#1081=FACE_OUTER_BOUND('',#1686,.T.);
#1082=FACE_OUTER_BOUND('',#1687,.T.);
#1083=FACE_OUTER_BOUND('',#1688,.T.);
#1084=FACE_OUTER_BOUND('',#1689,.T.);
#1085=FACE_OUTER_BOUND('',#1690,.T.);
#1086=FACE_OUTER_BOUND('',#1691,.T.);
#1087=FACE_OUTER_BOUND('',#1692,.T.);
#1088=FACE_OUTER_BOUND('',#1693,.T.);
#1089=FACE_OUTER_BOUND('',#1694,.T.);
#1090=FACE_OUTER_BOUND('',#1695,.T.);
#1091=FACE_OUTER_BOUND('',#1696,.T.);
#1092=FACE_OUTER_BOUND('',#1697,.T.);
#1093=FACE_OUTER_BOUND('',#1698,.T.);
#1094=FACE_OUTER_BOUND('',#1699,.T.);
#1095=FACE_OUTER_BOUND('',#1700,.T.);
#1096=FACE_OUTER_BOUND('',#1701,.T.);
#1097=FACE_OUTER_BOUND('',#1702,.T.);
#1098=FACE_OUTER_BOUND('',#1703,.T.);
#1099=FACE_OUTER_BOUND('',#1704,.T.);
#1100=FACE_OUTER_BOUND('',#1705,.T.);
#1101=FACE_OUTER_BOUND('',#1706,.T.);
#1102=FACE_OUTER_BOUND('',#1707,.T.);
#1103=FACE_OUTER_BOUND('',#1708,.T.);
#1104=FACE_OUTER_BOUND('',#1709,.T.);
#1105=FACE_OUTER_BOUND('',#1710,.T.);
#1106=FACE_OUTER_BOUND('',#1711,.T.);
#1107=FACE_OUTER_BOUND('',#1712,.T.);
#1108=FACE_OUTER_BOUND('',#1713,.T.);
#1109=FACE_OUTER_BOUND('',#1714,.T.);
#1110=FACE_OUTER_BOUND('',#1715,.T.);
#1111=FACE_OUTER_BOUND('',#1716,.T.);
#1112=FACE_OUTER_BOUND('',#1717,.T.);
#1113=FACE_OUTER_BOUND('',#1718,.T.);
#1114=FACE_OUTER_BOUND('',#1719,.T.);
#1115=FACE_OUTER_BOUND('',#1720,.T.);
#1116=FACE_OUTER_BOUND('',#1721,.T.);
#1117=FACE_OUTER_BOUND('',#1722,.T.);
#1118=FACE_OUTER_BOUND('',#1723,.T.);
#1119=FACE_OUTER_BOUND('',#1724,.T.);
#1120=FACE_OUTER_BOUND('',#1725,.T.);
#1121=FACE_OUTER_BOUND('',#1726,.T.);
#1122=FACE_OUTER_BOUND('',#1727,.T.);
#1123=FACE_OUTER_BOUND('',#1728,.T.);
#1124=FACE_OUTER_BOUND('',#1729,.T.);
#1125=FACE_OUTER_BOUND('',#1730,.T.);
#1126=FACE_OUTER_BOUND('',#1731,.T.);
#1127=FACE_OUTER_BOUND('',#1732,.T.);
#1128=FACE_OUTER_BOUND('',#1733,.T.);
#1129=FACE_OUTER_BOUND('',#1734,.T.);
#1130=FACE_OUTER_BOUND('',#1735,.T.);
#1131=FACE_OUTER_BOUND('',#1736,.T.);
#1132=FACE_OUTER_BOUND('',#1737,.T.);
#1133=FACE_OUTER_BOUND('',#1738,.T.);
#1134=FACE_OUTER_BOUND('',#1739,.T.);
#1135=FACE_OUTER_BOUND('',#1740,.T.);
#1136=FACE_OUTER_BOUND('',#1741,.T.);
#1137=FACE_OUTER_BOUND('',#1742,.T.);
#1138=FACE_OUTER_BOUND('',#1743,.T.);
#1139=FACE_OUTER_BOUND('',#1744,.T.);
#1140=FACE_OUTER_BOUND('',#1745,.T.);
#1141=FACE_OUTER_BOUND('',#1746,.T.);
#1142=FACE_OUTER_BOUND('',#1747,.T.);
#1143=FACE_OUTER_BOUND('',#1749,.T.);
#1144=FACE_OUTER_BOUND('',#1751,.T.);
#1145=FACE_OUTER_BOUND('',#1752,.T.);
#1146=FACE_OUTER_BOUND('',#1753,.T.);
#1147=FACE_OUTER_BOUND('',#1754,.T.);
#1148=FACE_OUTER_BOUND('',#1755,.T.);
#1149=FACE_OUTER_BOUND('',#1756,.T.);
#1150=FACE_OUTER_BOUND('',#1757,.T.);
#1151=FACE_OUTER_BOUND('',#1758,.T.);
#1152=FACE_OUTER_BOUND('',#1759,.T.);
#1153=FACE_OUTER_BOUND('',#1760,.T.);
#1154=FACE_OUTER_BOUND('',#1761,.T.);
#1155=FACE_OUTER_BOUND('',#1762,.T.);
#1156=FACE_OUTER_BOUND('',#1763,.T.);
#1157=FACE_OUTER_BOUND('',#1764,.T.);
#1158=FACE_OUTER_BOUND('',#1765,.T.);
#1159=FACE_OUTER_BOUND('',#1766,.T.);
#1160=FACE_OUTER_BOUND('',#1767,.T.);
#1161=FACE_OUTER_BOUND('',#1768,.T.);
#1162=FACE_OUTER_BOUND('',#1769,.T.);
#1163=FACE_OUTER_BOUND('',#1770,.T.);
#1164=FACE_OUTER_BOUND('',#1771,.T.);
#1165=FACE_OUTER_BOUND('',#1772,.T.);
#1166=FACE_OUTER_BOUND('',#1773,.T.);
#1167=FACE_OUTER_BOUND('',#1774,.T.);
#1168=FACE_OUTER_BOUND('',#1775,.T.);
#1169=FACE_OUTER_BOUND('',#1776,.T.);
#1170=FACE_OUTER_BOUND('',#1777,.T.);
#1171=FACE_OUTER_BOUND('',#1778,.T.);
#1172=FACE_OUTER_BOUND('',#1779,.T.);
#1173=FACE_OUTER_BOUND('',#1780,.T.);
#1174=FACE_OUTER_BOUND('',#1781,.T.);
#1175=FACE_OUTER_BOUND('',#1782,.T.);
#1176=FACE_OUTER_BOUND('',#1783,.T.);
#1177=FACE_OUTER_BOUND('',#1784,.T.);
#1178=FACE_OUTER_BOUND('',#1785,.T.);
#1179=FACE_OUTER_BOUND('',#1786,.T.);
#1180=FACE_OUTER_BOUND('',#1787,.T.);
#1181=FACE_OUTER_BOUND('',#1788,.T.);
#1182=FACE_OUTER_BOUND('',#1789,.T.);
#1183=FACE_OUTER_BOUND('',#1790,.T.);
#1184=FACE_OUTER_BOUND('',#1791,.T.);
#1185=FACE_OUTER_BOUND('',#1792,.T.);
#1186=FACE_OUTER_BOUND('',#1793,.T.);
#1187=FACE_OUTER_BOUND('',#1794,.T.);
#1188=FACE_OUTER_BOUND('',#1795,.T.);
#1189=FACE_OUTER_BOUND('',#1796,.T.);
#1190=FACE_OUTER_BOUND('',#1797,.T.);
#1191=FACE_OUTER_BOUND('',#1798,.T.);
#1192=FACE_OUTER_BOUND('',#1799,.T.);
#1193=FACE_OUTER_BOUND('',#1800,.T.);
#1194=FACE_OUTER_BOUND('',#1801,.T.);
#1195=FACE_OUTER_BOUND('',#1803,.T.);
#1196=FACE_OUTER_BOUND('',#1805,.T.);
#1197=FACE_OUTER_BOUND('',#1806,.T.);
#1198=FACE_OUTER_BOUND('',#1807,.T.);
#1199=FACE_OUTER_BOUND('',#1808,.T.);
#1200=FACE_OUTER_BOUND('',#1809,.T.);
#1201=FACE_OUTER_BOUND('',#1810,.T.);
#1202=FACE_OUTER_BOUND('',#1811,.T.);
#1203=FACE_OUTER_BOUND('',#1812,.T.);
#1204=FACE_OUTER_BOUND('',#1813,.T.);
#1205=FACE_OUTER_BOUND('',#1814,.T.);
#1206=FACE_OUTER_BOUND('',#1815,.T.);
#1207=FACE_OUTER_BOUND('',#1816,.T.);
#1208=FACE_OUTER_BOUND('',#1817,.T.);
#1209=FACE_OUTER_BOUND('',#1818,.T.);
#1210=FACE_OUTER_BOUND('',#1819,.T.);
#1211=FACE_OUTER_BOUND('',#1820,.T.);
#1212=FACE_OUTER_BOUND('',#1821,.T.);
#1213=FACE_OUTER_BOUND('',#1822,.T.);
#1214=FACE_OUTER_BOUND('',#1823,.T.);
#1215=FACE_OUTER_BOUND('',#1824,.T.);
#1216=FACE_OUTER_BOUND('',#1825,.T.);
#1217=FACE_OUTER_BOUND('',#1826,.T.);
#1218=FACE_OUTER_BOUND('',#1827,.T.);
#1219=FACE_OUTER_BOUND('',#1828,.T.);
#1220=FACE_OUTER_BOUND('',#1829,.T.);
#1221=FACE_OUTER_BOUND('',#1830,.T.);
#1222=FACE_OUTER_BOUND('',#1831,.T.);
#1223=FACE_OUTER_BOUND('',#1832,.T.);
#1224=FACE_OUTER_BOUND('',#1833,.T.);
#1225=FACE_OUTER_BOUND('',#1834,.T.);
#1226=FACE_OUTER_BOUND('',#1835,.T.);
#1227=FACE_OUTER_BOUND('',#1836,.T.);
#1228=FACE_OUTER_BOUND('',#1837,.T.);
#1229=FACE_OUTER_BOUND('',#1838,.T.);
#1230=FACE_OUTER_BOUND('',#1839,.T.);
#1231=FACE_OUTER_BOUND('',#1840,.T.);
#1232=FACE_OUTER_BOUND('',#1841,.T.);
#1233=FACE_OUTER_BOUND('',#1842,.T.);
#1234=FACE_OUTER_BOUND('',#1844,.T.);
#1235=FACE_OUTER_BOUND('',#1845,.T.);
#1236=FACE_OUTER_BOUND('',#1846,.T.);
#1237=FACE_OUTER_BOUND('',#1847,.T.);
#1238=FACE_OUTER_BOUND('',#1848,.T.);
#1239=FACE_OUTER_BOUND('',#1849,.T.);
#1240=FACE_OUTER_BOUND('',#1850,.T.);
#1241=FACE_OUTER_BOUND('',#1851,.T.);
#1242=FACE_OUTER_BOUND('',#1852,.T.);
#1243=FACE_OUTER_BOUND('',#1853,.T.);
#1244=FACE_OUTER_BOUND('',#1854,.T.);
#1245=FACE_OUTER_BOUND('',#1855,.T.);
#1246=FACE_OUTER_BOUND('',#1856,.T.);
#1247=FACE_OUTER_BOUND('',#1857,.T.);
#1248=FACE_OUTER_BOUND('',#1858,.T.);
#1249=FACE_OUTER_BOUND('',#1859,.T.);
#1250=FACE_OUTER_BOUND('',#1860,.T.);
#1251=FACE_OUTER_BOUND('',#1861,.T.);
#1252=FACE_OUTER_BOUND('',#1862,.T.);
#1253=FACE_OUTER_BOUND('',#1863,.T.);
#1254=FACE_OUTER_BOUND('',#1864,.T.);
#1255=FACE_OUTER_BOUND('',#1865,.T.);
#1256=FACE_OUTER_BOUND('',#1866,.T.);
#1257=FACE_OUTER_BOUND('',#1867,.T.);
#1258=FACE_OUTER_BOUND('',#1868,.T.);
#1259=FACE_OUTER_BOUND('',#1869,.T.);
#1260=FACE_OUTER_BOUND('',#1870,.T.);
#1261=FACE_OUTER_BOUND('',#1871,.T.);
#1262=FACE_OUTER_BOUND('',#1872,.T.);
#1263=FACE_OUTER_BOUND('',#1873,.T.);
#1264=FACE_OUTER_BOUND('',#1874,.T.);
#1265=FACE_OUTER_BOUND('',#1875,.T.);
#1266=FACE_OUTER_BOUND('',#1876,.T.);
#1267=FACE_OUTER_BOUND('',#1877,.T.);
#1268=FACE_OUTER_BOUND('',#1878,.T.);
#1269=FACE_OUTER_BOUND('',#1879,.T.);
#1270=FACE_OUTER_BOUND('',#1880,.T.);
#1271=FACE_OUTER_BOUND('',#1881,.T.);
#1272=FACE_OUTER_BOUND('',#1882,.T.);
#1273=FACE_OUTER_BOUND('',#1883,.T.);
#1274=FACE_OUTER_BOUND('',#1884,.T.);
#1275=FACE_OUTER_BOUND('',#1885,.T.);
#1276=FACE_OUTER_BOUND('',#1886,.T.);
#1277=FACE_OUTER_BOUND('',#1887,.T.);
#1278=FACE_OUTER_BOUND('',#1888,.T.);
#1279=FACE_OUTER_BOUND('',#1889,.T.);
#1280=FACE_OUTER_BOUND('',#1890,.T.);
#1281=FACE_OUTER_BOUND('',#1891,.T.);
#1282=FACE_OUTER_BOUND('',#1892,.T.);
#1283=FACE_OUTER_BOUND('',#1893,.T.);
#1284=FACE_OUTER_BOUND('',#1894,.T.);
#1285=FACE_OUTER_BOUND('',#1895,.T.);
#1286=FACE_OUTER_BOUND('',#1896,.T.);
#1287=FACE_OUTER_BOUND('',#1897,.T.);
#1288=FACE_OUTER_BOUND('',#1898,.T.);
#1289=FACE_OUTER_BOUND('',#1899,.T.);
#1290=FACE_OUTER_BOUND('',#1900,.T.);
#1291=FACE_OUTER_BOUND('',#1901,.T.);
#1292=FACE_OUTER_BOUND('',#1902,.T.);
#1293=FACE_OUTER_BOUND('',#1903,.T.);
#1294=FACE_OUTER_BOUND('',#1904,.T.);
#1295=FACE_OUTER_BOUND('',#1905,.T.);
#1296=FACE_OUTER_BOUND('',#1906,.T.);
#1297=FACE_OUTER_BOUND('',#1907,.T.);
#1298=FACE_OUTER_BOUND('',#1908,.T.);
#1299=FACE_OUTER_BOUND('',#1909,.T.);
#1300=FACE_OUTER_BOUND('',#1910,.T.);
#1301=FACE_OUTER_BOUND('',#1911,.T.);
#1302=FACE_OUTER_BOUND('',#1912,.T.);
#1303=FACE_OUTER_BOUND('',#1913,.T.);
#1304=FACE_OUTER_BOUND('',#1914,.T.);
#1305=FACE_OUTER_BOUND('',#1915,.T.);
#1306=FACE_OUTER_BOUND('',#1916,.T.);
#1307=FACE_OUTER_BOUND('',#1917,.T.);
#1308=FACE_OUTER_BOUND('',#1918,.T.);
#1309=FACE_OUTER_BOUND('',#1919,.T.);
#1310=FACE_OUTER_BOUND('',#1920,.T.);
#1311=FACE_OUTER_BOUND('',#1921,.T.);
#1312=FACE_OUTER_BOUND('',#1922,.T.);
#1313=FACE_OUTER_BOUND('',#1923,.T.);
#1314=FACE_OUTER_BOUND('',#1924,.T.);
#1315=FACE_OUTER_BOUND('',#1925,.T.);
#1316=FACE_OUTER_BOUND('',#1926,.T.);
#1317=FACE_OUTER_BOUND('',#1927,.T.);
#1318=FACE_OUTER_BOUND('',#1928,.T.);
#1319=FACE_OUTER_BOUND('',#1929,.T.);
#1320=FACE_OUTER_BOUND('',#1930,.T.);
#1321=FACE_OUTER_BOUND('',#1931,.T.);
#1322=FACE_OUTER_BOUND('',#1932,.T.);
#1323=FACE_OUTER_BOUND('',#1933,.T.);
#1324=FACE_OUTER_BOUND('',#1934,.T.);
#1325=FACE_OUTER_BOUND('',#1935,.T.);
#1326=FACE_OUTER_BOUND('',#1936,.T.);
#1327=FACE_OUTER_BOUND('',#1937,.T.);
#1328=FACE_OUTER_BOUND('',#1938,.T.);
#1329=FACE_OUTER_BOUND('',#1939,.T.);
#1330=FACE_OUTER_BOUND('',#1940,.T.);
#1331=FACE_OUTER_BOUND('',#1941,.T.);
#1332=FACE_OUTER_BOUND('',#1942,.T.);
#1333=FACE_OUTER_BOUND('',#1943,.T.);
#1334=FACE_OUTER_BOUND('',#1944,.T.);
#1335=FACE_OUTER_BOUND('',#1945,.T.);
#1336=FACE_OUTER_BOUND('',#1946,.T.);
#1337=FACE_OUTER_BOUND('',#1947,.T.);
#1338=FACE_OUTER_BOUND('',#1948,.T.);
#1339=FACE_OUTER_BOUND('',#1949,.T.);
#1340=FACE_OUTER_BOUND('',#1950,.T.);
#1341=FACE_OUTER_BOUND('',#1951,.T.);
#1342=FACE_OUTER_BOUND('',#1952,.T.);
#1343=FACE_OUTER_BOUND('',#1953,.T.);
#1344=FACE_OUTER_BOUND('',#1954,.T.);
#1345=FACE_OUTER_BOUND('',#1955,.T.);
#1346=FACE_OUTER_BOUND('',#1956,.T.);
#1347=FACE_OUTER_BOUND('',#1957,.T.);
#1348=FACE_OUTER_BOUND('',#1958,.T.);
#1349=FACE_OUTER_BOUND('',#1959,.T.);
#1350=FACE_OUTER_BOUND('',#1960,.T.);
#1351=FACE_OUTER_BOUND('',#1961,.T.);
#1352=FACE_OUTER_BOUND('',#1962,.T.);
#1353=FACE_OUTER_BOUND('',#1963,.T.);
#1354=FACE_OUTER_BOUND('',#1964,.T.);
#1355=FACE_OUTER_BOUND('',#1965,.T.);
#1356=FACE_OUTER_BOUND('',#1966,.T.);
#1357=FACE_OUTER_BOUND('',#1967,.T.);
#1358=FACE_OUTER_BOUND('',#1968,.T.);
#1359=FACE_OUTER_BOUND('',#1969,.T.);
#1360=FACE_OUTER_BOUND('',#1970,.T.);
#1361=FACE_OUTER_BOUND('',#1971,.T.);
#1362=FACE_OUTER_BOUND('',#1972,.T.);
#1363=FACE_OUTER_BOUND('',#1973,.T.);
#1364=FACE_OUTER_BOUND('',#1974,.T.);
#1365=FACE_OUTER_BOUND('',#1975,.T.);
#1366=FACE_OUTER_BOUND('',#1976,.T.);
#1367=FACE_OUTER_BOUND('',#1977,.T.);
#1368=FACE_OUTER_BOUND('',#1978,.T.);
#1369=FACE_OUTER_BOUND('',#1979,.T.);
#1370=FACE_OUTER_BOUND('',#1980,.T.);
#1371=FACE_OUTER_BOUND('',#1981,.T.);
#1372=FACE_OUTER_BOUND('',#1982,.T.);
#1373=FACE_OUTER_BOUND('',#1983,.T.);
#1374=FACE_OUTER_BOUND('',#1984,.T.);
#1375=FACE_OUTER_BOUND('',#1985,.T.);
#1376=FACE_OUTER_BOUND('',#1986,.T.);
#1377=FACE_OUTER_BOUND('',#1987,.T.);
#1378=FACE_OUTER_BOUND('',#1988,.T.);
#1379=FACE_OUTER_BOUND('',#1989,.T.);
#1380=FACE_OUTER_BOUND('',#1990,.T.);
#1381=FACE_OUTER_BOUND('',#1991,.T.);
#1382=FACE_OUTER_BOUND('',#1992,.T.);
#1383=FACE_OUTER_BOUND('',#1993,.T.);
#1384=FACE_OUTER_BOUND('',#1994,.T.);
#1385=FACE_OUTER_BOUND('',#1995,.T.);
#1386=FACE_OUTER_BOUND('',#1996,.T.);
#1387=FACE_OUTER_BOUND('',#1997,.T.);
#1388=FACE_OUTER_BOUND('',#1998,.T.);
#1389=FACE_OUTER_BOUND('',#1999,.T.);
#1390=FACE_OUTER_BOUND('',#2000,.T.);
#1391=FACE_OUTER_BOUND('',#2001,.T.);
#1392=FACE_OUTER_BOUND('',#2002,.T.);
#1393=FACE_OUTER_BOUND('',#2003,.T.);
#1394=FACE_OUTER_BOUND('',#2004,.T.);
#1395=FACE_OUTER_BOUND('',#2005,.T.);
#1396=FACE_OUTER_BOUND('',#2006,.T.);
#1397=FACE_OUTER_BOUND('',#2007,.T.);
#1398=FACE_OUTER_BOUND('',#2008,.T.);
#1399=FACE_OUTER_BOUND('',#2009,.T.);
#1400=FACE_OUTER_BOUND('',#2010,.T.);
#1401=FACE_OUTER_BOUND('',#2011,.T.);
#1402=FACE_OUTER_BOUND('',#2012,.T.);
#1403=FACE_OUTER_BOUND('',#2013,.T.);
#1404=FACE_OUTER_BOUND('',#2014,.T.);
#1405=FACE_OUTER_BOUND('',#2015,.T.);
#1406=FACE_OUTER_BOUND('',#2016,.T.);
#1407=FACE_OUTER_BOUND('',#2017,.T.);
#1408=FACE_OUTER_BOUND('',#2018,.T.);
#1409=FACE_OUTER_BOUND('',#2019,.T.);
#1410=FACE_OUTER_BOUND('',#2020,.T.);
#1411=FACE_OUTER_BOUND('',#2021,.T.);
#1412=FACE_OUTER_BOUND('',#2022,.T.);
#1413=FACE_OUTER_BOUND('',#2023,.T.);
#1414=FACE_OUTER_BOUND('',#2024,.T.);
#1415=FACE_OUTER_BOUND('',#2025,.T.);
#1416=FACE_OUTER_BOUND('',#2026,.T.);
#1417=FACE_OUTER_BOUND('',#2027,.T.);
#1418=FACE_OUTER_BOUND('',#2028,.T.);
#1419=FACE_OUTER_BOUND('',#2029,.T.);
#1420=FACE_OUTER_BOUND('',#2030,.T.);
#1421=FACE_OUTER_BOUND('',#2031,.T.);
#1422=FACE_OUTER_BOUND('',#2032,.T.);
#1423=FACE_OUTER_BOUND('',#2033,.T.);
#1424=FACE_OUTER_BOUND('',#2034,.T.);
#1425=FACE_OUTER_BOUND('',#2035,.T.);
#1426=FACE_OUTER_BOUND('',#2036,.T.);
#1427=FACE_OUTER_BOUND('',#2037,.T.);
#1428=FACE_OUTER_BOUND('',#2038,.T.);
#1429=FACE_OUTER_BOUND('',#2039,.T.);
#1430=FACE_OUTER_BOUND('',#2040,.T.);
#1431=FACE_OUTER_BOUND('',#2041,.T.);
#1432=FACE_OUTER_BOUND('',#2042,.T.);
#1433=FACE_OUTER_BOUND('',#2043,.T.);
#1434=FACE_OUTER_BOUND('',#2044,.T.);
#1435=FACE_OUTER_BOUND('',#2045,.T.);
#1436=FACE_OUTER_BOUND('',#2046,.T.);
#1437=FACE_OUTER_BOUND('',#2047,.T.);
#1438=FACE_OUTER_BOUND('',#2048,.T.);
#1439=FACE_OUTER_BOUND('',#2049,.T.);
#1440=FACE_OUTER_BOUND('',#2050,.T.);
#1441=FACE_OUTER_BOUND('',#2051,.T.);
#1442=FACE_OUTER_BOUND('',#2052,.T.);
#1443=FACE_OUTER_BOUND('',#2053,.T.);
#1444=FACE_OUTER_BOUND('',#2054,.T.);
#1445=FACE_OUTER_BOUND('',#2055,.T.);
#1446=FACE_OUTER_BOUND('',#2056,.T.);
#1447=FACE_OUTER_BOUND('',#2057,.T.);
#1448=FACE_OUTER_BOUND('',#2058,.T.);
#1449=FACE_OUTER_BOUND('',#2059,.T.);
#1450=FACE_OUTER_BOUND('',#2060,.T.);
#1451=FACE_OUTER_BOUND('',#2061,.T.);
#1452=FACE_OUTER_BOUND('',#2062,.T.);
#1453=FACE_OUTER_BOUND('',#2063,.T.);
#1454=FACE_OUTER_BOUND('',#2064,.T.);
#1455=FACE_OUTER_BOUND('',#2065,.T.);
#1456=FACE_OUTER_BOUND('',#2066,.T.);
#1457=FACE_OUTER_BOUND('',#2067,.T.);
#1458=FACE_OUTER_BOUND('',#2068,.T.);
#1459=FACE_OUTER_BOUND('',#2069,.T.);
#1460=FACE_OUTER_BOUND('',#2070,.T.);
#1461=FACE_OUTER_BOUND('',#2071,.T.);
#1462=FACE_OUTER_BOUND('',#2072,.T.);
#1463=FACE_OUTER_BOUND('',#2073,.T.);
#1464=FACE_OUTER_BOUND('',#2074,.T.);
#1465=FACE_OUTER_BOUND('',#2075,.T.);
#1466=FACE_OUTER_BOUND('',#2076,.T.);
#1467=FACE_OUTER_BOUND('',#2077,.T.);
#1468=FACE_OUTER_BOUND('',#2078,.T.);
#1469=FACE_OUTER_BOUND('',#2079,.T.);
#1470=FACE_OUTER_BOUND('',#2080,.T.);
#1471=FACE_OUTER_BOUND('',#2081,.T.);
#1472=FACE_OUTER_BOUND('',#2082,.T.);
#1473=FACE_OUTER_BOUND('',#2083,.T.);
#1474=FACE_OUTER_BOUND('',#2084,.T.);
#1475=FACE_OUTER_BOUND('',#2085,.T.);
#1476=FACE_OUTER_BOUND('',#2086,.T.);
#1477=FACE_OUTER_BOUND('',#2087,.T.);
#1478=FACE_OUTER_BOUND('',#2088,.T.);
#1479=FACE_OUTER_BOUND('',#2089,.T.);
#1480=FACE_OUTER_BOUND('',#2090,.T.);
#1481=FACE_OUTER_BOUND('',#2091,.T.);
#1482=FACE_OUTER_BOUND('',#2092,.T.);
#1483=FACE_OUTER_BOUND('',#2093,.T.);
#1484=FACE_OUTER_BOUND('',#2094,.T.);
#1485=FACE_OUTER_BOUND('',#2095,.T.);
#1486=FACE_OUTER_BOUND('',#2096,.T.);
#1487=FACE_OUTER_BOUND('',#2097,.T.);
#1488=FACE_OUTER_BOUND('',#2098,.T.);
#1489=FACE_OUTER_BOUND('',#2099,.T.);
#1490=FACE_OUTER_BOUND('',#2100,.T.);
#1491=FACE_OUTER_BOUND('',#2101,.T.);
#1492=FACE_OUTER_BOUND('',#2102,.T.);
#1493=FACE_OUTER_BOUND('',#2103,.T.);
#1494=FACE_OUTER_BOUND('',#2104,.T.);
#1495=FACE_OUTER_BOUND('',#2105,.T.);
#1496=FACE_OUTER_BOUND('',#2107,.T.);
#1497=FACE_OUTER_BOUND('',#2109,.T.);
#1498=FACE_OUTER_BOUND('',#2110,.T.);
#1499=FACE_OUTER_BOUND('',#2111,.T.);
#1500=FACE_OUTER_BOUND('',#2112,.T.);
#1501=FACE_OUTER_BOUND('',#2113,.T.);
#1502=FACE_OUTER_BOUND('',#2114,.T.);
#1503=FACE_OUTER_BOUND('',#2115,.T.);
#1504=FACE_OUTER_BOUND('',#2116,.T.);
#1505=FACE_OUTER_BOUND('',#2117,.T.);
#1506=FACE_OUTER_BOUND('',#2118,.T.);
#1507=FACE_OUTER_BOUND('',#2119,.T.);
#1508=FACE_OUTER_BOUND('',#2120,.T.);
#1509=FACE_OUTER_BOUND('',#2121,.T.);
#1510=FACE_OUTER_BOUND('',#2122,.T.);
#1511=FACE_OUTER_BOUND('',#2123,.T.);
#1512=FACE_OUTER_BOUND('',#2124,.T.);
#1513=FACE_OUTER_BOUND('',#2125,.T.);
#1514=FACE_OUTER_BOUND('',#2126,.T.);
#1515=FACE_OUTER_BOUND('',#2127,.T.);
#1516=FACE_OUTER_BOUND('',#2128,.T.);
#1517=FACE_OUTER_BOUND('',#2129,.T.);
#1518=FACE_OUTER_BOUND('',#2130,.T.);
#1519=FACE_OUTER_BOUND('',#2131,.T.);
#1520=FACE_OUTER_BOUND('',#2132,.T.);
#1521=FACE_OUTER_BOUND('',#2133,.T.);
#1522=FACE_OUTER_BOUND('',#2134,.T.);
#1523=FACE_OUTER_BOUND('',#2135,.T.);
#1524=FACE_OUTER_BOUND('',#2136,.T.);
#1525=FACE_OUTER_BOUND('',#2137,.T.);
#1526=FACE_OUTER_BOUND('',#2138,.T.);
#1527=FACE_OUTER_BOUND('',#2139,.T.);
#1528=FACE_OUTER_BOUND('',#2140,.T.);
#1529=FACE_OUTER_BOUND('',#2141,.T.);
#1530=FACE_OUTER_BOUND('',#2142,.T.);
#1531=FACE_OUTER_BOUND('',#2143,.T.);
#1532=FACE_OUTER_BOUND('',#2144,.T.);
#1533=FACE_OUTER_BOUND('',#2145,.T.);
#1534=FACE_OUTER_BOUND('',#2146,.T.);
#1535=EDGE_LOOP('',(#6565,#6566,#6567,#6568));
#1536=EDGE_LOOP('',(#6569,#6570,#6571,#6572));
#1537=EDGE_LOOP('',(#6573,#6574,#6575,#6576));
#1538=EDGE_LOOP('',(#6577,#6578,#6579,#6580));
#1539=EDGE_LOOP('',(#6581,#6582,#6583,#6584));
#1540=EDGE_LOOP('',(#6585,#6586,#6587,#6588));
#1541=EDGE_LOOP('',(#6589,#6590,#6591,#6592));
#1542=EDGE_LOOP('',(#6593,#6594,#6595,#6596));
#1543=EDGE_LOOP('',(#6597,#6598,#6599,#6600));
#1544=EDGE_LOOP('',(#6601,#6602,#6603,#6604));
#1545=EDGE_LOOP('',(#6605,#6606,#6607,#6608));
#1546=EDGE_LOOP('',(#6609,#6610,#6611,#6612));
#1547=EDGE_LOOP('',(#6613,#6614,#6615,#6616));
#1548=EDGE_LOOP('',(#6617,#6618,#6619,#6620));
#1549=EDGE_LOOP('',(#6621,#6622,#6623,#6624));
#1550=EDGE_LOOP('',(#6625,#6626,#6627,#6628));
#1551=EDGE_LOOP('',(#6629,#6630,#6631,#6632));
#1552=EDGE_LOOP('',(#6633,#6634,#6635,#6636));
#1553=EDGE_LOOP('',(#6637,#6638,#6639,#6640,#6641,#6642));
#1554=EDGE_LOOP('',(#6643,#6644,#6645,#6646,#6647,#6648));
#1555=EDGE_LOOP('',(#6649,#6650,#6651,#6652));
#1556=EDGE_LOOP('',(#6653,#6654,#6655,#6656));
#1557=EDGE_LOOP('',(#6657,#6658,#6659,#6660));
#1558=EDGE_LOOP('',(#6661,#6662,#6663,#6664));
#1559=EDGE_LOOP('',(#6665,#6666,#6667,#6668));
#1560=EDGE_LOOP('',(#6669,#6670,#6671,#6672));
#1561=EDGE_LOOP('',(#6673,#6674,#6675,#6676,#6677,#6678));
#1562=EDGE_LOOP('',(#6679,#6680,#6681,#6682,#6683,#6684));
#1563=EDGE_LOOP('',(#6685,#6686,#6687,#6688));
#1564=EDGE_LOOP('',(#6689,#6690,#6691,#6692));
#1565=EDGE_LOOP('',(#6693,#6694,#6695,#6696));
#1566=EDGE_LOOP('',(#6697,#6698,#6699,#6700));
#1567=EDGE_LOOP('',(#6701,#6702,#6703,#6704));
#1568=EDGE_LOOP('',(#6705,#6706,#6707,#6708));
#1569=EDGE_LOOP('',(#6709,#6710,#6711,#6712,#6713,#6714));
#1570=EDGE_LOOP('',(#6715,#6716,#6717,#6718,#6719,#6720));
#1571=EDGE_LOOP('',(#6721,#6722,#6723,#6724));
#1572=EDGE_LOOP('',(#6725,#6726,#6727,#6728));
#1573=EDGE_LOOP('',(#6729,#6730,#6731,#6732));
#1574=EDGE_LOOP('',(#6733,#6734,#6735,#6736));
#1575=EDGE_LOOP('',(#6737,#6738,#6739,#6740));
#1576=EDGE_LOOP('',(#6741,#6742,#6743,#6744));
#1577=EDGE_LOOP('',(#6745,#6746,#6747,#6748));
#1578=EDGE_LOOP('',(#6749,#6750,#6751,#6752));
#1579=EDGE_LOOP('',(#6753,#6754,#6755,#6756));
#1580=EDGE_LOOP('',(#6757,#6758,#6759,#6760));
#1581=EDGE_LOOP('',(#6761,#6762,#6763,#6764));
#1582=EDGE_LOOP('',(#6765,#6766,#6767,#6768));
#1583=EDGE_LOOP('',(#6769,#6770,#6771,#6772));
#1584=EDGE_LOOP('',(#6773,#6774,#6775,#6776));
#1585=EDGE_LOOP('',(#6777,#6778,#6779,#6780));
#1586=EDGE_LOOP('',(#6781,#6782,#6783,#6784));
#1587=EDGE_LOOP('',(#6785,#6786,#6787,#6788));
#1588=EDGE_LOOP('',(#6789,#6790,#6791,#6792));
#1589=EDGE_LOOP('',(#6793,#6794,#6795,#6796));
#1590=EDGE_LOOP('',(#6797,#6798,#6799,#6800));
#1591=EDGE_LOOP('',(#6801,#6802,#6803,#6804));
#1592=EDGE_LOOP('',(#6805,#6806,#6807,#6808));
#1593=EDGE_LOOP('',(#6809,#6810,#6811,#6812));
#1594=EDGE_LOOP('',(#6813,#6814,#6815,#6816,#6817,#6818,#6819,#6820));
#1595=EDGE_LOOP('',(#6821));
#1596=EDGE_LOOP('',(#6822));
#1597=EDGE_LOOP('',(#6823));
#1598=EDGE_LOOP('',(#6824));
#1599=EDGE_LOOP('',(#6825));
#1600=EDGE_LOOP('',(#6826));
#1601=EDGE_LOOP('',(#6827));
#1602=EDGE_LOOP('',(#6828));
#1603=EDGE_LOOP('',(#6829,#6830,#6831,#6832));
#1604=EDGE_LOOP('',(#6833,#6834,#6835,#6836));
#1605=EDGE_LOOP('',(#6837,#6838,#6839,#6840));
#1606=EDGE_LOOP('',(#6841,#6842,#6843,#6844));
#1607=EDGE_LOOP('',(#6845,#6846,#6847,#6848));
#1608=EDGE_LOOP('',(#6849,#6850,#6851,#6852));
#1609=EDGE_LOOP('',(#6853,#6854,#6855,#6856));
#1610=EDGE_LOOP('',(#6857,#6858,#6859,#6860));
#1611=EDGE_LOOP('',(#6861,#6862,#6863,#6864));
#1612=EDGE_LOOP('',(#6865,#6866,#6867,#6868));
#1613=EDGE_LOOP('',(#6869,#6870,#6871,#6872));
#1614=EDGE_LOOP('',(#6873,#6874,#6875,#6876,#6877,#6878,#6879,#6880));
#1615=EDGE_LOOP('',(#6881));
#1616=EDGE_LOOP('',(#6882));
#1617=EDGE_LOOP('',(#6883));
#1618=EDGE_LOOP('',(#6884));
#1619=EDGE_LOOP('',(#6885));
#1620=EDGE_LOOP('',(#6886));
#1621=EDGE_LOOP('',(#6887));
#1622=EDGE_LOOP('',(#6888));
#1623=EDGE_LOOP('',(#6889,#6890,#6891,#6892));
#1624=EDGE_LOOP('',(#6893,#6894,#6895,#6896));
#1625=EDGE_LOOP('',(#6897,#6898,#6899,#6900));
#1626=EDGE_LOOP('',(#6901,#6902,#6903,#6904));
#1627=EDGE_LOOP('',(#6905,#6906,#6907,#6908));
#1628=EDGE_LOOP('',(#6909,#6910,#6911,#6912));
#1629=EDGE_LOOP('',(#6913,#6914,#6915,#6916));
#1630=EDGE_LOOP('',(#6917,#6918,#6919,#6920));
#1631=EDGE_LOOP('',(#6921,#6922,#6923,#6924));
#1632=EDGE_LOOP('',(#6925,#6926,#6927,#6928));
#1633=EDGE_LOOP('',(#6929,#6930,#6931,#6932));
#1634=EDGE_LOOP('',(#6933,#6934,#6935,#6936));
#1635=EDGE_LOOP('',(#6937,#6938,#6939,#6940,#6941,#6942,#6943,#6944,#6945,
#6946,#6947,#6948));
#1636=EDGE_LOOP('',(#6949,#6950,#6951,#6952,#6953,#6954,#6955,#6956,#6957,
#6958,#6959,#6960));
#1637=EDGE_LOOP('',(#6961,#6962,#6963,#6964));
#1638=EDGE_LOOP('',(#6965,#6966,#6967,#6968));
#1639=EDGE_LOOP('',(#6969,#6970,#6971,#6972));
#1640=EDGE_LOOP('',(#6973,#6974,#6975,#6976));
#1641=EDGE_LOOP('',(#6977,#6978,#6979,#6980));
#1642=EDGE_LOOP('',(#6981,#6982,#6983,#6984));
#1643=EDGE_LOOP('',(#6985,#6986,#6987,#6988));
#1644=EDGE_LOOP('',(#6989,#6990,#6991,#6992));
#1645=EDGE_LOOP('',(#6993,#6994,#6995,#6996));
#1646=EDGE_LOOP('',(#6997,#6998,#6999,#7000));
#1647=EDGE_LOOP('',(#7001,#7002,#7003,#7004));
#1648=EDGE_LOOP('',(#7005,#7006,#7007,#7008));
#1649=EDGE_LOOP('',(#7009,#7010,#7011,#7012));
#1650=EDGE_LOOP('',(#7013,#7014,#7015,#7016));
#1651=EDGE_LOOP('',(#7017,#7018,#7019,#7020));
#1652=EDGE_LOOP('',(#7021,#7022,#7023,#7024));
#1653=EDGE_LOOP('',(#7025,#7026,#7027,#7028));
#1654=EDGE_LOOP('',(#7029,#7030,#7031,#7032));
#1655=EDGE_LOOP('',(#7033,#7034,#7035,#7036));
#1656=EDGE_LOOP('',(#7037,#7038,#7039,#7040,#7041,#7042,#7043,#7044,#7045,
#7046,#7047));
#1657=EDGE_LOOP('',(#7048,#7049,#7050,#7051,#7052,#7053,#7054,#7055));
#1658=EDGE_LOOP('',(#7056,#7057,#7058,#7059,#7060,#7061,#7062,#7063,#7064,
#7065,#7066));
#1659=EDGE_LOOP('',(#7067,#7068,#7069,#7070,#7071,#7072,#7073,#7074));
#1660=EDGE_LOOP('',(#7075,#7076,#7077,#7078));
#1661=EDGE_LOOP('',(#7079,#7080,#7081,#7082));
#1662=EDGE_LOOP('',(#7083,#7084,#7085,#7086));
#1663=EDGE_LOOP('',(#7087,#7088,#7089,#7090));
#1664=EDGE_LOOP('',(#7091,#7092,#7093,#7094));
#1665=EDGE_LOOP('',(#7095,#7096,#7097,#7098));
#1666=EDGE_LOOP('',(#7099,#7100,#7101,#7102));
#1667=EDGE_LOOP('',(#7103,#7104,#7105,#7106));
#1668=EDGE_LOOP('',(#7107,#7108,#7109,#7110));
#1669=EDGE_LOOP('',(#7111,#7112,#7113,#7114));
#1670=EDGE_LOOP('',(#7115,#7116,#7117,#7118));
#1671=EDGE_LOOP('',(#7119,#7120,#7121,#7122));
#1672=EDGE_LOOP('',(#7123,#7124,#7125,#7126));
#1673=EDGE_LOOP('',(#7127,#7128,#7129,#7130));
#1674=EDGE_LOOP('',(#7131,#7132,#7133,#7134));
#1675=EDGE_LOOP('',(#7135,#7136,#7137,#7138));
#1676=EDGE_LOOP('',(#7139,#7140,#7141,#7142));
#1677=EDGE_LOOP('',(#7143,#7144,#7145,#7146));
#1678=EDGE_LOOP('',(#7147,#7148,#7149,#7150));
#1679=EDGE_LOOP('',(#7151,#7152,#7153,#7154));
#1680=EDGE_LOOP('',(#7155,#7156,#7157,#7158));
#1681=EDGE_LOOP('',(#7159,#7160,#7161,#7162));
#1682=EDGE_LOOP('',(#7163,#7164,#7165,#7166));
#1683=EDGE_LOOP('',(#7167,#7168,#7169,#7170));
#1684=EDGE_LOOP('',(#7171,#7172,#7173,#7174));
#1685=EDGE_LOOP('',(#7175,#7176,#7177,#7178));
#1686=EDGE_LOOP('',(#7179,#7180,#7181,#7182));
#1687=EDGE_LOOP('',(#7183,#7184,#7185,#7186,#7187,#7188,#7189,#7190,#7191,
#7192,#7193,#7194,#7195,#7196,#7197,#7198,#7199,#7200,#7201,#7202,#7203));
#1688=EDGE_LOOP('',(#7204,#7205,#7206,#7207,#7208,#7209,#7210,#7211,#7212,
#7213,#7214,#7215,#7216,#7217,#7218,#7219,#7220,#7221,#7222,#7223,#7224));
#1689=EDGE_LOOP('',(#7225,#7226,#7227,#7228));
#1690=EDGE_LOOP('',(#7229,#7230,#7231,#7232));
#1691=EDGE_LOOP('',(#7233,#7234,#7235,#7236));
#1692=EDGE_LOOP('',(#7237,#7238,#7239,#7240));
#1693=EDGE_LOOP('',(#7241,#7242,#7243,#7244));
#1694=EDGE_LOOP('',(#7245,#7246,#7247,#7248));
#1695=EDGE_LOOP('',(#7249,#7250,#7251,#7252));
#1696=EDGE_LOOP('',(#7253,#7254,#7255,#7256));
#1697=EDGE_LOOP('',(#7257,#7258,#7259,#7260));
#1698=EDGE_LOOP('',(#7261,#7262,#7263,#7264));
#1699=EDGE_LOOP('',(#7265,#7266,#7267,#7268));
#1700=EDGE_LOOP('',(#7269,#7270,#7271,#7272));
#1701=EDGE_LOOP('',(#7273,#7274,#7275,#7276));
#1702=EDGE_LOOP('',(#7277,#7278,#7279,#7280));
#1703=EDGE_LOOP('',(#7281,#7282,#7283,#7284));
#1704=EDGE_LOOP('',(#7285,#7286,#7287,#7288));
#1705=EDGE_LOOP('',(#7289,#7290,#7291,#7292));
#1706=EDGE_LOOP('',(#7293,#7294,#7295,#7296));
#1707=EDGE_LOOP('',(#7297,#7298,#7299,#7300));
#1708=EDGE_LOOP('',(#7301,#7302,#7303,#7304));
#1709=EDGE_LOOP('',(#7305,#7306,#7307,#7308));
#1710=EDGE_LOOP('',(#7309,#7310,#7311,#7312));
#1711=EDGE_LOOP('',(#7313,#7314,#7315,#7316));
#1712=EDGE_LOOP('',(#7317,#7318,#7319,#7320));
#1713=EDGE_LOOP('',(#7321,#7322,#7323,#7324));
#1714=EDGE_LOOP('',(#7325,#7326,#7327,#7328,#7329,#7330,#7331,#7332,#7333,
#7334,#7335,#7336,#7337,#7338,#7339,#7340,#7341,#7342,#7343,#7344,#7345,
#7346,#7347,#7348,#7349));
#1715=EDGE_LOOP('',(#7350,#7351,#7352,#7353,#7354,#7355,#7356,#7357,#7358,
#7359,#7360,#7361,#7362,#7363,#7364,#7365,#7366,#7367,#7368,#7369,#7370,
#7371,#7372,#7373,#7374));
#1716=EDGE_LOOP('',(#7375,#7376,#7377,#7378));
#1717=EDGE_LOOP('',(#7379,#7380,#7381,#7382));
#1718=EDGE_LOOP('',(#7383,#7384,#7385,#7386));
#1719=EDGE_LOOP('',(#7387,#7388,#7389,#7390));
#1720=EDGE_LOOP('',(#7391,#7392,#7393,#7394));
#1721=EDGE_LOOP('',(#7395,#7396,#7397,#7398));
#1722=EDGE_LOOP('',(#7399,#7400,#7401,#7402));
#1723=EDGE_LOOP('',(#7403,#7404,#7405,#7406));
#1724=EDGE_LOOP('',(#7407,#7408,#7409,#7410));
#1725=EDGE_LOOP('',(#7411,#7412,#7413,#7414));
#1726=EDGE_LOOP('',(#7415,#7416,#7417,#7418,#7419,#7420,#7421,#7422,#7423,
#7424));
#1727=EDGE_LOOP('',(#7425,#7426,#7427,#7428,#7429,#7430,#7431,#7432,#7433,
#7434));
#1728=EDGE_LOOP('',(#7435,#7436,#7437,#7438));
#1729=EDGE_LOOP('',(#7439,#7440,#7441,#7442));
#1730=EDGE_LOOP('',(#7443,#7444,#7445,#7446));
#1731=EDGE_LOOP('',(#7447,#7448,#7449,#7450));
#1732=EDGE_LOOP('',(#7451,#7452,#7453,#7454));
#1733=EDGE_LOOP('',(#7455,#7456,#7457,#7458));
#1734=EDGE_LOOP('',(#7459,#7460,#7461,#7462));
#1735=EDGE_LOOP('',(#7463,#7464,#7465,#7466));
#1736=EDGE_LOOP('',(#7467,#7468,#7469,#7470));
#1737=EDGE_LOOP('',(#7471,#7472,#7473,#7474));
#1738=EDGE_LOOP('',(#7475,#7476,#7477,#7478));
#1739=EDGE_LOOP('',(#7479,#7480,#7481,#7482));
#1740=EDGE_LOOP('',(#7483,#7484,#7485,#7486));
#1741=EDGE_LOOP('',(#7487,#7488,#7489,#7490));
#1742=EDGE_LOOP('',(#7491,#7492,#7493,#7494));
#1743=EDGE_LOOP('',(#7495,#7496,#7497,#7498));
#1744=EDGE_LOOP('',(#7499,#7500,#7501,#7502));
#1745=EDGE_LOOP('',(#7503,#7504,#7505,#7506));
#1746=EDGE_LOOP('',(#7507,#7508,#7509,#7510));
#1747=EDGE_LOOP('',(#7511,#7512,#7513,#7514,#7515,#7516,#7517,#7518,#7519,
#7520,#7521));
#1748=EDGE_LOOP('',(#7522,#7523,#7524,#7525,#7526,#7527,#7528,#7529));
#1749=EDGE_LOOP('',(#7530,#7531,#7532,#7533,#7534,#7535,#7536,#7537,#7538,
#7539,#7540));
#1750=EDGE_LOOP('',(#7541,#7542,#7543,#7544,#7545,#7546,#7547,#7548));
#1751=EDGE_LOOP('',(#7549,#7550,#7551,#7552));
#1752=EDGE_LOOP('',(#7553,#7554,#7555,#7556));
#1753=EDGE_LOOP('',(#7557,#7558,#7559,#7560));
#1754=EDGE_LOOP('',(#7561,#7562,#7563,#7564));
#1755=EDGE_LOOP('',(#7565,#7566,#7567,#7568));
#1756=EDGE_LOOP('',(#7569,#7570,#7571,#7572));
#1757=EDGE_LOOP('',(#7573,#7574,#7575,#7576));
#1758=EDGE_LOOP('',(#7577,#7578,#7579,#7580));
#1759=EDGE_LOOP('',(#7581,#7582,#7583,#7584));
#1760=EDGE_LOOP('',(#7585,#7586,#7587,#7588));
#1761=EDGE_LOOP('',(#7589,#7590,#7591,#7592));
#1762=EDGE_LOOP('',(#7593,#7594,#7595,#7596));
#1763=EDGE_LOOP('',(#7597,#7598,#7599,#7600));
#1764=EDGE_LOOP('',(#7601,#7602,#7603,#7604));
#1765=EDGE_LOOP('',(#7605,#7606,#7607,#7608));
#1766=EDGE_LOOP('',(#7609,#7610,#7611,#7612));
#1767=EDGE_LOOP('',(#7613,#7614,#7615,#7616));
#1768=EDGE_LOOP('',(#7617,#7618,#7619,#7620));
#1769=EDGE_LOOP('',(#7621,#7622,#7623,#7624));
#1770=EDGE_LOOP('',(#7625,#7626,#7627,#7628));
#1771=EDGE_LOOP('',(#7629,#7630,#7631,#7632));
#1772=EDGE_LOOP('',(#7633,#7634,#7635,#7636,#7637,#7638,#7639,#7640,#7641,
#7642,#7643,#7644,#7645,#7646,#7647,#7648,#7649,#7650,#7651,#7652,#7653));
#1773=EDGE_LOOP('',(#7654,#7655,#7656,#7657,#7658,#7659,#7660,#7661,#7662,
#7663,#7664,#7665,#7666,#7667,#7668,#7669,#7670,#7671,#7672,#7673,#7674));
#1774=EDGE_LOOP('',(#7675,#7676,#7677,#7678));
#1775=EDGE_LOOP('',(#7679,#7680,#7681,#7682));
#1776=EDGE_LOOP('',(#7683,#7684,#7685,#7686));
#1777=EDGE_LOOP('',(#7687,#7688,#7689,#7690));
#1778=EDGE_LOOP('',(#7691,#7692,#7693,#7694));
#1779=EDGE_LOOP('',(#7695,#7696,#7697,#7698));
#1780=EDGE_LOOP('',(#7699,#7700,#7701,#7702));
#1781=EDGE_LOOP('',(#7703,#7704,#7705,#7706,#7707,#7708,#7709));
#1782=EDGE_LOOP('',(#7710,#7711,#7712,#7713,#7714,#7715,#7716));
#1783=EDGE_LOOP('',(#7717,#7718,#7719,#7720));
#1784=EDGE_LOOP('',(#7721,#7722,#7723,#7724));
#1785=EDGE_LOOP('',(#7725,#7726,#7727,#7728));
#1786=EDGE_LOOP('',(#7729,#7730,#7731,#7732));
#1787=EDGE_LOOP('',(#7733,#7734,#7735,#7736));
#1788=EDGE_LOOP('',(#7737,#7738,#7739,#7740));
#1789=EDGE_LOOP('',(#7741,#7742,#7743,#7744));
#1790=EDGE_LOOP('',(#7745,#7746,#7747,#7748));
#1791=EDGE_LOOP('',(#7749,#7750,#7751,#7752));
#1792=EDGE_LOOP('',(#7753,#7754,#7755,#7756));
#1793=EDGE_LOOP('',(#7757,#7758,#7759,#7760));
#1794=EDGE_LOOP('',(#7761,#7762,#7763,#7764));
#1795=EDGE_LOOP('',(#7765,#7766,#7767,#7768));
#1796=EDGE_LOOP('',(#7769,#7770,#7771,#7772));
#1797=EDGE_LOOP('',(#7773,#7774,#7775,#7776));
#1798=EDGE_LOOP('',(#7777,#7778,#7779,#7780));
#1799=EDGE_LOOP('',(#7781,#7782,#7783,#7784));
#1800=EDGE_LOOP('',(#7785,#7786,#7787,#7788));
#1801=EDGE_LOOP('',(#7789,#7790,#7791,#7792,#7793,#7794,#7795,#7796,#7797,
#7798));
#1802=EDGE_LOOP('',(#7799,#7800,#7801,#7802,#7803,#7804,#7805,#7806));
#1803=EDGE_LOOP('',(#7807,#7808,#7809,#7810,#7811,#7812,#7813,#7814,#7815,
#7816));
#1804=EDGE_LOOP('',(#7817,#7818,#7819,#7820,#7821,#7822,#7823,#7824));
#1805=EDGE_LOOP('',(#7825,#7826,#7827,#7828));
#1806=EDGE_LOOP('',(#7829,#7830,#7831,#7832));
#1807=EDGE_LOOP('',(#7833,#7834,#7835,#7836));
#1808=EDGE_LOOP('',(#7837,#7838,#7839,#7840));
#1809=EDGE_LOOP('',(#7841,#7842,#7843,#7844));
#1810=EDGE_LOOP('',(#7845,#7846,#7847,#7848));
#1811=EDGE_LOOP('',(#7849,#7850,#7851,#7852,#7853,#7854));
#1812=EDGE_LOOP('',(#7855,#7856,#7857,#7858,#7859,#7860));
#1813=EDGE_LOOP('',(#7861,#7862,#7863,#7864));
#1814=EDGE_LOOP('',(#7865,#7866,#7867,#7868));
#1815=EDGE_LOOP('',(#7869,#7870,#7871,#7872));
#1816=EDGE_LOOP('',(#7873,#7874,#7875,#7876));
#1817=EDGE_LOOP('',(#7877,#7878,#7879,#7880));
#1818=EDGE_LOOP('',(#7881,#7882,#7883,#7884));
#1819=EDGE_LOOP('',(#7885,#7886,#7887,#7888));
#1820=EDGE_LOOP('',(#7889,#7890,#7891,#7892));
#1821=EDGE_LOOP('',(#7893,#7894,#7895,#7896));
#1822=EDGE_LOOP('',(#7897,#7898,#7899,#7900));
#1823=EDGE_LOOP('',(#7901,#7902,#7903,#7904));
#1824=EDGE_LOOP('',(#7905,#7906,#7907,#7908));
#1825=EDGE_LOOP('',(#7909,#7910,#7911,#7912));
#1826=EDGE_LOOP('',(#7913,#7914,#7915,#7916));
#1827=EDGE_LOOP('',(#7917,#7918,#7919,#7920));
#1828=EDGE_LOOP('',(#7921,#7922,#7923,#7924));
#1829=EDGE_LOOP('',(#7925,#7926,#7927,#7928));
#1830=EDGE_LOOP('',(#7929,#7930,#7931,#7932));
#1831=EDGE_LOOP('',(#7933,#7934,#7935,#7936));
#1832=EDGE_LOOP('',(#7937,#7938,#7939,#7940));
#1833=EDGE_LOOP('',(#7941,#7942,#7943,#7944));
#1834=EDGE_LOOP('',(#7945,#7946,#7947,#7948,#7949,#7950,#7951,#7952,#7953,
#7954,#7955,#7956,#7957,#7958,#7959,#7960,#7961,#7962,#7963,#7964,#7965));
#1835=EDGE_LOOP('',(#7966,#7967,#7968,#7969,#7970,#7971,#7972,#7973,#7974,
#7975,#7976,#7977,#7978,#7979,#7980,#7981,#7982,#7983,#7984,#7985,#7986));
#1836=EDGE_LOOP('',(#7987,#7988,#7989,#7990));
#1837=EDGE_LOOP('',(#7991));
#1838=EDGE_LOOP('',(#7992,#7993,#7994,#7995));
#1839=EDGE_LOOP('',(#7996,#7997,#7998,#7999));
#1840=EDGE_LOOP('',(#8000,#8001,#8002,#8003));
#1841=EDGE_LOOP('',(#8004,#8005,#8006,#8007));
#1842=EDGE_LOOP('',(#8008,#8009,#8010,#8011));
#1843=EDGE_LOOP('',(#8012));
#1844=EDGE_LOOP('',(#8013,#8014,#8015,#8016));
#1845=EDGE_LOOP('',(#8017,#8018,#8019,#8020));
#1846=EDGE_LOOP('',(#8021,#8022,#8023,#8024));
#1847=EDGE_LOOP('',(#8025,#8026,#8027,#8028));
#1848=EDGE_LOOP('',(#8029,#8030,#8031,#8032));
#1849=EDGE_LOOP('',(#8033,#8034,#8035,#8036));
#1850=EDGE_LOOP('',(#8037,#8038,#8039,#8040));
#1851=EDGE_LOOP('',(#8041,#8042,#8043,#8044));
#1852=EDGE_LOOP('',(#8045,#8046,#8047,#8048));
#1853=EDGE_LOOP('',(#8049,#8050,#8051,#8052));
#1854=EDGE_LOOP('',(#8053,#8054,#8055,#8056));
#1855=EDGE_LOOP('',(#8057,#8058,#8059,#8060));
#1856=EDGE_LOOP('',(#8061,#8062,#8063,#8064));
#1857=EDGE_LOOP('',(#8065,#8066,#8067,#8068));
#1858=EDGE_LOOP('',(#8069,#8070,#8071,#8072));
#1859=EDGE_LOOP('',(#8073,#8074,#8075,#8076,#8077,#8078,#8079,#8080,#8081,
#8082));
#1860=EDGE_LOOP('',(#8083,#8084,#8085,#8086,#8087,#8088,#8089,#8090,#8091,
#8092));
#1861=EDGE_LOOP('',(#8093,#8094,#8095,#8096));
#1862=EDGE_LOOP('',(#8097,#8098,#8099,#8100));
#1863=EDGE_LOOP('',(#8101,#8102,#8103,#8104));
#1864=EDGE_LOOP('',(#8105,#8106,#8107,#8108));
#1865=EDGE_LOOP('',(#8109,#8110,#8111,#8112));
#1866=EDGE_LOOP('',(#8113,#8114,#8115,#8116));
#1867=EDGE_LOOP('',(#8117,#8118,#8119,#8120));
#1868=EDGE_LOOP('',(#8121,#8122,#8123,#8124));
#1869=EDGE_LOOP('',(#8125,#8126,#8127,#8128));
#1870=EDGE_LOOP('',(#8129,#8130,#8131,#8132));
#1871=EDGE_LOOP('',(#8133,#8134,#8135,#8136,#8137,#8138,#8139,#8140,#8141,
#8142));
#1872=EDGE_LOOP('',(#8143,#8144,#8145,#8146,#8147,#8148,#8149,#8150,#8151,
#8152));
#1873=EDGE_LOOP('',(#8153,#8154,#8155,#8156));
#1874=EDGE_LOOP('',(#8157,#8158,#8159,#8160));
#1875=EDGE_LOOP('',(#8161,#8162,#8163,#8164));
#1876=EDGE_LOOP('',(#8165,#8166,#8167,#8168));
#1877=EDGE_LOOP('',(#8169,#8170,#8171,#8172));
#1878=EDGE_LOOP('',(#8173,#8174,#8175,#8176));
#1879=EDGE_LOOP('',(#8177,#8178,#8179,#8180));
#1880=EDGE_LOOP('',(#8181,#8182,#8183,#8184));
#1881=EDGE_LOOP('',(#8185,#8186,#8187,#8188));
#1882=EDGE_LOOP('',(#8189,#8190,#8191,#8192));
#1883=EDGE_LOOP('',(#8193,#8194,#8195,#8196,#8197,#8198,#8199,#8200,#8201,
#8202));
#1884=EDGE_LOOP('',(#8203,#8204,#8205,#8206,#8207,#8208,#8209,#8210,#8211,
#8212));
#1885=EDGE_LOOP('',(#8213,#8214,#8215,#8216));
#1886=EDGE_LOOP('',(#8217,#8218,#8219,#8220));
#1887=EDGE_LOOP('',(#8221,#8222,#8223,#8224));
#1888=EDGE_LOOP('',(#8225,#8226,#8227,#8228));
#1889=EDGE_LOOP('',(#8229,#8230,#8231,#8232));
#1890=EDGE_LOOP('',(#8233,#8234,#8235,#8236));
#1891=EDGE_LOOP('',(#8237,#8238,#8239,#8240));
#1892=EDGE_LOOP('',(#8241,#8242,#8243,#8244));
#1893=EDGE_LOOP('',(#8245,#8246,#8247,#8248));
#1894=EDGE_LOOP('',(#8249,#8250,#8251,#8252));
#1895=EDGE_LOOP('',(#8253,#8254,#8255,#8256,#8257,#8258,#8259,#8260,#8261,
#8262));
#1896=EDGE_LOOP('',(#8263,#8264,#8265,#8266,#8267,#8268,#8269,#8270,#8271,
#8272));
#1897=EDGE_LOOP('',(#8273,#8274,#8275,#8276));
#1898=EDGE_LOOP('',(#8277,#8278,#8279,#8280));
#1899=EDGE_LOOP('',(#8281,#8282,#8283,#8284));
#1900=EDGE_LOOP('',(#8285,#8286,#8287,#8288));
#1901=EDGE_LOOP('',(#8289,#8290,#8291,#8292));
#1902=EDGE_LOOP('',(#8293,#8294,#8295,#8296));
#1903=EDGE_LOOP('',(#8297,#8298,#8299,#8300));
#1904=EDGE_LOOP('',(#8301,#8302,#8303,#8304));
#1905=EDGE_LOOP('',(#8305,#8306,#8307,#8308));
#1906=EDGE_LOOP('',(#8309,#8310,#8311,#8312));
#1907=EDGE_LOOP('',(#8313,#8314,#8315,#8316,#8317,#8318,#8319,#8320,#8321,
#8322));
#1908=EDGE_LOOP('',(#8323,#8324,#8325,#8326,#8327,#8328,#8329,#8330,#8331,
#8332));
#1909=EDGE_LOOP('',(#8333,#8334,#8335,#8336));
#1910=EDGE_LOOP('',(#8337,#8338,#8339,#8340));
#1911=EDGE_LOOP('',(#8341,#8342,#8343,#8344));
#1912=EDGE_LOOP('',(#8345,#8346,#8347,#8348));
#1913=EDGE_LOOP('',(#8349,#8350,#8351,#8352));
#1914=EDGE_LOOP('',(#8353,#8354,#8355,#8356));
#1915=EDGE_LOOP('',(#8357,#8358,#8359,#8360));
#1916=EDGE_LOOP('',(#8361,#8362,#8363,#8364));
#1917=EDGE_LOOP('',(#8365,#8366,#8367,#8368));
#1918=EDGE_LOOP('',(#8369,#8370,#8371,#8372));
#1919=EDGE_LOOP('',(#8373,#8374,#8375,#8376,#8377,#8378,#8379,#8380,#8381,
#8382));
#1920=EDGE_LOOP('',(#8383,#8384,#8385,#8386,#8387,#8388,#8389,#8390,#8391,
#8392));
#1921=EDGE_LOOP('',(#8393,#8394,#8395,#8396));
#1922=EDGE_LOOP('',(#8397,#8398,#8399,#8400));
#1923=EDGE_LOOP('',(#8401,#8402,#8403,#8404));
#1924=EDGE_LOOP('',(#8405,#8406,#8407,#8408));
#1925=EDGE_LOOP('',(#8409,#8410,#8411,#8412));
#1926=EDGE_LOOP('',(#8413,#8414,#8415,#8416));
#1927=EDGE_LOOP('',(#8417,#8418,#8419,#8420));
#1928=EDGE_LOOP('',(#8421,#8422,#8423,#8424));
#1929=EDGE_LOOP('',(#8425,#8426,#8427,#8428));
#1930=EDGE_LOOP('',(#8429,#8430,#8431,#8432));
#1931=EDGE_LOOP('',(#8433,#8434,#8435,#8436,#8437,#8438,#8439,#8440,#8441,
#8442));
#1932=EDGE_LOOP('',(#8443,#8444,#8445,#8446,#8447,#8448,#8449,#8450,#8451,
#8452));
#1933=EDGE_LOOP('',(#8453,#8454,#8455,#8456));
#1934=EDGE_LOOP('',(#8457,#8458,#8459,#8460));
#1935=EDGE_LOOP('',(#8461,#8462,#8463,#8464));
#1936=EDGE_LOOP('',(#8465,#8466,#8467,#8468));
#1937=EDGE_LOOP('',(#8469,#8470,#8471,#8472));
#1938=EDGE_LOOP('',(#8473,#8474,#8475,#8476));
#1939=EDGE_LOOP('',(#8477,#8478,#8479,#8480));
#1940=EDGE_LOOP('',(#8481,#8482,#8483,#8484));
#1941=EDGE_LOOP('',(#8485,#8486,#8487,#8488));
#1942=EDGE_LOOP('',(#8489,#8490,#8491,#8492));
#1943=EDGE_LOOP('',(#8493,#8494,#8495,#8496,#8497,#8498,#8499,#8500,#8501,
#8502));
#1944=EDGE_LOOP('',(#8503,#8504,#8505,#8506,#8507,#8508,#8509,#8510,#8511,
#8512));
#1945=EDGE_LOOP('',(#8513,#8514,#8515,#8516));
#1946=EDGE_LOOP('',(#8517,#8518,#8519,#8520));
#1947=EDGE_LOOP('',(#8521,#8522,#8523,#8524));
#1948=EDGE_LOOP('',(#8525,#8526,#8527,#8528));
#1949=EDGE_LOOP('',(#8529,#8530,#8531,#8532));
#1950=EDGE_LOOP('',(#8533,#8534,#8535,#8536));
#1951=EDGE_LOOP('',(#8537,#8538,#8539,#8540));
#1952=EDGE_LOOP('',(#8541,#8542,#8543,#8544));
#1953=EDGE_LOOP('',(#8545,#8546,#8547,#8548));
#1954=EDGE_LOOP('',(#8549,#8550,#8551,#8552));
#1955=EDGE_LOOP('',(#8553,#8554,#8555,#8556,#8557,#8558,#8559,#8560,#8561,
#8562));
#1956=EDGE_LOOP('',(#8563,#8564,#8565,#8566,#8567,#8568,#8569,#8570,#8571,
#8572));
#1957=EDGE_LOOP('',(#8573,#8574,#8575,#8576));
#1958=EDGE_LOOP('',(#8577,#8578,#8579,#8580));
#1959=EDGE_LOOP('',(#8581,#8582,#8583,#8584));
#1960=EDGE_LOOP('',(#8585,#8586,#8587,#8588));
#1961=EDGE_LOOP('',(#8589,#8590,#8591,#8592));
#1962=EDGE_LOOP('',(#8593,#8594,#8595,#8596));
#1963=EDGE_LOOP('',(#8597,#8598,#8599,#8600));
#1964=EDGE_LOOP('',(#8601,#8602,#8603,#8604));
#1965=EDGE_LOOP('',(#8605,#8606,#8607,#8608));
#1966=EDGE_LOOP('',(#8609,#8610,#8611,#8612));
#1967=EDGE_LOOP('',(#8613,#8614,#8615,#8616,#8617,#8618,#8619,#8620,#8621,
#8622));
#1968=EDGE_LOOP('',(#8623,#8624,#8625,#8626,#8627,#8628,#8629,#8630,#8631,
#8632));
#1969=EDGE_LOOP('',(#8633,#8634,#8635,#8636));
#1970=EDGE_LOOP('',(#8637,#8638,#8639,#8640));
#1971=EDGE_LOOP('',(#8641,#8642,#8643,#8644));
#1972=EDGE_LOOP('',(#8645,#8646,#8647,#8648));
#1973=EDGE_LOOP('',(#8649,#8650,#8651,#8652));
#1974=EDGE_LOOP('',(#8653,#8654,#8655,#8656));
#1975=EDGE_LOOP('',(#8657,#8658,#8659,#8660));
#1976=EDGE_LOOP('',(#8661,#8662,#8663,#8664));
#1977=EDGE_LOOP('',(#8665,#8666,#8667,#8668));
#1978=EDGE_LOOP('',(#8669,#8670,#8671,#8672));
#1979=EDGE_LOOP('',(#8673,#8674,#8675,#8676,#8677,#8678,#8679,#8680,#8681,
#8682));
#1980=EDGE_LOOP('',(#8683,#8684,#8685,#8686,#8687,#8688,#8689,#8690,#8691,
#8692));
#1981=EDGE_LOOP('',(#8693,#8694,#8695,#8696));
#1982=EDGE_LOOP('',(#8697,#8698,#8699,#8700));
#1983=EDGE_LOOP('',(#8701,#8702,#8703,#8704));
#1984=EDGE_LOOP('',(#8705,#8706,#8707,#8708));
#1985=EDGE_LOOP('',(#8709,#8710,#8711,#8712));
#1986=EDGE_LOOP('',(#8713,#8714,#8715,#8716));
#1987=EDGE_LOOP('',(#8717,#8718,#8719,#8720));
#1988=EDGE_LOOP('',(#8721,#8722,#8723,#8724));
#1989=EDGE_LOOP('',(#8725,#8726,#8727,#8728));
#1990=EDGE_LOOP('',(#8729,#8730,#8731,#8732));
#1991=EDGE_LOOP('',(#8733,#8734,#8735,#8736,#8737,#8738,#8739,#8740,#8741,
#8742));
#1992=EDGE_LOOP('',(#8743,#8744,#8745,#8746,#8747,#8748,#8749,#8750,#8751,
#8752));
#1993=EDGE_LOOP('',(#8753,#8754,#8755,#8756));
#1994=EDGE_LOOP('',(#8757,#8758,#8759,#8760));
#1995=EDGE_LOOP('',(#8761,#8762,#8763,#8764));
#1996=EDGE_LOOP('',(#8765,#8766,#8767,#8768));
#1997=EDGE_LOOP('',(#8769,#8770,#8771,#8772));
#1998=EDGE_LOOP('',(#8773,#8774,#8775,#8776));
#1999=EDGE_LOOP('',(#8777,#8778,#8779,#8780));
#2000=EDGE_LOOP('',(#8781,#8782,#8783,#8784));
#2001=EDGE_LOOP('',(#8785,#8786,#8787,#8788));
#2002=EDGE_LOOP('',(#8789,#8790,#8791,#8792));
#2003=EDGE_LOOP('',(#8793,#8794,#8795,#8796,#8797,#8798,#8799,#8800,#8801,
#8802));
#2004=EDGE_LOOP('',(#8803,#8804,#8805,#8806,#8807,#8808,#8809,#8810,#8811,
#8812));
#2005=EDGE_LOOP('',(#8813,#8814,#8815,#8816));
#2006=EDGE_LOOP('',(#8817,#8818,#8819,#8820));
#2007=EDGE_LOOP('',(#8821,#8822,#8823,#8824));
#2008=EDGE_LOOP('',(#8825,#8826,#8827,#8828));
#2009=EDGE_LOOP('',(#8829,#8830,#8831,#8832));
#2010=EDGE_LOOP('',(#8833,#8834,#8835,#8836));
#2011=EDGE_LOOP('',(#8837,#8838,#8839,#8840));
#2012=EDGE_LOOP('',(#8841,#8842,#8843,#8844));
#2013=EDGE_LOOP('',(#8845,#8846,#8847,#8848));
#2014=EDGE_LOOP('',(#8849,#8850,#8851,#8852));
#2015=EDGE_LOOP('',(#8853,#8854,#8855,#8856,#8857,#8858,#8859,#8860,#8861,
#8862));
#2016=EDGE_LOOP('',(#8863,#8864,#8865,#8866,#8867,#8868,#8869,#8870,#8871,
#8872));
#2017=EDGE_LOOP('',(#8873,#8874,#8875,#8876));
#2018=EDGE_LOOP('',(#8877,#8878,#8879,#8880));
#2019=EDGE_LOOP('',(#8881,#8882,#8883,#8884));
#2020=EDGE_LOOP('',(#8885,#8886,#8887,#8888));
#2021=EDGE_LOOP('',(#8889,#8890,#8891,#8892));
#2022=EDGE_LOOP('',(#8893,#8894,#8895,#8896));
#2023=EDGE_LOOP('',(#8897,#8898,#8899,#8900));
#2024=EDGE_LOOP('',(#8901,#8902,#8903,#8904));
#2025=EDGE_LOOP('',(#8905,#8906,#8907,#8908));
#2026=EDGE_LOOP('',(#8909,#8910,#8911,#8912));
#2027=EDGE_LOOP('',(#8913,#8914,#8915,#8916,#8917,#8918,#8919,#8920,#8921,
#8922));
#2028=EDGE_LOOP('',(#8923,#8924,#8925,#8926,#8927,#8928,#8929,#8930,#8931,
#8932));
#2029=EDGE_LOOP('',(#8933,#8934,#8935,#8936));
#2030=EDGE_LOOP('',(#8937,#8938,#8939,#8940));
#2031=EDGE_LOOP('',(#8941,#8942,#8943,#8944));
#2032=EDGE_LOOP('',(#8945,#8946,#8947,#8948));
#2033=EDGE_LOOP('',(#8949,#8950,#8951,#8952));
#2034=EDGE_LOOP('',(#8953,#8954,#8955,#8956));
#2035=EDGE_LOOP('',(#8957,#8958,#8959,#8960));
#2036=EDGE_LOOP('',(#8961,#8962,#8963,#8964));
#2037=EDGE_LOOP('',(#8965,#8966,#8967,#8968));
#2038=EDGE_LOOP('',(#8969,#8970,#8971,#8972));
#2039=EDGE_LOOP('',(#8973,#8974,#8975,#8976,#8977,#8978,#8979,#8980,#8981,
#8982));
#2040=EDGE_LOOP('',(#8983,#8984,#8985,#8986,#8987,#8988,#8989,#8990,#8991,
#8992));
#2041=EDGE_LOOP('',(#8993,#8994,#8995,#8996));
#2042=EDGE_LOOP('',(#8997,#8998,#8999,#9000));
#2043=EDGE_LOOP('',(#9001,#9002,#9003,#9004));
#2044=EDGE_LOOP('',(#9005,#9006,#9007,#9008));
#2045=EDGE_LOOP('',(#9009,#9010,#9011,#9012));
#2046=EDGE_LOOP('',(#9013,#9014,#9015,#9016));
#2047=EDGE_LOOP('',(#9017,#9018,#9019,#9020));
#2048=EDGE_LOOP('',(#9021,#9022,#9023,#9024));
#2049=EDGE_LOOP('',(#9025,#9026,#9027,#9028));
#2050=EDGE_LOOP('',(#9029,#9030,#9031,#9032));
#2051=EDGE_LOOP('',(#9033,#9034,#9035,#9036,#9037,#9038,#9039,#9040,#9041,
#9042));
#2052=EDGE_LOOP('',(#9043,#9044,#9045,#9046,#9047,#9048,#9049,#9050,#9051,
#9052));
#2053=EDGE_LOOP('',(#9053,#9054,#9055,#9056));
#2054=EDGE_LOOP('',(#9057,#9058,#9059,#9060));
#2055=EDGE_LOOP('',(#9061,#9062,#9063,#9064));
#2056=EDGE_LOOP('',(#9065,#9066,#9067,#9068));
#2057=EDGE_LOOP('',(#9069,#9070,#9071,#9072));
#2058=EDGE_LOOP('',(#9073,#9074,#9075,#9076));
#2059=EDGE_LOOP('',(#9077,#9078,#9079,#9080));
#2060=EDGE_LOOP('',(#9081,#9082,#9083,#9084));
#2061=EDGE_LOOP('',(#9085,#9086,#9087,#9088));
#2062=EDGE_LOOP('',(#9089,#9090,#9091,#9092));
#2063=EDGE_LOOP('',(#9093,#9094,#9095,#9096,#9097,#9098,#9099,#9100,#9101,
#9102));
#2064=EDGE_LOOP('',(#9103,#9104,#9105,#9106,#9107,#9108,#9109,#9110,#9111,
#9112));
#2065=EDGE_LOOP('',(#9113,#9114,#9115,#9116));
#2066=EDGE_LOOP('',(#9117,#9118,#9119,#9120));
#2067=EDGE_LOOP('',(#9121,#9122,#9123,#9124));
#2068=EDGE_LOOP('',(#9125,#9126,#9127,#9128));
#2069=EDGE_LOOP('',(#9129,#9130,#9131,#9132));
#2070=EDGE_LOOP('',(#9133,#9134,#9135,#9136));
#2071=EDGE_LOOP('',(#9137,#9138,#9139,#9140));
#2072=EDGE_LOOP('',(#9141,#9142,#9143,#9144));
#2073=EDGE_LOOP('',(#9145,#9146,#9147,#9148));
#2074=EDGE_LOOP('',(#9149,#9150,#9151,#9152));
#2075=EDGE_LOOP('',(#9153,#9154,#9155,#9156,#9157,#9158,#9159,#9160,#9161,
#9162));
#2076=EDGE_LOOP('',(#9163,#9164,#9165,#9166,#9167,#9168,#9169,#9170,#9171,
#9172));
#2077=EDGE_LOOP('',(#9173,#9174,#9175,#9176));
#2078=EDGE_LOOP('',(#9177,#9178,#9179,#9180));
#2079=EDGE_LOOP('',(#9181,#9182,#9183,#9184));
#2080=EDGE_LOOP('',(#9185,#9186,#9187,#9188));
#2081=EDGE_LOOP('',(#9189,#9190,#9191,#9192));
#2082=EDGE_LOOP('',(#9193,#9194,#9195,#9196));
#2083=EDGE_LOOP('',(#9197,#9198,#9199,#9200));
#2084=EDGE_LOOP('',(#9201,#9202,#9203,#9204));
#2085=EDGE_LOOP('',(#9205,#9206,#9207,#9208));
#2086=EDGE_LOOP('',(#9209,#9210,#9211,#9212));
#2087=EDGE_LOOP('',(#9213,#9214,#9215,#9216,#9217,#9218,#9219,#9220,#9221,
#9222));
#2088=EDGE_LOOP('',(#9223,#9224,#9225,#9226,#9227,#9228,#9229,#9230,#9231,
#9232));
#2089=EDGE_LOOP('',(#9233,#9234,#9235,#9236));
#2090=EDGE_LOOP('',(#9237,#9238,#9239,#9240));
#2091=EDGE_LOOP('',(#9241,#9242,#9243,#9244));
#2092=EDGE_LOOP('',(#9245,#9246,#9247,#9248));
#2093=EDGE_LOOP('',(#9249,#9250,#9251,#9252));
#2094=EDGE_LOOP('',(#9253,#9254,#9255,#9256));
#2095=EDGE_LOOP('',(#9257,#9258,#9259,#9260));
#2096=EDGE_LOOP('',(#9261,#9262,#9263,#9264));
#2097=EDGE_LOOP('',(#9265,#9266,#9267,#9268));
#2098=EDGE_LOOP('',(#9269,#9270,#9271,#9272));
#2099=EDGE_LOOP('',(#9273,#9274,#9275,#9276));
#2100=EDGE_LOOP('',(#9277,#9278,#9279,#9280));
#2101=EDGE_LOOP('',(#9281,#9282,#9283,#9284));
#2102=EDGE_LOOP('',(#9285,#9286,#9287,#9288));
#2103=EDGE_LOOP('',(#9289,#9290,#9291,#9292));
#2104=EDGE_LOOP('',(#9293,#9294,#9295,#9296));
#2105=EDGE_LOOP('',(#9297,#9298,#9299,#9300,#9301,#9302,#9303,#9304));
#2106=EDGE_LOOP('',(#9305,#9306,#9307,#9308,#9309,#9310,#9311,#9312));
#2107=EDGE_LOOP('',(#9313,#9314,#9315,#9316,#9317,#9318,#9319,#9320));
#2108=EDGE_LOOP('',(#9321,#9322,#9323,#9324,#9325,#9326,#9327,#9328));
#2109=EDGE_LOOP('',(#9329,#9330,#9331,#9332));
#2110=EDGE_LOOP('',(#9333,#9334,#9335,#9336));
#2111=EDGE_LOOP('',(#9337,#9338,#9339,#9340));
#2112=EDGE_LOOP('',(#9341,#9342,#9343));
#2113=EDGE_LOOP('',(#9344,#9345,#9346,#9347));
#2114=EDGE_LOOP('',(#9348,#9349,#9350));
#2115=EDGE_LOOP('',(#9351,#9352,#9353));
#2116=EDGE_LOOP('',(#9354,#9355,#9356));
#2117=EDGE_LOOP('',(#9357,#9358,#9359,#9360));
#2118=EDGE_LOOP('',(#9361,#9362,#9363,#9364,#9365,#9366,#9367,#9368));
#2119=EDGE_LOOP('',(#9369,#9370,#9371,#9372));
#2120=EDGE_LOOP('',(#9373,#9374,#9375,#9376));
#2121=EDGE_LOOP('',(#9377,#9378,#9379,#9380));
#2122=EDGE_LOOP('',(#9381,#9382,#9383,#9384));
#2123=EDGE_LOOP('',(#9385,#9386,#9387,#9388));
#2124=EDGE_LOOP('',(#9389,#9390,#9391,#9392));
#2125=EDGE_LOOP('',(#9393,#9394,#9395,#9396));
#2126=EDGE_LOOP('',(#9397,#9398,#9399,#9400));
#2127=EDGE_LOOP('',(#9401,#9402,#9403));
#2128=EDGE_LOOP('',(#9404,#9405,#9406,#9407));
#2129=EDGE_LOOP('',(#9408,#9409,#9410));
#2130=EDGE_LOOP('',(#9411,#9412,#9413,#9414));
#2131=EDGE_LOOP('',(#9415,#9416,#9417));
#2132=EDGE_LOOP('',(#9418,#9419,#9420));
#2133=EDGE_LOOP('',(#9421,#9422,#9423,#9424));
#2134=EDGE_LOOP('',(#9425,#9426,#9427,#9428));
#2135=EDGE_LOOP('',(#9429,#9430,#9431,#9432));
#2136=EDGE_LOOP('',(#9433,#9434,#9435,#9436));
#2137=EDGE_LOOP('',(#9437,#9438,#9439,#9440));
#2138=EDGE_LOOP('',(#9441,#9442,#9443,#9444));
#2139=EDGE_LOOP('',(#9445,#9446,#9447,#9448));
#2140=EDGE_LOOP('',(#9449,#9450,#9451,#9452,#9453,#9454,#9455,#9456));
#2141=EDGE_LOOP('',(#9457,#9458,#9459,#9460));
#2142=EDGE_LOOP('',(#9461,#9462,#9463,#9464));
#2143=EDGE_LOOP('',(#9465,#9466,#9467,#9468));
#2144=EDGE_LOOP('',(#9469,#9470,#9471,#9472));
#2145=EDGE_LOOP('',(#9473,#9474,#9475,#9476));
#2146=EDGE_LOOP('',(#9477,#9478,#9479,#9480));
#2147=LINE('',#13756,#3147);
#2148=LINE('',#13758,#3148);
#2149=LINE('',#13760,#3149);
#2150=LINE('',#13761,#3150);
#2151=LINE('',#13764,#3151);
#2152=LINE('',#13766,#3152);
#2153=LINE('',#13767,#3153);
#2154=LINE('',#13770,#3154);
#2155=LINE('',#13772,#3155);
#2156=LINE('',#13773,#3156);
#2157=LINE('',#13775,#3157);
#2158=LINE('',#13776,#3158);
#2159=LINE('',#13784,#3159);
#2160=LINE('',#13786,#3160);
#2161=LINE('',#13788,#3161);
#2162=LINE('',#13789,#3162);
#2163=LINE('',#13792,#3163);
#2164=LINE('',#13794,#3164);
#2165=LINE('',#13795,#3165);
#2166=LINE('',#13798,#3166);
#2167=LINE('',#13800,#3167);
#2168=LINE('',#13801,#3168);
#2169=LINE('',#13803,#3169);
#2170=LINE('',#13804,#3170);
#2171=LINE('',#13810,#3171);
#2172=LINE('',#13812,#3172);
#2173=LINE('',#13814,#3173);
#2174=LINE('',#13815,#3174);
#2175=LINE('',#13818,#3175);
#2176=LINE('',#13820,#3176);
#2177=LINE('',#13821,#3177);
#2178=LINE('',#13824,#3178);
#2179=LINE('',#13826,#3179);
#2180=LINE('',#13827,#3180);
#2181=LINE('',#13830,#3181);
#2182=LINE('',#13832,#3182);
#2183=LINE('',#13833,#3183);
#2184=LINE('',#13836,#3184);
#2185=LINE('',#13838,#3185);
#2186=LINE('',#13839,#3186);
#2187=LINE('',#13841,#3187);
#2188=LINE('',#13842,#3188);
#2189=LINE('',#13848,#3189);
#2190=LINE('',#13850,#3190);
#2191=LINE('',#13852,#3191);
#2192=LINE('',#13853,#3192);
#2193=LINE('',#13856,#3193);
#2194=LINE('',#13858,#3194);
#2195=LINE('',#13859,#3195);
#2196=LINE('',#13862,#3196);
#2197=LINE('',#13864,#3197);
#2198=LINE('',#13865,#3198);
#2199=LINE('',#13868,#3199);
#2200=LINE('',#13870,#3200);
#2201=LINE('',#13871,#3201);
#2202=LINE('',#13874,#3202);
#2203=LINE('',#13876,#3203);
#2204=LINE('',#13877,#3204);
#2205=LINE('',#13879,#3205);
#2206=LINE('',#13880,#3206);
#2207=LINE('',#13886,#3207);
#2208=LINE('',#13888,#3208);
#2209=LINE('',#13890,#3209);
#2210=LINE('',#13891,#3210);
#2211=LINE('',#13894,#3211);
#2212=LINE('',#13896,#3212);
#2213=LINE('',#13897,#3213);
#2214=LINE('',#13900,#3214);
#2215=LINE('',#13902,#3215);
#2216=LINE('',#13903,#3216);
#2217=LINE('',#13906,#3217);
#2218=LINE('',#13908,#3218);
#2219=LINE('',#13909,#3219);
#2220=LINE('',#13912,#3220);
#2221=LINE('',#13914,#3221);
#2222=LINE('',#13915,#3222);
#2223=LINE('',#13917,#3223);
#2224=LINE('',#13918,#3224);
#2225=LINE('',#13924,#3225);
#2226=LINE('',#13926,#3226);
#2227=LINE('',#13928,#3227);
#2228=LINE('',#13929,#3228);
#2229=LINE('',#13932,#3229);
#2230=LINE('',#13934,#3230);
#2231=LINE('',#13935,#3231);
#2232=LINE('',#13938,#3232);
#2233=LINE('',#13940,#3233);
#2234=LINE('',#13941,#3234);
#2235=LINE('',#13943,#3235);
#2236=LINE('',#13944,#3236);
#2237=LINE('',#13950,#3237);
#2238=LINE('',#13952,#3238);
#2239=LINE('',#13954,#3239);
#2240=LINE('',#13955,#3240);
#2241=LINE('',#13958,#3241);
#2242=LINE('',#13960,#3242);
#2243=LINE('',#13961,#3243);
#2244=LINE('',#13964,#3244);
#2245=LINE('',#13966,#3245);
#2246=LINE('',#13967,#3246);
#2247=LINE('',#13969,#3247);
#2248=LINE('',#13970,#3248);
#2249=LINE('',#13976,#3249);
#2250=LINE('',#13978,#3250);
#2251=LINE('',#13980,#3251);
#2252=LINE('',#13981,#3252);
#2253=LINE('',#13984,#3253);
#2254=LINE('',#13986,#3254);
#2255=LINE('',#13987,#3255);
#2256=LINE('',#13990,#3256);
#2257=LINE('',#13992,#3257);
#2258=LINE('',#13993,#3258);
#2259=LINE('',#13995,#3259);
#2260=LINE('',#13996,#3260);
#2261=LINE('',#14010,#3261);
#2262=LINE('',#14016,#3262);
#2263=LINE('',#14022,#3263);
#2264=LINE('',#14028,#3264);
#2265=LINE('',#14035,#3265);
#2266=LINE('',#14038,#3266);
#2267=LINE('',#14041,#3267);
#2268=LINE('',#14045,#3268);
#2269=LINE('',#14049,#3269);
#2270=LINE('',#14052,#3270);
#2271=LINE('',#14063,#3271);
#2272=LINE('',#14064,#3272);
#2273=LINE('',#14068,#3273);
#2274=LINE('',#14073,#3274);
#2275=LINE('',#14074,#3275);
#2276=LINE('',#14077,#3276);
#2277=LINE('',#14078,#3277);
#2278=LINE('',#14082,#3278);
#2279=LINE('',#14086,#3279);
#2280=LINE('',#14090,#3280);
#2281=LINE('',#14094,#3281);
#2282=LINE('',#14098,#3282);
#2283=LINE('',#14100,#3283);
#2284=LINE('',#14102,#3284);
#2285=LINE('',#14108,#3285);
#2286=LINE('',#14110,#3286);
#2287=LINE('',#14112,#3287);
#2288=LINE('',#14113,#3288);
#2289=LINE('',#14116,#3289);
#2290=LINE('',#14118,#3290);
#2291=LINE('',#14119,#3291);
#2292=LINE('',#14122,#3292);
#2293=LINE('',#14124,#3293);
#2294=LINE('',#14125,#3294);
#2295=LINE('',#14128,#3295);
#2296=LINE('',#14130,#3296);
#2297=LINE('',#14131,#3297);
#2298=LINE('',#14134,#3298);
#2299=LINE('',#14136,#3299);
#2300=LINE('',#14137,#3300);
#2301=LINE('',#14140,#3301);
#2302=LINE('',#14142,#3302);
#2303=LINE('',#14143,#3303);
#2304=LINE('',#14146,#3304);
#2305=LINE('',#14148,#3305);
#2306=LINE('',#14149,#3306);
#2307=LINE('',#14152,#3307);
#2308=LINE('',#14154,#3308);
#2309=LINE('',#14155,#3309);
#2310=LINE('',#14158,#3310);
#2311=LINE('',#14160,#3311);
#2312=LINE('',#14161,#3312);
#2313=LINE('',#14164,#3313);
#2314=LINE('',#14166,#3314);
#2315=LINE('',#14167,#3315);
#2316=LINE('',#14170,#3316);
#2317=LINE('',#14172,#3317);
#2318=LINE('',#14173,#3318);
#2319=LINE('',#14175,#3319);
#2320=LINE('',#14176,#3320);
#2321=LINE('',#14182,#3321);
#2322=LINE('',#14184,#3322);
#2323=LINE('',#14186,#3323);
#2324=LINE('',#14187,#3324);
#2325=LINE('',#14190,#3325);
#2326=LINE('',#14192,#3326);
#2327=LINE('',#14193,#3327);
#2328=LINE('',#14216,#3328);
#2329=LINE('',#14239,#3329);
#2330=LINE('',#14262,#3330);
#2331=LINE('',#14285,#3331);
#2332=LINE('',#14308,#3332);
#2333=LINE('',#14310,#3333);
#2334=LINE('',#14311,#3334);
#2335=LINE('',#14315,#3335);
#2336=LINE('',#14317,#3336);
#2337=LINE('',#14319,#3337);
#2338=LINE('',#14320,#3338);
#2339=LINE('',#14343,#3339);
#2340=LINE('',#14366,#3340);
#2341=LINE('',#14389,#3341);
#2342=LINE('',#14412,#3342);
#2343=LINE('',#14435,#3343);
#2344=LINE('',#14458,#3344);
#2345=LINE('',#14481,#3345);
#2346=LINE('',#14504,#3346);
#2347=LINE('',#14507,#3347);
#2348=LINE('',#14509,#3348);
#2349=LINE('',#14510,#3349);
#2350=LINE('',#14512,#3350);
#2351=LINE('',#14513,#3351);
#2352=LINE('',#14519,#3352);
#2353=LINE('',#14521,#3353);
#2354=LINE('',#14523,#3354);
#2355=LINE('',#14524,#3355);
#2356=LINE('',#14527,#3356);
#2357=LINE('',#14529,#3357);
#2358=LINE('',#14530,#3358);
#2359=LINE('',#14533,#3359);
#2360=LINE('',#14535,#3360);
#2361=LINE('',#14536,#3361);
#2362=LINE('',#14538,#3362);
#2363=LINE('',#14539,#3363);
#2364=LINE('',#14545,#3364);
#2365=LINE('',#14547,#3365);
#2366=LINE('',#14549,#3366);
#2367=LINE('',#14550,#3367);
#2368=LINE('',#14573,#3368);
#2369=LINE('',#14596,#3369);
#2370=LINE('',#14619,#3370);
#2371=LINE('',#14642,#3371);
#2372=LINE('',#14665,#3372);
#2373=LINE('',#14688,#3373);
#2374=LINE('',#14711,#3374);
#2375=LINE('',#14734,#3375);
#2376=LINE('',#14757,#3376);
#2377=LINE('',#14780,#3377);
#2378=LINE('',#14783,#3378);
#2379=LINE('',#14785,#3379);
#2380=LINE('',#14786,#3380);
#2381=LINE('',#14809,#3381);
#2382=LINE('',#14832,#3382);
#2383=LINE('',#14855,#3383);
#2384=LINE('',#14878,#3384);
#2385=LINE('',#14901,#3385);
#2386=LINE('',#14924,#3386);
#2387=LINE('',#14947,#3387);
#2388=LINE('',#14970,#3388);
#2389=LINE('',#14996,#3389);
#2390=LINE('',#14998,#3390);
#2391=LINE('',#15000,#3391);
#2392=LINE('',#15001,#3392);
#2393=LINE('',#15004,#3393);
#2394=LINE('',#15006,#3394);
#2395=LINE('',#15007,#3395);
#2396=LINE('',#15010,#3396);
#2397=LINE('',#15012,#3397);
#2398=LINE('',#15013,#3398);
#2399=LINE('',#15036,#3399);
#2400=LINE('',#15059,#3400);
#2401=LINE('',#15082,#3401);
#2402=LINE('',#15105,#3402);
#2403=LINE('',#15128,#3403);
#2404=LINE('',#15151,#3404);
#2405=LINE('',#15174,#3405);
#2406=LINE('',#15197,#3406);
#2407=LINE('',#15220,#3407);
#2408=LINE('',#15243,#3408);
#2409=LINE('',#15266,#3409);
#2410=LINE('',#15269,#3410);
#2411=LINE('',#15271,#3411);
#2412=LINE('',#15272,#3412);
#2413=LINE('',#15295,#3413);
#2414=LINE('',#15318,#3414);
#2415=LINE('',#15341,#3415);
#2416=LINE('',#15364,#3416);
#2417=LINE('',#15387,#3417);
#2418=LINE('',#15410,#3418);
#2419=LINE('',#15433,#3419);
#2420=LINE('',#15456,#3420);
#2421=LINE('',#15459,#3421);
#2422=LINE('',#15461,#3422);
#2423=LINE('',#15462,#3423);
#2424=LINE('',#15464,#3424);
#2425=LINE('',#15465,#3425);
#2426=LINE('',#15471,#3426);
#2427=LINE('',#15473,#3427);
#2428=LINE('',#15475,#3428);
#2429=LINE('',#15476,#3429);
#2430=LINE('',#15479,#3430);
#2431=LINE('',#15481,#3431);
#2432=LINE('',#15482,#3432);
#2433=LINE('',#15485,#3433);
#2434=LINE('',#15487,#3434);
#2435=LINE('',#15488,#3435);
#2436=LINE('',#15491,#3436);
#2437=LINE('',#15493,#3437);
#2438=LINE('',#15494,#3438);
#2439=LINE('',#15497,#3439);
#2440=LINE('',#15499,#3440);
#2441=LINE('',#15500,#3441);
#2442=LINE('',#15503,#3442);
#2443=LINE('',#15505,#3443);
#2444=LINE('',#15506,#3444);
#2445=LINE('',#15509,#3445);
#2446=LINE('',#15511,#3446);
#2447=LINE('',#15512,#3447);
#2448=LINE('',#15515,#3448);
#2449=LINE('',#15517,#3449);
#2450=LINE('',#15518,#3450);
#2451=LINE('',#15521,#3451);
#2452=LINE('',#15523,#3452);
#2453=LINE('',#15524,#3453);
#2454=LINE('',#15526,#3454);
#2455=LINE('',#15527,#3455);
#2456=LINE('',#15533,#3456);
#2457=LINE('',#15535,#3457);
#2458=LINE('',#15537,#3458);
#2459=LINE('',#15538,#3459);
#2460=LINE('',#15541,#3460);
#2461=LINE('',#15543,#3461);
#2462=LINE('',#15544,#3462);
#2463=LINE('',#15567,#3463);
#2464=LINE('',#15590,#3464);
#2465=LINE('',#15613,#3465);
#2466=LINE('',#15636,#3466);
#2467=LINE('',#15659,#3467);
#2468=LINE('',#15661,#3468);
#2469=LINE('',#15662,#3469);
#2470=LINE('',#15666,#3470);
#2471=LINE('',#15668,#3471);
#2472=LINE('',#15670,#3472);
#2473=LINE('',#15671,#3473);
#2474=LINE('',#15694,#3474);
#2475=LINE('',#15717,#3475);
#2476=LINE('',#15740,#3476);
#2477=LINE('',#15763,#3477);
#2478=LINE('',#15786,#3478);
#2479=LINE('',#15809,#3479);
#2480=LINE('',#15832,#3480);
#2481=LINE('',#15855,#3481);
#2482=LINE('',#15858,#3482);
#2483=LINE('',#15860,#3483);
#2484=LINE('',#15861,#3484);
#2485=LINE('',#15863,#3485);
#2486=LINE('',#15864,#3486);
#2487=LINE('',#15870,#3487);
#2488=LINE('',#15872,#3488);
#2489=LINE('',#15874,#3489);
#2490=LINE('',#15875,#3490);
#2491=LINE('',#15898,#3491);
#2492=LINE('',#15921,#3492);
#2493=LINE('',#15944,#3493);
#2494=LINE('',#15967,#3494);
#2495=LINE('',#15990,#3495);
#2496=LINE('',#16013,#3496);
#2497=LINE('',#16036,#3497);
#2498=LINE('',#16059,#3498);
#2499=LINE('',#16082,#3499);
#2500=LINE('',#16105,#3500);
#2501=LINE('',#16108,#3501);
#2502=LINE('',#16110,#3502);
#2503=LINE('',#16111,#3503);
#2504=LINE('',#16134,#3504);
#2505=LINE('',#16157,#3505);
#2506=LINE('',#16180,#3506);
#2507=LINE('',#16203,#3507);
#2508=LINE('',#16226,#3508);
#2509=LINE('',#16249,#3509);
#2510=LINE('',#16272,#3510);
#2511=LINE('',#16295,#3511);
#2512=LINE('',#16321,#3512);
#2513=LINE('',#16323,#3513);
#2514=LINE('',#16325,#3514);
#2515=LINE('',#16326,#3515);
#2516=LINE('',#16329,#3516);
#2517=LINE('',#16331,#3517);
#2518=LINE('',#16332,#3518);
#2519=LINE('',#16335,#3519);
#2520=LINE('',#16337,#3520);
#2521=LINE('',#16338,#3521);
#2522=LINE('',#16341,#3522);
#2523=LINE('',#16343,#3523);
#2524=LINE('',#16344,#3524);
#2525=LINE('',#16347,#3525);
#2526=LINE('',#16349,#3526);
#2527=LINE('',#16350,#3527);
#2528=LINE('',#16353,#3528);
#2529=LINE('',#16355,#3529);
#2530=LINE('',#16356,#3530);
#2531=LINE('',#16358,#3531);
#2532=LINE('',#16359,#3532);
#2533=LINE('',#16380,#3533);
#2534=LINE('',#16387,#3534);
#2535=LINE('',#16410,#3535);
#2536=LINE('',#16433,#3536);
#2537=LINE('',#16456,#3537);
#2538=LINE('',#16479,#3538);
#2539=LINE('',#16502,#3539);
#2540=LINE('',#16525,#3540);
#2541=LINE('',#16564,#3541);
#2542=LINE('',#16571,#3542);
#2543=LINE('',#16594,#3543);
#2544=LINE('',#16617,#3544);
#2545=LINE('',#16640,#3545);
#2546=LINE('',#16663,#3546);
#2547=LINE('',#16686,#3547);
#2548=LINE('',#16709,#3548);
#2549=LINE('',#16732,#3549);
#2550=LINE('',#16755,#3550);
#2551=LINE('',#16781,#3551);
#2552=LINE('',#16783,#3552);
#2553=LINE('',#16785,#3553);
#2554=LINE('',#16786,#3554);
#2555=LINE('',#16789,#3555);
#2556=LINE('',#16791,#3556);
#2557=LINE('',#16792,#3557);
#2558=LINE('',#16795,#3558);
#2559=LINE('',#16797,#3559);
#2560=LINE('',#16798,#3560);
#2561=LINE('',#16801,#3561);
#2562=LINE('',#16803,#3562);
#2563=LINE('',#16804,#3563);
#2564=LINE('',#16807,#3564);
#2565=LINE('',#16809,#3565);
#2566=LINE('',#16810,#3566);
#2567=LINE('',#16812,#3567);
#2568=LINE('',#16813,#3568);
#2569=LINE('',#16819,#3569);
#2570=LINE('',#16821,#3570);
#2571=LINE('',#16823,#3571);
#2572=LINE('',#16824,#3572);
#2573=LINE('',#16847,#3573);
#2574=LINE('',#16870,#3574);
#2575=LINE('',#16893,#3575);
#2576=LINE('',#16916,#3576);
#2577=LINE('',#16939,#3577);
#2578=LINE('',#16962,#3578);
#2579=LINE('',#16985,#3579);
#2580=LINE('',#17008,#3580);
#2581=LINE('',#17031,#3581);
#2582=LINE('',#17054,#3582);
#2583=LINE('',#17057,#3583);
#2584=LINE('',#17059,#3584);
#2585=LINE('',#17060,#3585);
#2586=LINE('',#17083,#3586);
#2587=LINE('',#17106,#3587);
#2588=LINE('',#17129,#3588);
#2589=LINE('',#17152,#3589);
#2590=LINE('',#17175,#3590);
#2591=LINE('',#17198,#3591);
#2592=LINE('',#17221,#3592);
#2593=LINE('',#17244,#3593);
#2594=LINE('',#17273,#3594);
#2595=LINE('',#17279,#3595);
#2596=LINE('',#17281,#3596);
#2597=LINE('',#17283,#3597);
#2598=LINE('',#17284,#3598);
#2599=LINE('',#17287,#3599);
#2600=LINE('',#17289,#3600);
#2601=LINE('',#17290,#3601);
#2602=LINE('',#17293,#3602);
#2603=LINE('',#17295,#3603);
#2604=LINE('',#17296,#3604);
#2605=LINE('',#17298,#3605);
#2606=LINE('',#17299,#3606);
#2607=LINE('',#17304,#3607);
#2608=LINE('',#17306,#3608);
#2609=LINE('',#17308,#3609);
#2610=LINE('',#17309,#3610);
#2611=LINE('',#17311,#3611);
#2612=LINE('',#17312,#3612);
#2613=LINE('',#17314,#3613);
#2614=LINE('',#17316,#3614);
#2615=LINE('',#17324,#3615);
#2616=LINE('',#17327,#3616);
#2617=LINE('',#17333,#3617);
#2618=LINE('',#17336,#3618);
#2619=LINE('',#17338,#3619);
#2620=LINE('',#17339,#3620);
#2621=LINE('',#17342,#3621);
#2622=LINE('',#17344,#3622);
#2623=LINE('',#17345,#3623);
#2624=LINE('',#17348,#3624);
#2625=LINE('',#17350,#3625);
#2626=LINE('',#17351,#3626);
#2627=LINE('',#17357,#3627);
#2628=LINE('',#17363,#3628);
#2629=LINE('',#17366,#3629);
#2630=LINE('',#17368,#3630);
#2631=LINE('',#17369,#3631);
#2632=LINE('',#17372,#3632);
#2633=LINE('',#17374,#3633);
#2634=LINE('',#17375,#3634);
#2635=LINE('',#17377,#3635);
#2636=LINE('',#17378,#3636);
#2637=LINE('',#17386,#3637);
#2638=LINE('',#17389,#3638);
#2639=LINE('',#17395,#3639);
#2640=LINE('',#17398,#3640);
#2641=LINE('',#17400,#3641);
#2642=LINE('',#17401,#3642);
#2643=LINE('',#17404,#3643);
#2644=LINE('',#17406,#3644);
#2645=LINE('',#17407,#3645);
#2646=LINE('',#17410,#3646);
#2647=LINE('',#17412,#3647);
#2648=LINE('',#17413,#3648);
#2649=LINE('',#17419,#3649);
#2650=LINE('',#17425,#3650);
#2651=LINE('',#17428,#3651);
#2652=LINE('',#17430,#3652);
#2653=LINE('',#17431,#3653);
#2654=LINE('',#17434,#3654);
#2655=LINE('',#17436,#3655);
#2656=LINE('',#17437,#3656);
#2657=LINE('',#17439,#3657);
#2658=LINE('',#17440,#3658);
#2659=LINE('',#17448,#3659);
#2660=LINE('',#17451,#3660);
#2661=LINE('',#17457,#3661);
#2662=LINE('',#17460,#3662);
#2663=LINE('',#17462,#3663);
#2664=LINE('',#17463,#3664);
#2665=LINE('',#17466,#3665);
#2666=LINE('',#17468,#3666);
#2667=LINE('',#17469,#3667);
#2668=LINE('',#17472,#3668);
#2669=LINE('',#17474,#3669);
#2670=LINE('',#17475,#3670);
#2671=LINE('',#17481,#3671);
#2672=LINE('',#17487,#3672);
#2673=LINE('',#17490,#3673);
#2674=LINE('',#17492,#3674);
#2675=LINE('',#17493,#3675);
#2676=LINE('',#17496,#3676);
#2677=LINE('',#17498,#3677);
#2678=LINE('',#17499,#3678);
#2679=LINE('',#17501,#3679);
#2680=LINE('',#17502,#3680);
#2681=LINE('',#17510,#3681);
#2682=LINE('',#17513,#3682);
#2683=LINE('',#17519,#3683);
#2684=LINE('',#17522,#3684);
#2685=LINE('',#17524,#3685);
#2686=LINE('',#17525,#3686);
#2687=LINE('',#17528,#3687);
#2688=LINE('',#17530,#3688);
#2689=LINE('',#17531,#3689);
#2690=LINE('',#17534,#3690);
#2691=LINE('',#17536,#3691);
#2692=LINE('',#17537,#3692);
#2693=LINE('',#17543,#3693);
#2694=LINE('',#17549,#3694);
#2695=LINE('',#17552,#3695);
#2696=LINE('',#17554,#3696);
#2697=LINE('',#17555,#3697);
#2698=LINE('',#17558,#3698);
#2699=LINE('',#17560,#3699);
#2700=LINE('',#17561,#3700);
#2701=LINE('',#17563,#3701);
#2702=LINE('',#17564,#3702);
#2703=LINE('',#17572,#3703);
#2704=LINE('',#17575,#3704);
#2705=LINE('',#17581,#3705);
#2706=LINE('',#17584,#3706);
#2707=LINE('',#17586,#3707);
#2708=LINE('',#17587,#3708);
#2709=LINE('',#17590,#3709);
#2710=LINE('',#17592,#3710);
#2711=LINE('',#17593,#3711);
#2712=LINE('',#17596,#3712);
#2713=LINE('',#17598,#3713);
#2714=LINE('',#17599,#3714);
#2715=LINE('',#17605,#3715);
#2716=LINE('',#17611,#3716);
#2717=LINE('',#17614,#3717);
#2718=LINE('',#17616,#3718);
#2719=LINE('',#17617,#3719);
#2720=LINE('',#17620,#3720);
#2721=LINE('',#17622,#3721);
#2722=LINE('',#17623,#3722);
#2723=LINE('',#17625,#3723);
#2724=LINE('',#17626,#3724);
#2725=LINE('',#17634,#3725);
#2726=LINE('',#17637,#3726);
#2727=LINE('',#17643,#3727);
#2728=LINE('',#17646,#3728);
#2729=LINE('',#17648,#3729);
#2730=LINE('',#17649,#3730);
#2731=LINE('',#17652,#3731);
#2732=LINE('',#17654,#3732);
#2733=LINE('',#17655,#3733);
#2734=LINE('',#17658,#3734);
#2735=LINE('',#17660,#3735);
#2736=LINE('',#17661,#3736);
#2737=LINE('',#17667,#3737);
#2738=LINE('',#17673,#3738);
#2739=LINE('',#17676,#3739);
#2740=LINE('',#17678,#3740);
#2741=LINE('',#17679,#3741);
#2742=LINE('',#17682,#3742);
#2743=LINE('',#17684,#3743);
#2744=LINE('',#17685,#3744);
#2745=LINE('',#17687,#3745);
#2746=LINE('',#17688,#3746);
#2747=LINE('',#17696,#3747);
#2748=LINE('',#17699,#3748);
#2749=LINE('',#17705,#3749);
#2750=LINE('',#17708,#3750);
#2751=LINE('',#17710,#3751);
#2752=LINE('',#17711,#3752);
#2753=LINE('',#17714,#3753);
#2754=LINE('',#17716,#3754);
#2755=LINE('',#17717,#3755);
#2756=LINE('',#17720,#3756);
#2757=LINE('',#17722,#3757);
#2758=LINE('',#17723,#3758);
#2759=LINE('',#17729,#3759);
#2760=LINE('',#17735,#3760);
#2761=LINE('',#17738,#3761);
#2762=LINE('',#17740,#3762);
#2763=LINE('',#17741,#3763);
#2764=LINE('',#17744,#3764);
#2765=LINE('',#17746,#3765);
#2766=LINE('',#17747,#3766);
#2767=LINE('',#17749,#3767);
#2768=LINE('',#17750,#3768);
#2769=LINE('',#17758,#3769);
#2770=LINE('',#17761,#3770);
#2771=LINE('',#17767,#3771);
#2772=LINE('',#17770,#3772);
#2773=LINE('',#17772,#3773);
#2774=LINE('',#17773,#3774);
#2775=LINE('',#17776,#3775);
#2776=LINE('',#17778,#3776);
#2777=LINE('',#17779,#3777);
#2778=LINE('',#17782,#3778);
#2779=LINE('',#17784,#3779);
#2780=LINE('',#17785,#3780);
#2781=LINE('',#17791,#3781);
#2782=LINE('',#17797,#3782);
#2783=LINE('',#17800,#3783);
#2784=LINE('',#17802,#3784);
#2785=LINE('',#17803,#3785);
#2786=LINE('',#17806,#3786);
#2787=LINE('',#17808,#3787);
#2788=LINE('',#17809,#3788);
#2789=LINE('',#17811,#3789);
#2790=LINE('',#17812,#3790);
#2791=LINE('',#17820,#3791);
#2792=LINE('',#17823,#3792);
#2793=LINE('',#17829,#3793);
#2794=LINE('',#17832,#3794);
#2795=LINE('',#17834,#3795);
#2796=LINE('',#17835,#3796);
#2797=LINE('',#17838,#3797);
#2798=LINE('',#17840,#3798);
#2799=LINE('',#17841,#3799);
#2800=LINE('',#17844,#3800);
#2801=LINE('',#17846,#3801);
#2802=LINE('',#17847,#3802);
#2803=LINE('',#17853,#3803);
#2804=LINE('',#17859,#3804);
#2805=LINE('',#17862,#3805);
#2806=LINE('',#17864,#3806);
#2807=LINE('',#17865,#3807);
#2808=LINE('',#17868,#3808);
#2809=LINE('',#17870,#3809);
#2810=LINE('',#17871,#3810);
#2811=LINE('',#17873,#3811);
#2812=LINE('',#17874,#3812);
#2813=LINE('',#17882,#3813);
#2814=LINE('',#17885,#3814);
#2815=LINE('',#17891,#3815);
#2816=LINE('',#17894,#3816);
#2817=LINE('',#17896,#3817);
#2818=LINE('',#17897,#3818);
#2819=LINE('',#17900,#3819);
#2820=LINE('',#17902,#3820);
#2821=LINE('',#17903,#3821);
#2822=LINE('',#17906,#3822);
#2823=LINE('',#17908,#3823);
#2824=LINE('',#17909,#3824);
#2825=LINE('',#17915,#3825);
#2826=LINE('',#17921,#3826);
#2827=LINE('',#17924,#3827);
#2828=LINE('',#17926,#3828);
#2829=LINE('',#17927,#3829);
#2830=LINE('',#17930,#3830);
#2831=LINE('',#17932,#3831);
#2832=LINE('',#17933,#3832);
#2833=LINE('',#17935,#3833);
#2834=LINE('',#17936,#3834);
#2835=LINE('',#17945,#3835);
#2836=LINE('',#17948,#3836);
#2837=LINE('',#17953,#3837);
#2838=LINE('',#17957,#3838);
#2839=LINE('',#17959,#3839);
#2840=LINE('',#17960,#3840);
#2841=LINE('',#17963,#3841);
#2842=LINE('',#17965,#3842);
#2843=LINE('',#17966,#3843);
#2844=LINE('',#17969,#3844);
#2845=LINE('',#17971,#3845);
#2846=LINE('',#17972,#3846);
#2847=LINE('',#17977,#3847);
#2848=LINE('',#17983,#3848);
#2849=LINE('',#17987,#3849);
#2850=LINE('',#17989,#3850);
#2851=LINE('',#17990,#3851);
#2852=LINE('',#17993,#3852);
#2853=LINE('',#17995,#3853);
#2854=LINE('',#17996,#3854);
#2855=LINE('',#17998,#3855);
#2856=LINE('',#17999,#3856);
#2857=LINE('',#18007,#3857);
#2858=LINE('',#18010,#3858);
#2859=LINE('',#18015,#3859);
#2860=LINE('',#18019,#3860);
#2861=LINE('',#18021,#3861);
#2862=LINE('',#18022,#3862);
#2863=LINE('',#18025,#3863);
#2864=LINE('',#18027,#3864);
#2865=LINE('',#18028,#3865);
#2866=LINE('',#18031,#3866);
#2867=LINE('',#18033,#3867);
#2868=LINE('',#18034,#3868);
#2869=LINE('',#18039,#3869);
#2870=LINE('',#18045,#3870);
#2871=LINE('',#18049,#3871);
#2872=LINE('',#18051,#3872);
#2873=LINE('',#18052,#3873);
#2874=LINE('',#18055,#3874);
#2875=LINE('',#18057,#3875);
#2876=LINE('',#18058,#3876);
#2877=LINE('',#18060,#3877);
#2878=LINE('',#18061,#3878);
#2879=LINE('',#18069,#3879);
#2880=LINE('',#18072,#3880);
#2881=LINE('',#18077,#3881);
#2882=LINE('',#18081,#3882);
#2883=LINE('',#18083,#3883);
#2884=LINE('',#18084,#3884);
#2885=LINE('',#18087,#3885);
#2886=LINE('',#18089,#3886);
#2887=LINE('',#18090,#3887);
#2888=LINE('',#18093,#3888);
#2889=LINE('',#18095,#3889);
#2890=LINE('',#18096,#3890);
#2891=LINE('',#18101,#3891);
#2892=LINE('',#18107,#3892);
#2893=LINE('',#18111,#3893);
#2894=LINE('',#18113,#3894);
#2895=LINE('',#18114,#3895);
#2896=LINE('',#18117,#3896);
#2897=LINE('',#18119,#3897);
#2898=LINE('',#18120,#3898);
#2899=LINE('',#18122,#3899);
#2900=LINE('',#18123,#3900);
#2901=LINE('',#18131,#3901);
#2902=LINE('',#18134,#3902);
#2903=LINE('',#18139,#3903);
#2904=LINE('',#18143,#3904);
#2905=LINE('',#18145,#3905);
#2906=LINE('',#18146,#3906);
#2907=LINE('',#18149,#3907);
#2908=LINE('',#18151,#3908);
#2909=LINE('',#18152,#3909);
#2910=LINE('',#18155,#3910);
#2911=LINE('',#18157,#3911);
#2912=LINE('',#18158,#3912);
#2913=LINE('',#18163,#3913);
#2914=LINE('',#18169,#3914);
#2915=LINE('',#18173,#3915);
#2916=LINE('',#18175,#3916);
#2917=LINE('',#18176,#3917);
#2918=LINE('',#18179,#3918);
#2919=LINE('',#18181,#3919);
#2920=LINE('',#18182,#3920);
#2921=LINE('',#18184,#3921);
#2922=LINE('',#18185,#3922);
#2923=LINE('',#18193,#3923);
#2924=LINE('',#18196,#3924);
#2925=LINE('',#18201,#3925);
#2926=LINE('',#18205,#3926);
#2927=LINE('',#18207,#3927);
#2928=LINE('',#18208,#3928);
#2929=LINE('',#18211,#3929);
#2930=LINE('',#18213,#3930);
#2931=LINE('',#18214,#3931);
#2932=LINE('',#18217,#3932);
#2933=LINE('',#18219,#3933);
#2934=LINE('',#18220,#3934);
#2935=LINE('',#18225,#3935);
#2936=LINE('',#18231,#3936);
#2937=LINE('',#18235,#3937);
#2938=LINE('',#18237,#3938);
#2939=LINE('',#18238,#3939);
#2940=LINE('',#18241,#3940);
#2941=LINE('',#18243,#3941);
#2942=LINE('',#18244,#3942);
#2943=LINE('',#18246,#3943);
#2944=LINE('',#18247,#3944);
#2945=LINE('',#18255,#3945);
#2946=LINE('',#18258,#3946);
#2947=LINE('',#18263,#3947);
#2948=LINE('',#18267,#3948);
#2949=LINE('',#18269,#3949);
#2950=LINE('',#18270,#3950);
#2951=LINE('',#18273,#3951);
#2952=LINE('',#18275,#3952);
#2953=LINE('',#18276,#3953);
#2954=LINE('',#18279,#3954);
#2955=LINE('',#18281,#3955);
#2956=LINE('',#18282,#3956);
#2957=LINE('',#18287,#3957);
#2958=LINE('',#18293,#3958);
#2959=LINE('',#18297,#3959);
#2960=LINE('',#18299,#3960);
#2961=LINE('',#18300,#3961);
#2962=LINE('',#18303,#3962);
#2963=LINE('',#18305,#3963);
#2964=LINE('',#18306,#3964);
#2965=LINE('',#18308,#3965);
#2966=LINE('',#18309,#3966);
#2967=LINE('',#18317,#3967);
#2968=LINE('',#18320,#3968);
#2969=LINE('',#18325,#3969);
#2970=LINE('',#18329,#3970);
#2971=LINE('',#18331,#3971);
#2972=LINE('',#18332,#3972);
#2973=LINE('',#18335,#3973);
#2974=LINE('',#18337,#3974);
#2975=LINE('',#18338,#3975);
#2976=LINE('',#18341,#3976);
#2977=LINE('',#18343,#3977);
#2978=LINE('',#18344,#3978);
#2979=LINE('',#18349,#3979);
#2980=LINE('',#18355,#3980);
#2981=LINE('',#18359,#3981);
#2982=LINE('',#18361,#3982);
#2983=LINE('',#18362,#3983);
#2984=LINE('',#18365,#3984);
#2985=LINE('',#18367,#3985);
#2986=LINE('',#18368,#3986);
#2987=LINE('',#18370,#3987);
#2988=LINE('',#18371,#3988);
#2989=LINE('',#18379,#3989);
#2990=LINE('',#18382,#3990);
#2991=LINE('',#18387,#3991);
#2992=LINE('',#18391,#3992);
#2993=LINE('',#18393,#3993);
#2994=LINE('',#18394,#3994);
#2995=LINE('',#18397,#3995);
#2996=LINE('',#18399,#3996);
#2997=LINE('',#18400,#3997);
#2998=LINE('',#18403,#3998);
#2999=LINE('',#18405,#3999);
#3000=LINE('',#18406,#4000);
#3001=LINE('',#18411,#4001);
#3002=LINE('',#18417,#4002);
#3003=LINE('',#18421,#4003);
#3004=LINE('',#18423,#4004);
#3005=LINE('',#18424,#4005);
#3006=LINE('',#18427,#4006);
#3007=LINE('',#18429,#4007);
#3008=LINE('',#18430,#4008);
#3009=LINE('',#18432,#4009);
#3010=LINE('',#18433,#4010);
#3011=LINE('',#18441,#4011);
#3012=LINE('',#18444,#4012);
#3013=LINE('',#18449,#4013);
#3014=LINE('',#18453,#4014);
#3015=LINE('',#18455,#4015);
#3016=LINE('',#18456,#4016);
#3017=LINE('',#18459,#4017);
#3018=LINE('',#18461,#4018);
#3019=LINE('',#18462,#4019);
#3020=LINE('',#18465,#4020);
#3021=LINE('',#18467,#4021);
#3022=LINE('',#18468,#4022);
#3023=LINE('',#18473,#4023);
#3024=LINE('',#18479,#4024);
#3025=LINE('',#18483,#4025);
#3026=LINE('',#18485,#4026);
#3027=LINE('',#18486,#4027);
#3028=LINE('',#18489,#4028);
#3029=LINE('',#18491,#4029);
#3030=LINE('',#18492,#4030);
#3031=LINE('',#18494,#4031);
#3032=LINE('',#18495,#4032);
#3033=LINE('',#18503,#4033);
#3034=LINE('',#18506,#4034);
#3035=LINE('',#18511,#4035);
#3036=LINE('',#18515,#4036);
#3037=LINE('',#18517,#4037);
#3038=LINE('',#18518,#4038);
#3039=LINE('',#18521,#4039);
#3040=LINE('',#18523,#4040);
#3041=LINE('',#18524,#4041);
#3042=LINE('',#18527,#4042);
#3043=LINE('',#18529,#4043);
#3044=LINE('',#18530,#4044);
#3045=LINE('',#18535,#4045);
#3046=LINE('',#18541,#4046);
#3047=LINE('',#18545,#4047);
#3048=LINE('',#18547,#4048);
#3049=LINE('',#18548,#4049);
#3050=LINE('',#18551,#4050);
#3051=LINE('',#18553,#4051);
#3052=LINE('',#18554,#4052);
#3053=LINE('',#18556,#4053);
#3054=LINE('',#18557,#4054);
#3055=LINE('',#18574,#4055);
#3056=LINE('',#18577,#4056);
#3057=LINE('',#18580,#4057);
#3058=LINE('',#18582,#4058);
#3059=LINE('',#18583,#4059);
#3060=LINE('',#18589,#4060);
#3061=LINE('',#18592,#4061);
#3062=LINE('',#18594,#4062);
#3063=LINE('',#18595,#4063);
#3064=LINE('',#18598,#4064);
#3065=LINE('',#18600,#4065);
#3066=LINE('',#18601,#4066);
#3067=LINE('',#18607,#4067);
#3068=LINE('',#18610,#4068);
#3069=LINE('',#18612,#4069);
#3070=LINE('',#18613,#4070);
#3071=LINE('',#18620,#4071);
#3072=LINE('',#18622,#4072);
#3073=LINE('',#18624,#4073);
#3074=LINE('',#18625,#4074);
#3075=LINE('',#18628,#4075);
#3076=LINE('',#18630,#4076);
#3077=LINE('',#18631,#4077);
#3078=LINE('',#18634,#4078);
#3079=LINE('',#18636,#4079);
#3080=LINE('',#18637,#4080);
#3081=LINE('',#18640,#4081);
#3082=LINE('',#18642,#4082);
#3083=LINE('',#18643,#4083);
#3084=LINE('',#18646,#4084);
#3085=LINE('',#18648,#4085);
#3086=LINE('',#18649,#4086);
#3087=LINE('',#18652,#4087);
#3088=LINE('',#18654,#4088);
#3089=LINE('',#18655,#4089);
#3090=LINE('',#18658,#4090);
#3091=LINE('',#18660,#4091);
#3092=LINE('',#18661,#4092);
#3093=LINE('',#18663,#4093);
#3094=LINE('',#18664,#4094);
#3095=LINE('',#18671,#4095);
#3096=LINE('',#18673,#4096);
#3097=LINE('',#18675,#4097);
#3098=LINE('',#18676,#4098);
#3099=LINE('',#18679,#4099);
#3100=LINE('',#18681,#4100);
#3101=LINE('',#18683,#4101);
#3102=LINE('',#18684,#4102);
#3103=LINE('',#18688,#4103);
#3104=LINE('',#18690,#4104);
#3105=LINE('',#18691,#4105);
#3106=LINE('',#18692,#4106);
#3107=LINE('',#18697,#4107);
#3108=LINE('',#18698,#4108);
#3109=LINE('',#18700,#4109);
#3110=LINE('',#18701,#4110);
#3111=LINE('',#18710,#4111);
#3112=LINE('',#18713,#4112);
#3113=LINE('',#18716,#4113);
#3114=LINE('',#18720,#4114);
#3115=LINE('',#18722,#4115);
#3116=LINE('',#18724,#4116);
#3117=LINE('',#18728,#4117);
#3118=LINE('',#18732,#4118);
#3119=LINE('',#18733,#4119);
#3120=LINE('',#18737,#4120);
#3121=LINE('',#18740,#4121);
#3122=LINE('',#18743,#4122);
#3123=LINE('',#18746,#4123);
#3124=LINE('',#18750,#4124);
#3125=LINE('',#18752,#4125);
#3126=LINE('',#18754,#4126);
#3127=LINE('',#18755,#4127);
#3128=LINE('',#18759,#4128);
#3129=LINE('',#18760,#4129);
#3130=LINE('',#18762,#4130);
#3131=LINE('',#18763,#4131);
#3132=LINE('',#18769,#4132);
#3133=LINE('',#18770,#4133);
#3134=LINE('',#18772,#4134);
#3135=LINE('',#18773,#4135);
#3136=LINE('',#18777,#4136);
#3137=LINE('',#18778,#4137);
#3138=LINE('',#18779,#4138);
#3139=LINE('',#18786,#4139);
#3140=LINE('',#18789,#4140);
#3141=LINE('',#18792,#4141);
#3142=LINE('',#18793,#4142);
#3143=LINE('',#18799,#4143);
#3144=LINE('',#18802,#4144);
#3145=LINE('',#18805,#4145);
#3146=LINE('',#18806,#4146);
#3147=VECTOR('',#11298,10.);
#3148=VECTOR('',#11299,10.);
#3149=VECTOR('',#11300,10.);
#3150=VECTOR('',#11301,10.);
#3151=VECTOR('',#11304,10.);
#3152=VECTOR('',#11305,10.);
#3153=VECTOR('',#11306,10.);
#3154=VECTOR('',#11309,10.);
#3155=VECTOR('',#11310,10.);
#3156=VECTOR('',#11311,10.);
#3157=VECTOR('',#11314,10.);
#3158=VECTOR('',#11315,10.);
#3159=VECTOR('',#11326,10.);
#3160=VECTOR('',#11327,10.);
#3161=VECTOR('',#11328,10.);
#3162=VECTOR('',#11329,10.);
#3163=VECTOR('',#11332,10.);
#3164=VECTOR('',#11333,10.);
#3165=VECTOR('',#11334,10.);
#3166=VECTOR('',#11337,10.);
#3167=VECTOR('',#11338,10.);
#3168=VECTOR('',#11339,10.);
#3169=VECTOR('',#11342,10.);
#3170=VECTOR('',#11343,10.);
#3171=VECTOR('',#11350,10.);
#3172=VECTOR('',#11351,10.);
#3173=VECTOR('',#11352,10.);
#3174=VECTOR('',#11353,10.);
#3175=VECTOR('',#11356,10.);
#3176=VECTOR('',#11357,10.);
#3177=VECTOR('',#11358,10.);
#3178=VECTOR('',#11361,10.);
#3179=VECTOR('',#11362,10.);
#3180=VECTOR('',#11363,10.);
#3181=VECTOR('',#11366,10.);
#3182=VECTOR('',#11367,10.);
#3183=VECTOR('',#11368,10.);
#3184=VECTOR('',#11371,10.);
#3185=VECTOR('',#11372,10.);
#3186=VECTOR('',#11373,10.);
#3187=VECTOR('',#11376,10.);
#3188=VECTOR('',#11377,10.);
#3189=VECTOR('',#11384,10.);
#3190=VECTOR('',#11385,10.);
#3191=VECTOR('',#11386,10.);
#3192=VECTOR('',#11387,10.);
#3193=VECTOR('',#11390,10.);
#3194=VECTOR('',#11391,10.);
#3195=VECTOR('',#11392,10.);
#3196=VECTOR('',#11395,10.);
#3197=VECTOR('',#11396,10.);
#3198=VECTOR('',#11397,10.);
#3199=VECTOR('',#11400,10.);
#3200=VECTOR('',#11401,10.);
#3201=VECTOR('',#11402,10.);
#3202=VECTOR('',#11405,10.);
#3203=VECTOR('',#11406,10.);
#3204=VECTOR('',#11407,10.);
#3205=VECTOR('',#11410,10.);
#3206=VECTOR('',#11411,10.);
#3207=VECTOR('',#11418,10.);
#3208=VECTOR('',#11419,10.);
#3209=VECTOR('',#11420,10.);
#3210=VECTOR('',#11421,10.);
#3211=VECTOR('',#11424,10.);
#3212=VECTOR('',#11425,10.);
#3213=VECTOR('',#11426,10.);
#3214=VECTOR('',#11429,10.);
#3215=VECTOR('',#11430,10.);
#3216=VECTOR('',#11431,10.);
#3217=VECTOR('',#11434,10.);
#3218=VECTOR('',#11435,10.);
#3219=VECTOR('',#11436,10.);
#3220=VECTOR('',#11439,10.);
#3221=VECTOR('',#11440,10.);
#3222=VECTOR('',#11441,10.);
#3223=VECTOR('',#11444,10.);
#3224=VECTOR('',#11445,10.);
#3225=VECTOR('',#11452,10.);
#3226=VECTOR('',#11453,10.);
#3227=VECTOR('',#11454,10.);
#3228=VECTOR('',#11455,10.);
#3229=VECTOR('',#11458,10.);
#3230=VECTOR('',#11459,10.);
#3231=VECTOR('',#11460,10.);
#3232=VECTOR('',#11463,10.);
#3233=VECTOR('',#11464,10.);
#3234=VECTOR('',#11465,10.);
#3235=VECTOR('',#11468,10.);
#3236=VECTOR('',#11469,10.);
#3237=VECTOR('',#11476,10.);
#3238=VECTOR('',#11477,10.);
#3239=VECTOR('',#11478,10.);
#3240=VECTOR('',#11479,10.);
#3241=VECTOR('',#11482,10.);
#3242=VECTOR('',#11483,10.);
#3243=VECTOR('',#11484,10.);
#3244=VECTOR('',#11487,10.);
#3245=VECTOR('',#11488,10.);
#3246=VECTOR('',#11489,10.);
#3247=VECTOR('',#11492,10.);
#3248=VECTOR('',#11493,10.);
#3249=VECTOR('',#11500,10.);
#3250=VECTOR('',#11501,10.);
#3251=VECTOR('',#11502,10.);
#3252=VECTOR('',#11503,10.);
#3253=VECTOR('',#11506,10.);
#3254=VECTOR('',#11507,10.);
#3255=VECTOR('',#11508,10.);
#3256=VECTOR('',#11511,10.);
#3257=VECTOR('',#11512,10.);
#3258=VECTOR('',#11513,10.);
#3259=VECTOR('',#11516,10.);
#3260=VECTOR('',#11517,10.);
#3261=VECTOR('',#11540,0.6);
#3262=VECTOR('',#11547,0.5);
#3263=VECTOR('',#11554,0.5);
#3264=VECTOR('',#11561,0.5);
#3265=VECTOR('',#11568,10.);
#3266=VECTOR('',#11571,10.);
#3267=VECTOR('',#11574,10.);
#3268=VECTOR('',#11577,10.);
#3269=VECTOR('',#11580,10.);
#3270=VECTOR('',#11583,10.);
#3271=VECTOR('',#11594,10.);
#3272=VECTOR('',#11595,10.);
#3273=VECTOR('',#11600,10.);
#3274=VECTOR('',#11605,10.);
#3275=VECTOR('',#11606,10.);
#3276=VECTOR('',#11609,10.);
#3277=VECTOR('',#11610,10.);
#3278=VECTOR('',#11615,10.);
#3279=VECTOR('',#11620,1.25);
#3280=VECTOR('',#11625,1.25);
#3281=VECTOR('',#11630,1.25);
#3282=VECTOR('',#11635,1.25);
#3283=VECTOR('',#11638,10.);
#3284=VECTOR('',#11641,10.);
#3285=VECTOR('',#11648,10.);
#3286=VECTOR('',#11649,10.);
#3287=VECTOR('',#11650,10.);
#3288=VECTOR('',#11651,10.);
#3289=VECTOR('',#11654,10.);
#3290=VECTOR('',#11655,10.);
#3291=VECTOR('',#11656,10.);
#3292=VECTOR('',#11659,10.);
#3293=VECTOR('',#11660,10.);
#3294=VECTOR('',#11661,10.);
#3295=VECTOR('',#11664,10.);
#3296=VECTOR('',#11665,10.);
#3297=VECTOR('',#11666,10.);
#3298=VECTOR('',#11669,10.);
#3299=VECTOR('',#11670,10.);
#3300=VECTOR('',#11671,10.);
#3301=VECTOR('',#11674,10.);
#3302=VECTOR('',#11675,10.);
#3303=VECTOR('',#11676,10.);
#3304=VECTOR('',#11679,10.);
#3305=VECTOR('',#11680,10.);
#3306=VECTOR('',#11681,10.);
#3307=VECTOR('',#11684,10.);
#3308=VECTOR('',#11685,10.);
#3309=VECTOR('',#11686,10.);
#3310=VECTOR('',#11689,10.);
#3311=VECTOR('',#11690,10.);
#3312=VECTOR('',#11691,10.);
#3313=VECTOR('',#11694,10.);
#3314=VECTOR('',#11695,10.);
#3315=VECTOR('',#11696,10.);
#3316=VECTOR('',#11699,10.);
#3317=VECTOR('',#11700,10.);
#3318=VECTOR('',#11701,10.);
#3319=VECTOR('',#11704,10.);
#3320=VECTOR('',#11705,10.);
#3321=VECTOR('',#11712,10.);
#3322=VECTOR('',#11713,10.);
#3323=VECTOR('',#11714,10.);
#3324=VECTOR('',#11715,10.);
#3325=VECTOR('',#11718,10.);
#3326=VECTOR('',#11719,10.);
#3327=VECTOR('',#11720,10.);
#3328=VECTOR('',#11721,10.);
#3329=VECTOR('',#11722,10.);
#3330=VECTOR('',#11723,10.);
#3331=VECTOR('',#11724,10.);
#3332=VECTOR('',#11725,10.);
#3333=VECTOR('',#11728,10.);
#3334=VECTOR('',#11729,10.);
#3335=VECTOR('',#11732,10.);
#3336=VECTOR('',#11733,10.);
#3337=VECTOR('',#11734,10.);
#3338=VECTOR('',#11735,10.);
#3339=VECTOR('',#11736,10.);
#3340=VECTOR('',#11737,10.);
#3341=VECTOR('',#11738,10.);
#3342=VECTOR('',#11739,10.);
#3343=VECTOR('',#11740,10.);
#3344=VECTOR('',#11741,10.);
#3345=VECTOR('',#11742,10.);
#3346=VECTOR('',#11743,10.);
#3347=VECTOR('',#11746,10.);
#3348=VECTOR('',#11747,10.);
#3349=VECTOR('',#11748,10.);
#3350=VECTOR('',#11751,10.);
#3351=VECTOR('',#11752,10.);
#3352=VECTOR('',#11759,10.);
#3353=VECTOR('',#11760,10.);
#3354=VECTOR('',#11761,10.);
#3355=VECTOR('',#11762,10.);
#3356=VECTOR('',#11765,10.);
#3357=VECTOR('',#11766,10.);
#3358=VECTOR('',#11767,10.);
#3359=VECTOR('',#11770,10.);
#3360=VECTOR('',#11771,10.);
#3361=VECTOR('',#11772,10.);
#3362=VECTOR('',#11775,10.);
#3363=VECTOR('',#11776,10.);
#3364=VECTOR('',#11783,10.);
#3365=VECTOR('',#11784,10.);
#3366=VECTOR('',#11785,10.);
#3367=VECTOR('',#11786,10.);
#3368=VECTOR('',#11787,10.);
#3369=VECTOR('',#11788,10.);
#3370=VECTOR('',#11789,10.);
#3371=VECTOR('',#11790,10.);
#3372=VECTOR('',#11791,10.);
#3373=VECTOR('',#11792,10.);
#3374=VECTOR('',#11793,10.);
#3375=VECTOR('',#11794,10.);
#3376=VECTOR('',#11795,10.);
#3377=VECTOR('',#11796,10.);
#3378=VECTOR('',#11799,10.);
#3379=VECTOR('',#11800,10.);
#3380=VECTOR('',#11801,10.);
#3381=VECTOR('',#11802,10.);
#3382=VECTOR('',#11803,10.);
#3383=VECTOR('',#11804,10.);
#3384=VECTOR('',#11805,10.);
#3385=VECTOR('',#11806,10.);
#3386=VECTOR('',#11807,10.);
#3387=VECTOR('',#11808,10.);
#3388=VECTOR('',#11809,10.);
#3389=VECTOR('',#11816,10.);
#3390=VECTOR('',#11817,10.);
#3391=VECTOR('',#11818,10.);
#3392=VECTOR('',#11819,10.);
#3393=VECTOR('',#11822,10.);
#3394=VECTOR('',#11823,10.);
#3395=VECTOR('',#11824,10.);
#3396=VECTOR('',#11827,10.);
#3397=VECTOR('',#11828,10.);
#3398=VECTOR('',#11829,10.);
#3399=VECTOR('',#11830,10.);
#3400=VECTOR('',#11831,10.);
#3401=VECTOR('',#11832,10.);
#3402=VECTOR('',#11833,10.);
#3403=VECTOR('',#11834,10.);
#3404=VECTOR('',#11835,10.);
#3405=VECTOR('',#11836,10.);
#3406=VECTOR('',#11837,10.);
#3407=VECTOR('',#11838,10.);
#3408=VECTOR('',#11839,10.);
#3409=VECTOR('',#11840,10.);
#3410=VECTOR('',#11843,10.);
#3411=VECTOR('',#11844,10.);
#3412=VECTOR('',#11845,10.);
#3413=VECTOR('',#11846,10.);
#3414=VECTOR('',#11847,10.);
#3415=VECTOR('',#11848,10.);
#3416=VECTOR('',#11849,10.);
#3417=VECTOR('',#11850,10.);
#3418=VECTOR('',#11851,10.);
#3419=VECTOR('',#11852,10.);
#3420=VECTOR('',#11853,10.);
#3421=VECTOR('',#11856,10.);
#3422=VECTOR('',#11857,10.);
#3423=VECTOR('',#11858,10.);
#3424=VECTOR('',#11861,10.);
#3425=VECTOR('',#11862,10.);
#3426=VECTOR('',#11869,10.);
#3427=VECTOR('',#11870,10.);
#3428=VECTOR('',#11871,10.);
#3429=VECTOR('',#11872,10.);
#3430=VECTOR('',#11875,10.);
#3431=VECTOR('',#11876,10.);
#3432=VECTOR('',#11877,10.);
#3433=VECTOR('',#11880,10.);
#3434=VECTOR('',#11881,10.);
#3435=VECTOR('',#11882,10.);
#3436=VECTOR('',#11885,10.);
#3437=VECTOR('',#11886,10.);
#3438=VECTOR('',#11887,10.);
#3439=VECTOR('',#11890,10.);
#3440=VECTOR('',#11891,10.);
#3441=VECTOR('',#11892,10.);
#3442=VECTOR('',#11895,10.);
#3443=VECTOR('',#11896,10.);
#3444=VECTOR('',#11897,10.);
#3445=VECTOR('',#11900,10.);
#3446=VECTOR('',#11901,10.);
#3447=VECTOR('',#11902,10.);
#3448=VECTOR('',#11905,10.);
#3449=VECTOR('',#11906,10.);
#3450=VECTOR('',#11907,10.);
#3451=VECTOR('',#11910,10.);
#3452=VECTOR('',#11911,10.);
#3453=VECTOR('',#11912,10.);
#3454=VECTOR('',#11915,10.);
#3455=VECTOR('',#11916,10.);
#3456=VECTOR('',#11923,10.);
#3457=VECTOR('',#11924,10.);
#3458=VECTOR('',#11925,10.);
#3459=VECTOR('',#11926,10.);
#3460=VECTOR('',#11929,10.);
#3461=VECTOR('',#11930,10.);
#3462=VECTOR('',#11931,10.);
#3463=VECTOR('',#11932,10.);
#3464=VECTOR('',#11933,10.);
#3465=VECTOR('',#11934,10.);
#3466=VECTOR('',#11935,10.);
#3467=VECTOR('',#11936,10.);
#3468=VECTOR('',#11939,10.);
#3469=VECTOR('',#11940,10.);
#3470=VECTOR('',#11943,10.);
#3471=VECTOR('',#11944,10.);
#3472=VECTOR('',#11945,10.);
#3473=VECTOR('',#11946,10.);
#3474=VECTOR('',#11947,10.);
#3475=VECTOR('',#11948,10.);
#3476=VECTOR('',#11949,10.);
#3477=VECTOR('',#11950,10.);
#3478=VECTOR('',#11951,10.);
#3479=VECTOR('',#11952,10.);
#3480=VECTOR('',#11953,10.);
#3481=VECTOR('',#11954,10.);
#3482=VECTOR('',#11957,10.);
#3483=VECTOR('',#11958,10.);
#3484=VECTOR('',#11959,10.);
#3485=VECTOR('',#11962,10.);
#3486=VECTOR('',#11963,10.);
#3487=VECTOR('',#11970,10.);
#3488=VECTOR('',#11971,10.);
#3489=VECTOR('',#11972,10.);
#3490=VECTOR('',#11973,10.);
#3491=VECTOR('',#11974,10.);
#3492=VECTOR('',#11975,10.);
#3493=VECTOR('',#11976,10.);
#3494=VECTOR('',#11977,10.);
#3495=VECTOR('',#11978,10.);
#3496=VECTOR('',#11979,10.);
#3497=VECTOR('',#11980,10.);
#3498=VECTOR('',#11981,10.);
#3499=VECTOR('',#11982,10.);
#3500=VECTOR('',#11983,10.);
#3501=VECTOR('',#11986,10.);
#3502=VECTOR('',#11987,10.);
#3503=VECTOR('',#11988,10.);
#3504=VECTOR('',#11989,10.);
#3505=VECTOR('',#11990,10.);
#3506=VECTOR('',#11991,10.);
#3507=VECTOR('',#11992,10.);
#3508=VECTOR('',#11993,10.);
#3509=VECTOR('',#11994,10.);
#3510=VECTOR('',#11995,10.);
#3511=VECTOR('',#11996,10.);
#3512=VECTOR('',#12003,10.);
#3513=VECTOR('',#12004,10.);
#3514=VECTOR('',#12005,10.);
#3515=VECTOR('',#12006,10.);
#3516=VECTOR('',#12009,10.);
#3517=VECTOR('',#12010,10.);
#3518=VECTOR('',#12011,10.);
#3519=VECTOR('',#12014,10.);
#3520=VECTOR('',#12015,10.);
#3521=VECTOR('',#12016,10.);
#3522=VECTOR('',#12019,10.);
#3523=VECTOR('',#12020,10.);
#3524=VECTOR('',#12021,10.);
#3525=VECTOR('',#12024,10.);
#3526=VECTOR('',#12025,10.);
#3527=VECTOR('',#12026,10.);
#3528=VECTOR('',#12029,10.);
#3529=VECTOR('',#12030,10.);
#3530=VECTOR('',#12031,10.);
#3531=VECTOR('',#12034,10.);
#3532=VECTOR('',#12035,10.);
#3533=VECTOR('',#12040,10.);
#3534=VECTOR('',#12041,10.);
#3535=VECTOR('',#12042,10.);
#3536=VECTOR('',#12043,10.);
#3537=VECTOR('',#12044,10.);
#3538=VECTOR('',#12045,10.);
#3539=VECTOR('',#12046,10.);
#3540=VECTOR('',#12047,10.);
#3541=VECTOR('',#12048,10.);
#3542=VECTOR('',#12049,10.);
#3543=VECTOR('',#12050,10.);
#3544=VECTOR('',#12051,10.);
#3545=VECTOR('',#12052,10.);
#3546=VECTOR('',#12053,10.);
#3547=VECTOR('',#12054,10.);
#3548=VECTOR('',#12055,10.);
#3549=VECTOR('',#12056,10.);
#3550=VECTOR('',#12057,10.);
#3551=VECTOR('',#12064,10.);
#3552=VECTOR('',#12065,10.);
#3553=VECTOR('',#12066,10.);
#3554=VECTOR('',#12067,10.);
#3555=VECTOR('',#12070,10.);
#3556=VECTOR('',#12071,10.);
#3557=VECTOR('',#12072,10.);
#3558=VECTOR('',#12075,10.);
#3559=VECTOR('',#12076,10.);
#3560=VECTOR('',#12077,10.);
#3561=VECTOR('',#12080,10.);
#3562=VECTOR('',#12081,10.);
#3563=VECTOR('',#12082,10.);
#3564=VECTOR('',#12085,10.);
#3565=VECTOR('',#12086,10.);
#3566=VECTOR('',#12087,10.);
#3567=VECTOR('',#12090,10.);
#3568=VECTOR('',#12091,10.);
#3569=VECTOR('',#12098,10.);
#3570=VECTOR('',#12099,10.);
#3571=VECTOR('',#12100,10.);
#3572=VECTOR('',#12101,10.);
#3573=VECTOR('',#12102,10.);
#3574=VECTOR('',#12103,10.);
#3575=VECTOR('',#12104,10.);
#3576=VECTOR('',#12105,10.);
#3577=VECTOR('',#12106,10.);
#3578=VECTOR('',#12107,10.);
#3579=VECTOR('',#12108,10.);
#3580=VECTOR('',#12109,10.);
#3581=VECTOR('',#12110,10.);
#3582=VECTOR('',#12111,10.);
#3583=VECTOR('',#12114,10.);
#3584=VECTOR('',#12115,10.);
#3585=VECTOR('',#12116,10.);
#3586=VECTOR('',#12117,10.);
#3587=VECTOR('',#12118,10.);
#3588=VECTOR('',#12119,10.);
#3589=VECTOR('',#12120,10.);
#3590=VECTOR('',#12121,10.);
#3591=VECTOR('',#12122,10.);
#3592=VECTOR('',#12123,10.);
#3593=VECTOR('',#12124,10.);
#3594=VECTOR('',#12137,0.608276239433788);
#3595=VECTOR('',#12144,10.);
#3596=VECTOR('',#12145,10.);
#3597=VECTOR('',#12146,10.);
#3598=VECTOR('',#12147,10.);
#3599=VECTOR('',#12150,10.);
#3600=VECTOR('',#12151,10.);
#3601=VECTOR('',#12152,10.);
#3602=VECTOR('',#12155,10.);
#3603=VECTOR('',#12156,10.);
#3604=VECTOR('',#12157,10.);
#3605=VECTOR('',#12160,10.);
#3606=VECTOR('',#12161,10.);
#3607=VECTOR('',#12166,10.);
#3608=VECTOR('',#12167,10.);
#3609=VECTOR('',#12168,10.);
#3610=VECTOR('',#12169,10.);
#3611=VECTOR('',#12172,10.);
#3612=VECTOR('',#12173,10.);
#3613=VECTOR('',#12176,10.);
#3614=VECTOR('',#12179,10.);
#3615=VECTOR('',#12188,10.);
#3616=VECTOR('',#12191,10.);
#3617=VECTOR('',#12198,10.);
#3618=VECTOR('',#12201,10.);
#3619=VECTOR('',#12202,10.);
#3620=VECTOR('',#12203,10.);
#3621=VECTOR('',#12206,10.);
#3622=VECTOR('',#12207,10.);
#3623=VECTOR('',#12208,10.);
#3624=VECTOR('',#12211,10.);
#3625=VECTOR('',#12212,10.);
#3626=VECTOR('',#12213,10.);
#3627=VECTOR('',#12220,10.);
#3628=VECTOR('',#12227,10.);
#3629=VECTOR('',#12230,10.);
#3630=VECTOR('',#12231,10.);
#3631=VECTOR('',#12232,10.);
#3632=VECTOR('',#12235,10.);
#3633=VECTOR('',#12236,10.);
#3634=VECTOR('',#12237,10.);
#3635=VECTOR('',#12240,10.);
#3636=VECTOR('',#12241,10.);
#3637=VECTOR('',#12250,10.);
#3638=VECTOR('',#12253,10.);
#3639=VECTOR('',#12260,10.);
#3640=VECTOR('',#12263,10.);
#3641=VECTOR('',#12264,10.);
#3642=VECTOR('',#12265,10.);
#3643=VECTOR('',#12268,10.);
#3644=VECTOR('',#12269,10.);
#3645=VECTOR('',#12270,10.);
#3646=VECTOR('',#12273,10.);
#3647=VECTOR('',#12274,10.);
#3648=VECTOR('',#12275,10.);
#3649=VECTOR('',#12282,10.);
#3650=VECTOR('',#12289,10.);
#3651=VECTOR('',#12292,10.);
#3652=VECTOR('',#12293,10.);
#3653=VECTOR('',#12294,10.);
#3654=VECTOR('',#12297,10.);
#3655=VECTOR('',#12298,10.);
#3656=VECTOR('',#12299,10.);
#3657=VECTOR('',#12302,10.);
#3658=VECTOR('',#12303,10.);
#3659=VECTOR('',#12312,10.);
#3660=VECTOR('',#12315,10.);
#3661=VECTOR('',#12322,10.);
#3662=VECTOR('',#12325,10.);
#3663=VECTOR('',#12326,10.);
#3664=VECTOR('',#12327,10.);
#3665=VECTOR('',#12330,10.);
#3666=VECTOR('',#12331,10.);
#3667=VECTOR('',#12332,10.);
#3668=VECTOR('',#12335,10.);
#3669=VECTOR('',#12336,10.);
#3670=VECTOR('',#12337,10.);
#3671=VECTOR('',#12344,10.);
#3672=VECTOR('',#12351,10.);
#3673=VECTOR('',#12354,10.);
#3674=VECTOR('',#12355,10.);
#3675=VECTOR('',#12356,10.);
#3676=VECTOR('',#12359,10.);
#3677=VECTOR('',#12360,10.);
#3678=VECTOR('',#12361,10.);
#3679=VECTOR('',#12364,10.);
#3680=VECTOR('',#12365,10.);
#3681=VECTOR('',#12374,10.);
#3682=VECTOR('',#12377,10.);
#3683=VECTOR('',#12384,10.);
#3684=VECTOR('',#12387,10.);
#3685=VECTOR('',#12388,10.);
#3686=VECTOR('',#12389,10.);
#3687=VECTOR('',#12392,10.);
#3688=VECTOR('',#12393,10.);
#3689=VECTOR('',#12394,10.);
#3690=VECTOR('',#12397,10.);
#3691=VECTOR('',#12398,10.);
#3692=VECTOR('',#12399,10.);
#3693=VECTOR('',#12406,10.);
#3694=VECTOR('',#12413,10.);
#3695=VECTOR('',#12416,10.);
#3696=VECTOR('',#12417,10.);
#3697=VECTOR('',#12418,10.);
#3698=VECTOR('',#12421,10.);
#3699=VECTOR('',#12422,10.);
#3700=VECTOR('',#12423,10.);
#3701=VECTOR('',#12426,10.);
#3702=VECTOR('',#12427,10.);
#3703=VECTOR('',#12436,10.);
#3704=VECTOR('',#12439,10.);
#3705=VECTOR('',#12446,10.);
#3706=VECTOR('',#12449,10.);
#3707=VECTOR('',#12450,10.);
#3708=VECTOR('',#12451,10.);
#3709=VECTOR('',#12454,10.);
#3710=VECTOR('',#12455,10.);
#3711=VECTOR('',#12456,10.);
#3712=VECTOR('',#12459,10.);
#3713=VECTOR('',#12460,10.);
#3714=VECTOR('',#12461,10.);
#3715=VECTOR('',#12468,10.);
#3716=VECTOR('',#12475,10.);
#3717=VECTOR('',#12478,10.);
#3718=VECTOR('',#12479,10.);
#3719=VECTOR('',#12480,10.);
#3720=VECTOR('',#12483,10.);
#3721=VECTOR('',#12484,10.);
#3722=VECTOR('',#12485,10.);
#3723=VECTOR('',#12488,10.);
#3724=VECTOR('',#12489,10.);
#3725=VECTOR('',#12498,10.);
#3726=VECTOR('',#12501,10.);
#3727=VECTOR('',#12508,10.);
#3728=VECTOR('',#12511,10.);
#3729=VECTOR('',#12512,10.);
#3730=VECTOR('',#12513,10.);
#3731=VECTOR('',#12516,10.);
#3732=VECTOR('',#12517,10.);
#3733=VECTOR('',#12518,10.);
#3734=VECTOR('',#12521,10.);
#3735=VECTOR('',#12522,10.);
#3736=VECTOR('',#12523,10.);
#3737=VECTOR('',#12530,10.);
#3738=VECTOR('',#12537,10.);
#3739=VECTOR('',#12540,10.);
#3740=VECTOR('',#12541,10.);
#3741=VECTOR('',#12542,10.);
#3742=VECTOR('',#12545,10.);
#3743=VECTOR('',#12546,10.);
#3744=VECTOR('',#12547,10.);
#3745=VECTOR('',#12550,10.);
#3746=VECTOR('',#12551,10.);
#3747=VECTOR('',#12560,10.);
#3748=VECTOR('',#12563,10.);
#3749=VECTOR('',#12570,10.);
#3750=VECTOR('',#12573,10.);
#3751=VECTOR('',#12574,10.);
#3752=VECTOR('',#12575,10.);
#3753=VECTOR('',#12578,10.);
#3754=VECTOR('',#12579,10.);
#3755=VECTOR('',#12580,10.);
#3756=VECTOR('',#12583,10.);
#3757=VECTOR('',#12584,10.);
#3758=VECTOR('',#12585,10.);
#3759=VECTOR('',#12592,10.);
#3760=VECTOR('',#12599,10.);
#3761=VECTOR('',#12602,10.);
#3762=VECTOR('',#12603,10.);
#3763=VECTOR('',#12604,10.);
#3764=VECTOR('',#12607,10.);
#3765=VECTOR('',#12608,10.);
#3766=VECTOR('',#12609,10.);
#3767=VECTOR('',#12612,10.);
#3768=VECTOR('',#12613,10.);
#3769=VECTOR('',#12622,10.);
#3770=VECTOR('',#12625,10.);
#3771=VECTOR('',#12632,10.);
#3772=VECTOR('',#12635,10.);
#3773=VECTOR('',#12636,10.);
#3774=VECTOR('',#12637,10.);
#3775=VECTOR('',#12640,10.);
#3776=VECTOR('',#12641,10.);
#3777=VECTOR('',#12642,10.);
#3778=VECTOR('',#12645,10.);
#3779=VECTOR('',#12646,10.);
#3780=VECTOR('',#12647,10.);
#3781=VECTOR('',#12654,10.);
#3782=VECTOR('',#12661,10.);
#3783=VECTOR('',#12664,10.);
#3784=VECTOR('',#12665,10.);
#3785=VECTOR('',#12666,10.);
#3786=VECTOR('',#12669,10.);
#3787=VECTOR('',#12670,10.);
#3788=VECTOR('',#12671,10.);
#3789=VECTOR('',#12674,10.);
#3790=VECTOR('',#12675,10.);
#3791=VECTOR('',#12684,10.);
#3792=VECTOR('',#12687,10.);
#3793=VECTOR('',#12694,10.);
#3794=VECTOR('',#12697,10.);
#3795=VECTOR('',#12698,10.);
#3796=VECTOR('',#12699,10.);
#3797=VECTOR('',#12702,10.);
#3798=VECTOR('',#12703,10.);
#3799=VECTOR('',#12704,10.);
#3800=VECTOR('',#12707,10.);
#3801=VECTOR('',#12708,10.);
#3802=VECTOR('',#12709,10.);
#3803=VECTOR('',#12716,10.);
#3804=VECTOR('',#12723,10.);
#3805=VECTOR('',#12726,10.);
#3806=VECTOR('',#12727,10.);
#3807=VECTOR('',#12728,10.);
#3808=VECTOR('',#12731,10.);
#3809=VECTOR('',#12732,10.);
#3810=VECTOR('',#12733,10.);
#3811=VECTOR('',#12736,10.);
#3812=VECTOR('',#12737,10.);
#3813=VECTOR('',#12746,10.);
#3814=VECTOR('',#12749,10.);
#3815=VECTOR('',#12756,10.);
#3816=VECTOR('',#12759,10.);
#3817=VECTOR('',#12760,10.);
#3818=VECTOR('',#12761,10.);
#3819=VECTOR('',#12764,10.);
#3820=VECTOR('',#12765,10.);
#3821=VECTOR('',#12766,10.);
#3822=VECTOR('',#12769,10.);
#3823=VECTOR('',#12770,10.);
#3824=VECTOR('',#12771,10.);
#3825=VECTOR('',#12778,10.);
#3826=VECTOR('',#12785,10.);
#3827=VECTOR('',#12788,10.);
#3828=VECTOR('',#12789,10.);
#3829=VECTOR('',#12790,10.);
#3830=VECTOR('',#12793,10.);
#3831=VECTOR('',#12794,10.);
#3832=VECTOR('',#12795,10.);
#3833=VECTOR('',#12798,10.);
#3834=VECTOR('',#12799,10.);
#3835=VECTOR('',#12810,10.);
#3836=VECTOR('',#12813,10.);
#3837=VECTOR('',#12818,10.);
#3838=VECTOR('',#12823,10.);
#3839=VECTOR('',#12824,10.);
#3840=VECTOR('',#12825,10.);
#3841=VECTOR('',#12828,10.);
#3842=VECTOR('',#12829,10.);
#3843=VECTOR('',#12830,10.);
#3844=VECTOR('',#12833,10.);
#3845=VECTOR('',#12834,10.);
#3846=VECTOR('',#12835,10.);
#3847=VECTOR('',#12840,10.);
#3848=VECTOR('',#12847,10.);
#3849=VECTOR('',#12852,10.);
#3850=VECTOR('',#12853,10.);
#3851=VECTOR('',#12854,10.);
#3852=VECTOR('',#12857,10.);
#3853=VECTOR('',#12858,10.);
#3854=VECTOR('',#12859,10.);
#3855=VECTOR('',#12862,10.);
#3856=VECTOR('',#12863,10.);
#3857=VECTOR('',#12872,10.);
#3858=VECTOR('',#12875,10.);
#3859=VECTOR('',#12880,10.);
#3860=VECTOR('',#12885,10.);
#3861=VECTOR('',#12886,10.);
#3862=VECTOR('',#12887,10.);
#3863=VECTOR('',#12890,10.);
#3864=VECTOR('',#12891,10.);
#3865=VECTOR('',#12892,10.);
#3866=VECTOR('',#12895,10.);
#3867=VECTOR('',#12896,10.);
#3868=VECTOR('',#12897,10.);
#3869=VECTOR('',#12902,10.);
#3870=VECTOR('',#12909,10.);
#3871=VECTOR('',#12914,10.);
#3872=VECTOR('',#12915,10.);
#3873=VECTOR('',#12916,10.);
#3874=VECTOR('',#12919,10.);
#3875=VECTOR('',#12920,10.);
#3876=VECTOR('',#12921,10.);
#3877=VECTOR('',#12924,10.);
#3878=VECTOR('',#12925,10.);
#3879=VECTOR('',#12934,10.);
#3880=VECTOR('',#12937,10.);
#3881=VECTOR('',#12942,10.);
#3882=VECTOR('',#12947,10.);
#3883=VECTOR('',#12948,10.);
#3884=VECTOR('',#12949,10.);
#3885=VECTOR('',#12952,10.);
#3886=VECTOR('',#12953,10.);
#3887=VECTOR('',#12954,10.);
#3888=VECTOR('',#12957,10.);
#3889=VECTOR('',#12958,10.);
#3890=VECTOR('',#12959,10.);
#3891=VECTOR('',#12964,10.);
#3892=VECTOR('',#12971,10.);
#3893=VECTOR('',#12976,10.);
#3894=VECTOR('',#12977,10.);
#3895=VECTOR('',#12978,10.);
#3896=VECTOR('',#12981,10.);
#3897=VECTOR('',#12982,10.);
#3898=VECTOR('',#12983,10.);
#3899=VECTOR('',#12986,10.);
#3900=VECTOR('',#12987,10.);
#3901=VECTOR('',#12996,10.);
#3902=VECTOR('',#12999,10.);
#3903=VECTOR('',#13004,10.);
#3904=VECTOR('',#13009,10.);
#3905=VECTOR('',#13010,10.);
#3906=VECTOR('',#13011,10.);
#3907=VECTOR('',#13014,10.);
#3908=VECTOR('',#13015,10.);
#3909=VECTOR('',#13016,10.);
#3910=VECTOR('',#13019,10.);
#3911=VECTOR('',#13020,10.);
#3912=VECTOR('',#13021,10.);
#3913=VECTOR('',#13026,10.);
#3914=VECTOR('',#13033,10.);
#3915=VECTOR('',#13038,10.);
#3916=VECTOR('',#13039,10.);
#3917=VECTOR('',#13040,10.);
#3918=VECTOR('',#13043,10.);
#3919=VECTOR('',#13044,10.);
#3920=VECTOR('',#13045,10.);
#3921=VECTOR('',#13048,10.);
#3922=VECTOR('',#13049,10.);
#3923=VECTOR('',#13058,10.);
#3924=VECTOR('',#13061,10.);
#3925=VECTOR('',#13066,10.);
#3926=VECTOR('',#13071,10.);
#3927=VECTOR('',#13072,10.);
#3928=VECTOR('',#13073,10.);
#3929=VECTOR('',#13076,10.);
#3930=VECTOR('',#13077,10.);
#3931=VECTOR('',#13078,10.);
#3932=VECTOR('',#13081,10.);
#3933=VECTOR('',#13082,10.);
#3934=VECTOR('',#13083,10.);
#3935=VECTOR('',#13088,10.);
#3936=VECTOR('',#13095,10.);
#3937=VECTOR('',#13100,10.);
#3938=VECTOR('',#13101,10.);
#3939=VECTOR('',#13102,10.);
#3940=VECTOR('',#13105,10.);
#3941=VECTOR('',#13106,10.);
#3942=VECTOR('',#13107,10.);
#3943=VECTOR('',#13110,10.);
#3944=VECTOR('',#13111,10.);
#3945=VECTOR('',#13120,10.);
#3946=VECTOR('',#13123,10.);
#3947=VECTOR('',#13128,10.);
#3948=VECTOR('',#13133,10.);
#3949=VECTOR('',#13134,10.);
#3950=VECTOR('',#13135,10.);
#3951=VECTOR('',#13138,10.);
#3952=VECTOR('',#13139,10.);
#3953=VECTOR('',#13140,10.);
#3954=VECTOR('',#13143,10.);
#3955=VECTOR('',#13144,10.);
#3956=VECTOR('',#13145,10.);
#3957=VECTOR('',#13150,10.);
#3958=VECTOR('',#13157,10.);
#3959=VECTOR('',#13162,10.);
#3960=VECTOR('',#13163,10.);
#3961=VECTOR('',#13164,10.);
#3962=VECTOR('',#13167,10.);
#3963=VECTOR('',#13168,10.);
#3964=VECTOR('',#13169,10.);
#3965=VECTOR('',#13172,10.);
#3966=VECTOR('',#13173,10.);
#3967=VECTOR('',#13182,10.);
#3968=VECTOR('',#13185,10.);
#3969=VECTOR('',#13190,10.);
#3970=VECTOR('',#13195,10.);
#3971=VECTOR('',#13196,10.);
#3972=VECTOR('',#13197,10.);
#3973=VECTOR('',#13200,10.);
#3974=VECTOR('',#13201,10.);
#3975=VECTOR('',#13202,10.);
#3976=VECTOR('',#13205,10.);
#3977=VECTOR('',#13206,10.);
#3978=VECTOR('',#13207,10.);
#3979=VECTOR('',#13212,10.);
#3980=VECTOR('',#13219,10.);
#3981=VECTOR('',#13224,10.);
#3982=VECTOR('',#13225,10.);
#3983=VECTOR('',#13226,10.);
#3984=VECTOR('',#13229,10.);
#3985=VECTOR('',#13230,10.);
#3986=VECTOR('',#13231,10.);
#3987=VECTOR('',#13234,10.);
#3988=VECTOR('',#13235,10.);
#3989=VECTOR('',#13244,10.);
#3990=VECTOR('',#13247,10.);
#3991=VECTOR('',#13252,10.);
#3992=VECTOR('',#13257,10.);
#3993=VECTOR('',#13258,10.);
#3994=VECTOR('',#13259,10.);
#3995=VECTOR('',#13262,10.);
#3996=VECTOR('',#13263,10.);
#3997=VECTOR('',#13264,10.);
#3998=VECTOR('',#13267,10.);
#3999=VECTOR('',#13268,10.);
#4000=VECTOR('',#13269,10.);
#4001=VECTOR('',#13274,10.);
#4002=VECTOR('',#13281,10.);
#4003=VECTOR('',#13286,10.);
#4004=VECTOR('',#13287,10.);
#4005=VECTOR('',#13288,10.);
#4006=VECTOR('',#13291,10.);
#4007=VECTOR('',#13292,10.);
#4008=VECTOR('',#13293,10.);
#4009=VECTOR('',#13296,10.);
#4010=VECTOR('',#13297,10.);
#4011=VECTOR('',#13306,10.);
#4012=VECTOR('',#13309,10.);
#4013=VECTOR('',#13314,10.);
#4014=VECTOR('',#13319,10.);
#4015=VECTOR('',#13320,10.);
#4016=VECTOR('',#13321,10.);
#4017=VECTOR('',#13324,10.);
#4018=VECTOR('',#13325,10.);
#4019=VECTOR('',#13326,10.);
#4020=VECTOR('',#13329,10.);
#4021=VECTOR('',#13330,10.);
#4022=VECTOR('',#13331,10.);
#4023=VECTOR('',#13336,10.);
#4024=VECTOR('',#13343,10.);
#4025=VECTOR('',#13348,10.);
#4026=VECTOR('',#13349,10.);
#4027=VECTOR('',#13350,10.);
#4028=VECTOR('',#13353,10.);
#4029=VECTOR('',#13354,10.);
#4030=VECTOR('',#13355,10.);
#4031=VECTOR('',#13358,10.);
#4032=VECTOR('',#13359,10.);
#4033=VECTOR('',#13368,10.);
#4034=VECTOR('',#13371,10.);
#4035=VECTOR('',#13376,10.);
#4036=VECTOR('',#13381,10.);
#4037=VECTOR('',#13382,10.);
#4038=VECTOR('',#13383,10.);
#4039=VECTOR('',#13386,10.);
#4040=VECTOR('',#13387,10.);
#4041=VECTOR('',#13388,10.);
#4042=VECTOR('',#13391,10.);
#4043=VECTOR('',#13392,10.);
#4044=VECTOR('',#13393,10.);
#4045=VECTOR('',#13398,10.);
#4046=VECTOR('',#13405,10.);
#4047=VECTOR('',#13410,10.);
#4048=VECTOR('',#13411,10.);
#4049=VECTOR('',#13412,10.);
#4050=VECTOR('',#13415,10.);
#4051=VECTOR('',#13416,10.);
#4052=VECTOR('',#13417,10.);
#4053=VECTOR('',#13420,10.);
#4054=VECTOR('',#13421,10.);
#4055=VECTOR('',#13448,10.);
#4056=VECTOR('',#13451,10.);
#4057=VECTOR('',#13454,10.);
#4058=VECTOR('',#13455,10.);
#4059=VECTOR('',#13456,10.);
#4060=VECTOR('',#13463,10.);
#4061=VECTOR('',#13466,10.);
#4062=VECTOR('',#13467,10.);
#4063=VECTOR('',#13468,10.);
#4064=VECTOR('',#13471,10.);
#4065=VECTOR('',#13472,10.);
#4066=VECTOR('',#13473,10.);
#4067=VECTOR('',#13480,10.);
#4068=VECTOR('',#13483,10.);
#4069=VECTOR('',#13484,10.);
#4070=VECTOR('',#13485,10.);
#4071=VECTOR('',#13494,10.);
#4072=VECTOR('',#13495,10.);
#4073=VECTOR('',#13496,10.);
#4074=VECTOR('',#13497,10.);
#4075=VECTOR('',#13500,10.);
#4076=VECTOR('',#13501,10.);
#4077=VECTOR('',#13502,10.);
#4078=VECTOR('',#13505,10.);
#4079=VECTOR('',#13506,10.);
#4080=VECTOR('',#13507,10.);
#4081=VECTOR('',#13510,10.);
#4082=VECTOR('',#13511,10.);
#4083=VECTOR('',#13512,10.);
#4084=VECTOR('',#13515,10.);
#4085=VECTOR('',#13516,10.);
#4086=VECTOR('',#13517,10.);
#4087=VECTOR('',#13520,10.);
#4088=VECTOR('',#13521,10.);
#4089=VECTOR('',#13522,10.);
#4090=VECTOR('',#13525,10.);
#4091=VECTOR('',#13526,10.);
#4092=VECTOR('',#13527,10.);
#4093=VECTOR('',#13530,10.);
#4094=VECTOR('',#13531,10.);
#4095=VECTOR('',#13540,10.);
#4096=VECTOR('',#13541,10.);
#4097=VECTOR('',#13542,10.);
#4098=VECTOR('',#13543,10.);
#4099=VECTOR('',#13546,10.);
#4100=VECTOR('',#13547,10.);
#4101=VECTOR('',#13548,10.);
#4102=VECTOR('',#13549,10.);
#4103=VECTOR('',#13552,10.);
#4104=VECTOR('',#13553,10.);
#4105=VECTOR('',#13554,10.);
#4106=VECTOR('',#13555,10.);
#4107=VECTOR('',#13562,10.);
#4108=VECTOR('',#13563,10.);
#4109=VECTOR('',#13564,10.);
#4110=VECTOR('',#13565,10.);
#4111=VECTOR('',#13580,10.);
#4112=VECTOR('',#13583,10.);
#4113=VECTOR('',#13586,10.);
#4114=VECTOR('',#13589,10.);
#4115=VECTOR('',#13590,10.);
#4116=VECTOR('',#13591,10.);
#4117=VECTOR('',#13596,10.);
#4118=VECTOR('',#13601,10.);
#4119=VECTOR('',#13602,10.);
#4120=VECTOR('',#13607,10.);
#4121=VECTOR('',#13610,10.);
#4122=VECTOR('',#13613,10.);
#4123=VECTOR('',#13618,10.);
#4124=VECTOR('',#13621,10.);
#4125=VECTOR('',#13622,10.);
#4126=VECTOR('',#13623,10.);
#4127=VECTOR('',#13624,10.);
#4128=VECTOR('',#13627,10.);
#4129=VECTOR('',#13628,10.);
#4130=VECTOR('',#13629,10.);
#4131=VECTOR('',#13630,10.);
#4132=VECTOR('',#13637,10.);
#4133=VECTOR('',#13638,10.);
#4134=VECTOR('',#13639,10.);
#4135=VECTOR('',#13640,10.);
#4136=VECTOR('',#13647,10.);
#4137=VECTOR('',#13648,10.);
#4138=VECTOR('',#13649,10.);
#4139=VECTOR('',#13660,10.);
#4140=VECTOR('',#13663,10.);
#4141=VECTOR('',#13666,10.);
#4142=VECTOR('',#13667,10.);
#4143=VECTOR('',#13676,10.);
#4144=VECTOR('',#13679,10.);
#4145=VECTOR('',#13682,10.);
#4146=VECTOR('',#13683,10.);
#4147=VERTEX_POINT('',#13754);
#4148=VERTEX_POINT('',#13755);
#4149=VERTEX_POINT('',#13757);
#4150=VERTEX_POINT('',#13759);
#4151=VERTEX_POINT('',#13763);
#4152=VERTEX_POINT('',#13765);
#4153=VERTEX_POINT('',#13769);
#4154=VERTEX_POINT('',#13771);
#4155=VERTEX_POINT('',#13782);
#4156=VERTEX_POINT('',#13783);
#4157=VERTEX_POINT('',#13785);
#4158=VERTEX_POINT('',#13787);
#4159=VERTEX_POINT('',#13791);
#4160=VERTEX_POINT('',#13793);
#4161=VERTEX_POINT('',#13797);
#4162=VERTEX_POINT('',#13799);
#4163=VERTEX_POINT('',#13808);
#4164=VERTEX_POINT('',#13809);
#4165=VERTEX_POINT('',#13811);
#4166=VERTEX_POINT('',#13813);
#4167=VERTEX_POINT('',#13817);
#4168=VERTEX_POINT('',#13819);
#4169=VERTEX_POINT('',#13823);
#4170=VERTEX_POINT('',#13825);
#4171=VERTEX_POINT('',#13829);
#4172=VERTEX_POINT('',#13831);
#4173=VERTEX_POINT('',#13835);
#4174=VERTEX_POINT('',#13837);
#4175=VERTEX_POINT('',#13846);
#4176=VERTEX_POINT('',#13847);
#4177=VERTEX_POINT('',#13849);
#4178=VERTEX_POINT('',#13851);
#4179=VERTEX_POINT('',#13855);
#4180=VERTEX_POINT('',#13857);
#4181=VERTEX_POINT('',#13861);
#4182=VERTEX_POINT('',#13863);
#4183=VERTEX_POINT('',#13867);
#4184=VERTEX_POINT('',#13869);
#4185=VERTEX_POINT('',#13873);
#4186=VERTEX_POINT('',#13875);
#4187=VERTEX_POINT('',#13884);
#4188=VERTEX_POINT('',#13885);
#4189=VERTEX_POINT('',#13887);
#4190=VERTEX_POINT('',#13889);
#4191=VERTEX_POINT('',#13893);
#4192=VERTEX_POINT('',#13895);
#4193=VERTEX_POINT('',#13899);
#4194=VERTEX_POINT('',#13901);
#4195=VERTEX_POINT('',#13905);
#4196=VERTEX_POINT('',#13907);
#4197=VERTEX_POINT('',#13911);
#4198=VERTEX_POINT('',#13913);
#4199=VERTEX_POINT('',#13922);
#4200=VERTEX_POINT('',#13923);
#4201=VERTEX_POINT('',#13925);
#4202=VERTEX_POINT('',#13927);
#4203=VERTEX_POINT('',#13931);
#4204=VERTEX_POINT('',#13933);
#4205=VERTEX_POINT('',#13937);
#4206=VERTEX_POINT('',#13939);
#4207=VERTEX_POINT('',#13948);
#4208=VERTEX_POINT('',#13949);
#4209=VERTEX_POINT('',#13951);
#4210=VERTEX_POINT('',#13953);
#4211=VERTEX_POINT('',#13957);
#4212=VERTEX_POINT('',#13959);
#4213=VERTEX_POINT('',#13963);
#4214=VERTEX_POINT('',#13965);
#4215=VERTEX_POINT('',#13974);
#4216=VERTEX_POINT('',#13975);
#4217=VERTEX_POINT('',#13977);
#4218=VERTEX_POINT('',#13979);
#4219=VERTEX_POINT('',#13983);
#4220=VERTEX_POINT('',#13985);
#4221=VERTEX_POINT('',#13989);
#4222=VERTEX_POINT('',#13991);
#4223=VERTEX_POINT('',#14007);
#4224=VERTEX_POINT('',#14009);
#4225=VERTEX_POINT('',#14013);
#4226=VERTEX_POINT('',#14015);
#4227=VERTEX_POINT('',#14019);
#4228=VERTEX_POINT('',#14021);
#4229=VERTEX_POINT('',#14025);
#4230=VERTEX_POINT('',#14027);
#4231=VERTEX_POINT('',#14031);
#4232=VERTEX_POINT('',#14032);
#4233=VERTEX_POINT('',#14034);
#4234=VERTEX_POINT('',#14036);
#4235=VERTEX_POINT('',#14040);
#4236=VERTEX_POINT('',#14042);
#4237=VERTEX_POINT('',#14044);
#4238=VERTEX_POINT('',#14046);
#4239=VERTEX_POINT('',#14048);
#4240=VERTEX_POINT('',#14050);
#4241=VERTEX_POINT('',#14053);
#4242=VERTEX_POINT('',#14055);
#4243=VERTEX_POINT('',#14057);
#4244=VERTEX_POINT('',#14059);
#4245=VERTEX_POINT('',#14062);
#4246=VERTEX_POINT('',#14066);
#4247=VERTEX_POINT('',#14070);
#4248=VERTEX_POINT('',#14071);
#4249=VERTEX_POINT('',#14076);
#4250=VERTEX_POINT('',#14080);
#4251=VERTEX_POINT('',#14084);
#4252=VERTEX_POINT('',#14088);
#4253=VERTEX_POINT('',#14092);
#4254=VERTEX_POINT('',#14096);
#4255=VERTEX_POINT('',#14106);
#4256=VERTEX_POINT('',#14107);
#4257=VERTEX_POINT('',#14109);
#4258=VERTEX_POINT('',#14111);
#4259=VERTEX_POINT('',#14115);
#4260=VERTEX_POINT('',#14117);
#4261=VERTEX_POINT('',#14121);
#4262=VERTEX_POINT('',#14123);
#4263=VERTEX_POINT('',#14127);
#4264=VERTEX_POINT('',#14129);
#4265=VERTEX_POINT('',#14133);
#4266=VERTEX_POINT('',#14135);
#4267=VERTEX_POINT('',#14139);
#4268=VERTEX_POINT('',#14141);
#4269=VERTEX_POINT('',#14145);
#4270=VERTEX_POINT('',#14147);
#4271=VERTEX_POINT('',#14151);
#4272=VERTEX_POINT('',#14153);
#4273=VERTEX_POINT('',#14157);
#4274=VERTEX_POINT('',#14159);
#4275=VERTEX_POINT('',#14163);
#4276=VERTEX_POINT('',#14165);
#4277=VERTEX_POINT('',#14169);
#4278=VERTEX_POINT('',#14171);
#4279=VERTEX_POINT('',#14180);
#4280=VERTEX_POINT('',#14181);
#4281=VERTEX_POINT('',#14183);
#4282=VERTEX_POINT('',#14185);
#4283=VERTEX_POINT('',#14189);
#4284=VERTEX_POINT('',#14191);
#4285=VERTEX_POINT('',#14204);
#4286=VERTEX_POINT('',#14210);
#4287=VERTEX_POINT('',#14227);
#4288=VERTEX_POINT('',#14233);
#4289=VERTEX_POINT('',#14250);
#4290=VERTEX_POINT('',#14256);
#4291=VERTEX_POINT('',#14273);
#4292=VERTEX_POINT('',#14279);
#4293=VERTEX_POINT('',#14296);
#4294=VERTEX_POINT('',#14302);
#4295=VERTEX_POINT('',#14313);
#4296=VERTEX_POINT('',#14314);
#4297=VERTEX_POINT('',#14316);
#4298=VERTEX_POINT('',#14318);
#4299=VERTEX_POINT('',#14331);
#4300=VERTEX_POINT('',#14337);
#4301=VERTEX_POINT('',#14354);
#4302=VERTEX_POINT('',#14360);
#4303=VERTEX_POINT('',#14377);
#4304=VERTEX_POINT('',#14383);
#4305=VERTEX_POINT('',#14400);
#4306=VERTEX_POINT('',#14406);
#4307=VERTEX_POINT('',#14423);
#4308=VERTEX_POINT('',#14429);
#4309=VERTEX_POINT('',#14446);
#4310=VERTEX_POINT('',#14452);
#4311=VERTEX_POINT('',#14469);
#4312=VERTEX_POINT('',#14475);
#4313=VERTEX_POINT('',#14492);
#4314=VERTEX_POINT('',#14498);
#4315=VERTEX_POINT('',#14506);
#4316=VERTEX_POINT('',#14508);
#4317=VERTEX_POINT('',#14517);
#4318=VERTEX_POINT('',#14518);
#4319=VERTEX_POINT('',#14520);
#4320=VERTEX_POINT('',#14522);
#4321=VERTEX_POINT('',#14526);
#4322=VERTEX_POINT('',#14528);
#4323=VERTEX_POINT('',#14532);
#4324=VERTEX_POINT('',#14534);
#4325=VERTEX_POINT('',#14543);
#4326=VERTEX_POINT('',#14544);
#4327=VERTEX_POINT('',#14546);
#4328=VERTEX_POINT('',#14548);
#4329=VERTEX_POINT('',#14561);
#4330=VERTEX_POINT('',#14567);
#4331=VERTEX_POINT('',#14584);
#4332=VERTEX_POINT('',#14590);
#4333=VERTEX_POINT('',#14607);
#4334=VERTEX_POINT('',#14613);
#4335=VERTEX_POINT('',#14630);
#4336=VERTEX_POINT('',#14636);
#4337=VERTEX_POINT('',#14653);
#4338=VERTEX_POINT('',#14659);
#4339=VERTEX_POINT('',#14676);
#4340=VERTEX_POINT('',#14682);
#4341=VERTEX_POINT('',#14699);
#4342=VERTEX_POINT('',#14705);
#4343=VERTEX_POINT('',#14722);
#4344=VERTEX_POINT('',#14728);
#4345=VERTEX_POINT('',#14745);
#4346=VERTEX_POINT('',#14751);
#4347=VERTEX_POINT('',#14768);
#4348=VERTEX_POINT('',#14774);
#4349=VERTEX_POINT('',#14782);
#4350=VERTEX_POINT('',#14784);
#4351=VERTEX_POINT('',#14797);
#4352=VERTEX_POINT('',#14803);
#4353=VERTEX_POINT('',#14820);
#4354=VERTEX_POINT('',#14826);
#4355=VERTEX_POINT('',#14843);
#4356=VERTEX_POINT('',#14849);
#4357=VERTEX_POINT('',#14866);
#4358=VERTEX_POINT('',#14872);
#4359=VERTEX_POINT('',#14889);
#4360=VERTEX_POINT('',#14895);
#4361=VERTEX_POINT('',#14912);
#4362=VERTEX_POINT('',#14918);
#4363=VERTEX_POINT('',#14935);
#4364=VERTEX_POINT('',#14941);
#4365=VERTEX_POINT('',#14958);
#4366=VERTEX_POINT('',#14964);
#4367=VERTEX_POINT('',#14994);
#4368=VERTEX_POINT('',#14995);
#4369=VERTEX_POINT('',#14997);
#4370=VERTEX_POINT('',#14999);
#4371=VERTEX_POINT('',#15003);
#4372=VERTEX_POINT('',#15005);
#4373=VERTEX_POINT('',#15009);
#4374=VERTEX_POINT('',#15011);
#4375=VERTEX_POINT('',#15024);
#4376=VERTEX_POINT('',#15030);
#4377=VERTEX_POINT('',#15047);
#4378=VERTEX_POINT('',#15053);
#4379=VERTEX_POINT('',#15070);
#4380=VERTEX_POINT('',#15076);
#4381=VERTEX_POINT('',#15093);
#4382=VERTEX_POINT('',#15099);
#4383=VERTEX_POINT('',#15116);
#4384=VERTEX_POINT('',#15122);
#4385=VERTEX_POINT('',#15139);
#4386=VERTEX_POINT('',#15145);
#4387=VERTEX_POINT('',#15162);
#4388=VERTEX_POINT('',#15168);
#4389=VERTEX_POINT('',#15185);
#4390=VERTEX_POINT('',#15191);
#4391=VERTEX_POINT('',#15208);
#4392=VERTEX_POINT('',#15214);
#4393=VERTEX_POINT('',#15231);
#4394=VERTEX_POINT('',#15237);
#4395=VERTEX_POINT('',#15254);
#4396=VERTEX_POINT('',#15260);
#4397=VERTEX_POINT('',#15268);
#4398=VERTEX_POINT('',#15270);
#4399=VERTEX_POINT('',#15283);
#4400=VERTEX_POINT('',#15289);
#4401=VERTEX_POINT('',#15306);
#4402=VERTEX_POINT('',#15312);
#4403=VERTEX_POINT('',#15329);
#4404=VERTEX_POINT('',#15335);
#4405=VERTEX_POINT('',#15352);
#4406=VERTEX_POINT('',#15358);
#4407=VERTEX_POINT('',#15375);
#4408=VERTEX_POINT('',#15381);
#4409=VERTEX_POINT('',#15398);
#4410=VERTEX_POINT('',#15404);
#4411=VERTEX_POINT('',#15421);
#4412=VERTEX_POINT('',#15427);
#4413=VERTEX_POINT('',#15444);
#4414=VERTEX_POINT('',#15450);
#4415=VERTEX_POINT('',#15458);
#4416=VERTEX_POINT('',#15460);
#4417=VERTEX_POINT('',#15469);
#4418=VERTEX_POINT('',#15470);
#4419=VERTEX_POINT('',#15472);
#4420=VERTEX_POINT('',#15474);
#4421=VERTEX_POINT('',#15478);
#4422=VERTEX_POINT('',#15480);
#4423=VERTEX_POINT('',#15484);
#4424=VERTEX_POINT('',#15486);
#4425=VERTEX_POINT('',#15490);
#4426=VERTEX_POINT('',#15492);
#4427=VERTEX_POINT('',#15496);
#4428=VERTEX_POINT('',#15498);
#4429=VERTEX_POINT('',#15502);
#4430=VERTEX_POINT('',#15504);
#4431=VERTEX_POINT('',#15508);
#4432=VERTEX_POINT('',#15510);
#4433=VERTEX_POINT('',#15514);
#4434=VERTEX_POINT('',#15516);
#4435=VERTEX_POINT('',#15520);
#4436=VERTEX_POINT('',#15522);
#4437=VERTEX_POINT('',#15531);
#4438=VERTEX_POINT('',#15532);
#4439=VERTEX_POINT('',#15534);
#4440=VERTEX_POINT('',#15536);
#4441=VERTEX_POINT('',#15540);
#4442=VERTEX_POINT('',#15542);
#4443=VERTEX_POINT('',#15555);
#4444=VERTEX_POINT('',#15561);
#4445=VERTEX_POINT('',#15578);
#4446=VERTEX_POINT('',#15584);
#4447=VERTEX_POINT('',#15601);
#4448=VERTEX_POINT('',#15607);
#4449=VERTEX_POINT('',#15624);
#4450=VERTEX_POINT('',#15630);
#4451=VERTEX_POINT('',#15647);
#4452=VERTEX_POINT('',#15653);
#4453=VERTEX_POINT('',#15664);
#4454=VERTEX_POINT('',#15665);
#4455=VERTEX_POINT('',#15667);
#4456=VERTEX_POINT('',#15669);
#4457=VERTEX_POINT('',#15682);
#4458=VERTEX_POINT('',#15688);
#4459=VERTEX_POINT('',#15705);
#4460=VERTEX_POINT('',#15711);
#4461=VERTEX_POINT('',#15728);
#4462=VERTEX_POINT('',#15734);
#4463=VERTEX_POINT('',#15751);
#4464=VERTEX_POINT('',#15757);
#4465=VERTEX_POINT('',#15774);
#4466=VERTEX_POINT('',#15780);
#4467=VERTEX_POINT('',#15797);
#4468=VERTEX_POINT('',#15803);
#4469=VERTEX_POINT('',#15820);
#4470=VERTEX_POINT('',#15826);
#4471=VERTEX_POINT('',#15843);
#4472=VERTEX_POINT('',#15849);
#4473=VERTEX_POINT('',#15857);
#4474=VERTEX_POINT('',#15859);
#4475=VERTEX_POINT('',#15868);
#4476=VERTEX_POINT('',#15869);
#4477=VERTEX_POINT('',#15871);
#4478=VERTEX_POINT('',#15873);
#4479=VERTEX_POINT('',#15886);
#4480=VERTEX_POINT('',#15892);
#4481=VERTEX_POINT('',#15909);
#4482=VERTEX_POINT('',#15915);
#4483=VERTEX_POINT('',#15932);
#4484=VERTEX_POINT('',#15938);
#4485=VERTEX_POINT('',#15955);
#4486=VERTEX_POINT('',#15961);
#4487=VERTEX_POINT('',#15978);
#4488=VERTEX_POINT('',#15984);
#4489=VERTEX_POINT('',#16001);
#4490=VERTEX_POINT('',#16007);
#4491=VERTEX_POINT('',#16024);
#4492=VERTEX_POINT('',#16030);
#4493=VERTEX_POINT('',#16047);
#4494=VERTEX_POINT('',#16053);
#4495=VERTEX_POINT('',#16070);
#4496=VERTEX_POINT('',#16076);
#4497=VERTEX_POINT('',#16093);
#4498=VERTEX_POINT('',#16099);
#4499=VERTEX_POINT('',#16107);
#4500=VERTEX_POINT('',#16109);
#4501=VERTEX_POINT('',#16122);
#4502=VERTEX_POINT('',#16128);
#4503=VERTEX_POINT('',#16145);
#4504=VERTEX_POINT('',#16151);
#4505=VERTEX_POINT('',#16168);
#4506=VERTEX_POINT('',#16174);
#4507=VERTEX_POINT('',#16191);
#4508=VERTEX_POINT('',#16197);
#4509=VERTEX_POINT('',#16214);
#4510=VERTEX_POINT('',#16220);
#4511=VERTEX_POINT('',#16237);
#4512=VERTEX_POINT('',#16243);
#4513=VERTEX_POINT('',#16260);
#4514=VERTEX_POINT('',#16266);
#4515=VERTEX_POINT('',#16283);
#4516=VERTEX_POINT('',#16289);
#4517=VERTEX_POINT('',#16319);
#4518=VERTEX_POINT('',#16320);
#4519=VERTEX_POINT('',#16322);
#4520=VERTEX_POINT('',#16324);
#4521=VERTEX_POINT('',#16328);
#4522=VERTEX_POINT('',#16330);
#4523=VERTEX_POINT('',#16334);
#4524=VERTEX_POINT('',#16336);
#4525=VERTEX_POINT('',#16340);
#4526=VERTEX_POINT('',#16342);
#4527=VERTEX_POINT('',#16346);
#4528=VERTEX_POINT('',#16348);
#4529=VERTEX_POINT('',#16352);
#4530=VERTEX_POINT('',#16354);
#4531=VERTEX_POINT('',#16372);
#4532=VERTEX_POINT('',#16373);
#4533=VERTEX_POINT('',#16379);
#4534=VERTEX_POINT('',#16381);
#4535=VERTEX_POINT('',#16398);
#4536=VERTEX_POINT('',#16404);
#4537=VERTEX_POINT('',#16421);
#4538=VERTEX_POINT('',#16427);
#4539=VERTEX_POINT('',#16444);
#4540=VERTEX_POINT('',#16450);
#4541=VERTEX_POINT('',#16467);
#4542=VERTEX_POINT('',#16473);
#4543=VERTEX_POINT('',#16490);
#4544=VERTEX_POINT('',#16496);
#4545=VERTEX_POINT('',#16513);
#4546=VERTEX_POINT('',#16519);
#4547=VERTEX_POINT('',#16556);
#4548=VERTEX_POINT('',#16557);
#4549=VERTEX_POINT('',#16563);
#4550=VERTEX_POINT('',#16565);
#4551=VERTEX_POINT('',#16582);
#4552=VERTEX_POINT('',#16588);
#4553=VERTEX_POINT('',#16605);
#4554=VERTEX_POINT('',#16611);
#4555=VERTEX_POINT('',#16628);
#4556=VERTEX_POINT('',#16634);
#4557=VERTEX_POINT('',#16651);
#4558=VERTEX_POINT('',#16657);
#4559=VERTEX_POINT('',#16674);
#4560=VERTEX_POINT('',#16680);
#4561=VERTEX_POINT('',#16697);
#4562=VERTEX_POINT('',#16703);
#4563=VERTEX_POINT('',#16720);
#4564=VERTEX_POINT('',#16726);
#4565=VERTEX_POINT('',#16743);
#4566=VERTEX_POINT('',#16749);
#4567=VERTEX_POINT('',#16779);
#4568=VERTEX_POINT('',#16780);
#4569=VERTEX_POINT('',#16782);
#4570=VERTEX_POINT('',#16784);
#4571=VERTEX_POINT('',#16788);
#4572=VERTEX_POINT('',#16790);
#4573=VERTEX_POINT('',#16794);
#4574=VERTEX_POINT('',#16796);
#4575=VERTEX_POINT('',#16800);
#4576=VERTEX_POINT('',#16802);
#4577=VERTEX_POINT('',#16806);
#4578=VERTEX_POINT('',#16808);
#4579=VERTEX_POINT('',#16817);
#4580=VERTEX_POINT('',#16818);
#4581=VERTEX_POINT('',#16820);
#4582=VERTEX_POINT('',#16822);
#4583=VERTEX_POINT('',#16835);
#4584=VERTEX_POINT('',#16841);
#4585=VERTEX_POINT('',#16858);
#4586=VERTEX_POINT('',#16864);
#4587=VERTEX_POINT('',#16881);
#4588=VERTEX_POINT('',#16887);
#4589=VERTEX_POINT('',#16904);
#4590=VERTEX_POINT('',#16910);
#4591=VERTEX_POINT('',#16927);
#4592=VERTEX_POINT('',#16933);
#4593=VERTEX_POINT('',#16950);
#4594=VERTEX_POINT('',#16956);
#4595=VERTEX_POINT('',#16973);
#4596=VERTEX_POINT('',#16979);
#4597=VERTEX_POINT('',#16996);
#4598=VERTEX_POINT('',#17002);
#4599=VERTEX_POINT('',#17019);
#4600=VERTEX_POINT('',#17025);
#4601=VERTEX_POINT('',#17042);
#4602=VERTEX_POINT('',#17048);
#4603=VERTEX_POINT('',#17056);
#4604=VERTEX_POINT('',#17058);
#4605=VERTEX_POINT('',#17071);
#4606=VERTEX_POINT('',#17077);
#4607=VERTEX_POINT('',#17094);
#4608=VERTEX_POINT('',#17100);
#4609=VERTEX_POINT('',#17117);
#4610=VERTEX_POINT('',#17123);
#4611=VERTEX_POINT('',#17140);
#4612=VERTEX_POINT('',#17146);
#4613=VERTEX_POINT('',#17163);
#4614=VERTEX_POINT('',#17169);
#4615=VERTEX_POINT('',#17186);
#4616=VERTEX_POINT('',#17192);
#4617=VERTEX_POINT('',#17209);
#4618=VERTEX_POINT('',#17215);
#4619=VERTEX_POINT('',#17232);
#4620=VERTEX_POINT('',#17238);
#4621=VERTEX_POINT('',#17270);
#4622=VERTEX_POINT('',#17272);
#4623=VERTEX_POINT('',#17277);
#4624=VERTEX_POINT('',#17278);
#4625=VERTEX_POINT('',#17280);
#4626=VERTEX_POINT('',#17282);
#4627=VERTEX_POINT('',#17286);
#4628=VERTEX_POINT('',#17288);
#4629=VERTEX_POINT('',#17292);
#4630=VERTEX_POINT('',#17294);
#4631=VERTEX_POINT('',#17302);
#4632=VERTEX_POINT('',#17303);
#4633=VERTEX_POINT('',#17305);
#4634=VERTEX_POINT('',#17307);
#4635=VERTEX_POINT('',#17320);
#4636=VERTEX_POINT('',#17321);
#4637=VERTEX_POINT('',#17323);
#4638=VERTEX_POINT('',#17325);
#4639=VERTEX_POINT('',#17329);
#4640=VERTEX_POINT('',#17331);
#4641=VERTEX_POINT('',#17335);
#4642=VERTEX_POINT('',#17337);
#4643=VERTEX_POINT('',#17341);
#4644=VERTEX_POINT('',#17343);
#4645=VERTEX_POINT('',#17347);
#4646=VERTEX_POINT('',#17349);
#4647=VERTEX_POINT('',#17353);
#4648=VERTEX_POINT('',#17355);
#4649=VERTEX_POINT('',#17359);
#4650=VERTEX_POINT('',#17361);
#4651=VERTEX_POINT('',#17365);
#4652=VERTEX_POINT('',#17367);
#4653=VERTEX_POINT('',#17371);
#4654=VERTEX_POINT('',#17373);
#4655=VERTEX_POINT('',#17382);
#4656=VERTEX_POINT('',#17383);
#4657=VERTEX_POINT('',#17385);
#4658=VERTEX_POINT('',#17387);
#4659=VERTEX_POINT('',#17391);
#4660=VERTEX_POINT('',#17393);
#4661=VERTEX_POINT('',#17397);
#4662=VERTEX_POINT('',#17399);
#4663=VERTEX_POINT('',#17403);
#4664=VERTEX_POINT('',#17405);
#4665=VERTEX_POINT('',#17409);
#4666=VERTEX_POINT('',#17411);
#4667=VERTEX_POINT('',#17415);
#4668=VERTEX_POINT('',#17417);
#4669=VERTEX_POINT('',#17421);
#4670=VERTEX_POINT('',#17423);
#4671=VERTEX_POINT('',#17427);
#4672=VERTEX_POINT('',#17429);
#4673=VERTEX_POINT('',#17433);
#4674=VERTEX_POINT('',#17435);
#4675=VERTEX_POINT('',#17444);
#4676=VERTEX_POINT('',#17445);
#4677=VERTEX_POINT('',#17447);
#4678=VERTEX_POINT('',#17449);
#4679=VERTEX_POINT('',#17453);
#4680=VERTEX_POINT('',#17455);
#4681=VERTEX_POINT('',#17459);
#4682=VERTEX_POINT('',#17461);
#4683=VERTEX_POINT('',#17465);
#4684=VERTEX_POINT('',#17467);
#4685=VERTEX_POINT('',#17471);
#4686=VERTEX_POINT('',#17473);
#4687=VERTEX_POINT('',#17477);
#4688=VERTEX_POINT('',#17479);
#4689=VERTEX_POINT('',#17483);
#4690=VERTEX_POINT('',#17485);
#4691=VERTEX_POINT('',#17489);
#4692=VERTEX_POINT('',#17491);
#4693=VERTEX_POINT('',#17495);
#4694=VERTEX_POINT('',#17497);
#4695=VERTEX_POINT('',#17506);
#4696=VERTEX_POINT('',#17507);
#4697=VERTEX_POINT('',#17509);
#4698=VERTEX_POINT('',#17511);
#4699=VERTEX_POINT('',#17515);
#4700=VERTEX_POINT('',#17517);
#4701=VERTEX_POINT('',#17521);
#4702=VERTEX_POINT('',#17523);
#4703=VERTEX_POINT('',#17527);
#4704=VERTEX_POINT('',#17529);
#4705=VERTEX_POINT('',#17533);
#4706=VERTEX_POINT('',#17535);
#4707=VERTEX_POINT('',#17539);
#4708=VERTEX_POINT('',#17541);
#4709=VERTEX_POINT('',#17545);
#4710=VERTEX_POINT('',#17547);
#4711=VERTEX_POINT('',#17551);
#4712=VERTEX_POINT('',#17553);
#4713=VERTEX_POINT('',#17557);
#4714=VERTEX_POINT('',#17559);
#4715=VERTEX_POINT('',#17568);
#4716=VERTEX_POINT('',#17569);
#4717=VERTEX_POINT('',#17571);
#4718=VERTEX_POINT('',#17573);
#4719=VERTEX_POINT('',#17577);
#4720=VERTEX_POINT('',#17579);
#4721=VERTEX_POINT('',#17583);
#4722=VERTEX_POINT('',#17585);
#4723=VERTEX_POINT('',#17589);
#4724=VERTEX_POINT('',#17591);
#4725=VERTEX_POINT('',#17595);
#4726=VERTEX_POINT('',#17597);
#4727=VERTEX_POINT('',#17601);
#4728=VERTEX_POINT('',#17603);
#4729=VERTEX_POINT('',#17607);
#4730=VERTEX_POINT('',#17609);
#4731=VERTEX_POINT('',#17613);
#4732=VERTEX_POINT('',#17615);
#4733=VERTEX_POINT('',#17619);
#4734=VERTEX_POINT('',#17621);
#4735=VERTEX_POINT('',#17630);
#4736=VERTEX_POINT('',#17631);
#4737=VERTEX_POINT('',#17633);
#4738=VERTEX_POINT('',#17635);
#4739=VERTEX_POINT('',#17639);
#4740=VERTEX_POINT('',#17641);
#4741=VERTEX_POINT('',#17645);
#4742=VERTEX_POINT('',#17647);
#4743=VERTEX_POINT('',#17651);
#4744=VERTEX_POINT('',#17653);
#4745=VERTEX_POINT('',#17657);
#4746=VERTEX_POINT('',#17659);
#4747=VERTEX_POINT('',#17663);
#4748=VERTEX_POINT('',#17665);
#4749=VERTEX_POINT('',#17669);
#4750=VERTEX_POINT('',#17671);
#4751=VERTEX_POINT('',#17675);
#4752=VERTEX_POINT('',#17677);
#4753=VERTEX_POINT('',#17681);
#4754=VERTEX_POINT('',#17683);
#4755=VERTEX_POINT('',#17692);
#4756=VERTEX_POINT('',#17693);
#4757=VERTEX_POINT('',#17695);
#4758=VERTEX_POINT('',#17697);
#4759=VERTEX_POINT('',#17701);
#4760=VERTEX_POINT('',#17703);
#4761=VERTEX_POINT('',#17707);
#4762=VERTEX_POINT('',#17709);
#4763=VERTEX_POINT('',#17713);
#4764=VERTEX_POINT('',#17715);
#4765=VERTEX_POINT('',#17719);
#4766=VERTEX_POINT('',#17721);
#4767=VERTEX_POINT('',#17725);
#4768=VERTEX_POINT('',#17727);
#4769=VERTEX_POINT('',#17731);
#4770=VERTEX_POINT('',#17733);
#4771=VERTEX_POINT('',#17737);
#4772=VERTEX_POINT('',#17739);
#4773=VERTEX_POINT('',#17743);
#4774=VERTEX_POINT('',#17745);
#4775=VERTEX_POINT('',#17754);
#4776=VERTEX_POINT('',#17755);
#4777=VERTEX_POINT('',#17757);
#4778=VERTEX_POINT('',#17759);
#4779=VERTEX_POINT('',#17763);
#4780=VERTEX_POINT('',#17765);
#4781=VERTEX_POINT('',#17769);
#4782=VERTEX_POINT('',#17771);
#4783=VERTEX_POINT('',#17775);
#4784=VERTEX_POINT('',#17777);
#4785=VERTEX_POINT('',#17781);
#4786=VERTEX_POINT('',#17783);
#4787=VERTEX_POINT('',#17787);
#4788=VERTEX_POINT('',#17789);
#4789=VERTEX_POINT('',#17793);
#4790=VERTEX_POINT('',#17795);
#4791=VERTEX_POINT('',#17799);
#4792=VERTEX_POINT('',#17801);
#4793=VERTEX_POINT('',#17805);
#4794=VERTEX_POINT('',#17807);
#4795=VERTEX_POINT('',#17816);
#4796=VERTEX_POINT('',#17817);
#4797=VERTEX_POINT('',#17819);
#4798=VERTEX_POINT('',#17821);
#4799=VERTEX_POINT('',#17825);
#4800=VERTEX_POINT('',#17827);
#4801=VERTEX_POINT('',#17831);
#4802=VERTEX_POINT('',#17833);
#4803=VERTEX_POINT('',#17837);
#4804=VERTEX_POINT('',#17839);
#4805=VERTEX_POINT('',#17843);
#4806=VERTEX_POINT('',#17845);
#4807=VERTEX_POINT('',#17849);
#4808=VERTEX_POINT('',#17851);
#4809=VERTEX_POINT('',#17855);
#4810=VERTEX_POINT('',#17857);
#4811=VERTEX_POINT('',#17861);
#4812=VERTEX_POINT('',#17863);
#4813=VERTEX_POINT('',#17867);
#4814=VERTEX_POINT('',#17869);
#4815=VERTEX_POINT('',#17878);
#4816=VERTEX_POINT('',#17879);
#4817=VERTEX_POINT('',#17881);
#4818=VERTEX_POINT('',#17883);
#4819=VERTEX_POINT('',#17887);
#4820=VERTEX_POINT('',#17889);
#4821=VERTEX_POINT('',#17893);
#4822=VERTEX_POINT('',#17895);
#4823=VERTEX_POINT('',#17899);
#4824=VERTEX_POINT('',#17901);
#4825=VERTEX_POINT('',#17905);
#4826=VERTEX_POINT('',#17907);
#4827=VERTEX_POINT('',#17911);
#4828=VERTEX_POINT('',#17913);
#4829=VERTEX_POINT('',#17917);
#4830=VERTEX_POINT('',#17919);
#4831=VERTEX_POINT('',#17923);
#4832=VERTEX_POINT('',#17925);
#4833=VERTEX_POINT('',#17929);
#4834=VERTEX_POINT('',#17931);
#4835=VERTEX_POINT('',#17941);
#4836=VERTEX_POINT('',#17942);
#4837=VERTEX_POINT('',#17944);
#4838=VERTEX_POINT('',#17946);
#4839=VERTEX_POINT('',#17950);
#4840=VERTEX_POINT('',#17952);
#4841=VERTEX_POINT('',#17956);
#4842=VERTEX_POINT('',#17958);
#4843=VERTEX_POINT('',#17962);
#4844=VERTEX_POINT('',#17964);
#4845=VERTEX_POINT('',#17968);
#4846=VERTEX_POINT('',#17970);
#4847=VERTEX_POINT('',#17974);
#4848=VERTEX_POINT('',#17976);
#4849=VERTEX_POINT('',#17980);
#4850=VERTEX_POINT('',#17982);
#4851=VERTEX_POINT('',#17986);
#4852=VERTEX_POINT('',#17988);
#4853=VERTEX_POINT('',#17992);
#4854=VERTEX_POINT('',#17994);
#4855=VERTEX_POINT('',#18003);
#4856=VERTEX_POINT('',#18004);
#4857=VERTEX_POINT('',#18006);
#4858=VERTEX_POINT('',#18008);
#4859=VERTEX_POINT('',#18012);
#4860=VERTEX_POINT('',#18014);
#4861=VERTEX_POINT('',#18018);
#4862=VERTEX_POINT('',#18020);
#4863=VERTEX_POINT('',#18024);
#4864=VERTEX_POINT('',#18026);
#4865=VERTEX_POINT('',#18030);
#4866=VERTEX_POINT('',#18032);
#4867=VERTEX_POINT('',#18036);
#4868=VERTEX_POINT('',#18038);
#4869=VERTEX_POINT('',#18042);
#4870=VERTEX_POINT('',#18044);
#4871=VERTEX_POINT('',#18048);
#4872=VERTEX_POINT('',#18050);
#4873=VERTEX_POINT('',#18054);
#4874=VERTEX_POINT('',#18056);
#4875=VERTEX_POINT('',#18065);
#4876=VERTEX_POINT('',#18066);
#4877=VERTEX_POINT('',#18068);
#4878=VERTEX_POINT('',#18070);
#4879=VERTEX_POINT('',#18074);
#4880=VERTEX_POINT('',#18076);
#4881=VERTEX_POINT('',#18080);
#4882=VERTEX_POINT('',#18082);
#4883=VERTEX_POINT('',#18086);
#4884=VERTEX_POINT('',#18088);
#4885=VERTEX_POINT('',#18092);
#4886=VERTEX_POINT('',#18094);
#4887=VERTEX_POINT('',#18098);
#4888=VERTEX_POINT('',#18100);
#4889=VERTEX_POINT('',#18104);
#4890=VERTEX_POINT('',#18106);
#4891=VERTEX_POINT('',#18110);
#4892=VERTEX_POINT('',#18112);
#4893=VERTEX_POINT('',#18116);
#4894=VERTEX_POINT('',#18118);
#4895=VERTEX_POINT('',#18127);
#4896=VERTEX_POINT('',#18128);
#4897=VERTEX_POINT('',#18130);
#4898=VERTEX_POINT('',#18132);
#4899=VERTEX_POINT('',#18136);
#4900=VERTEX_POINT('',#18138);
#4901=VERTEX_POINT('',#18142);
#4902=VERTEX_POINT('',#18144);
#4903=VERTEX_POINT('',#18148);
#4904=VERTEX_POINT('',#18150);
#4905=VERTEX_POINT('',#18154);
#4906=VERTEX_POINT('',#18156);
#4907=VERTEX_POINT('',#18160);
#4908=VERTEX_POINT('',#18162);
#4909=VERTEX_POINT('',#18166);
#4910=VERTEX_POINT('',#18168);
#4911=VERTEX_POINT('',#18172);
#4912=VERTEX_POINT('',#18174);
#4913=VERTEX_POINT('',#18178);
#4914=VERTEX_POINT('',#18180);
#4915=VERTEX_POINT('',#18189);
#4916=VERTEX_POINT('',#18190);
#4917=VERTEX_POINT('',#18192);
#4918=VERTEX_POINT('',#18194);
#4919=VERTEX_POINT('',#18198);
#4920=VERTEX_POINT('',#18200);
#4921=VERTEX_POINT('',#18204);
#4922=VERTEX_POINT('',#18206);
#4923=VERTEX_POINT('',#18210);
#4924=VERTEX_POINT('',#18212);
#4925=VERTEX_POINT('',#18216);
#4926=VERTEX_POINT('',#18218);
#4927=VERTEX_POINT('',#18222);
#4928=VERTEX_POINT('',#18224);
#4929=VERTEX_POINT('',#18228);
#4930=VERTEX_POINT('',#18230);
#4931=VERTEX_POINT('',#18234);
#4932=VERTEX_POINT('',#18236);
#4933=VERTEX_POINT('',#18240);
#4934=VERTEX_POINT('',#18242);
#4935=VERTEX_POINT('',#18251);
#4936=VERTEX_POINT('',#18252);
#4937=VERTEX_POINT('',#18254);
#4938=VERTEX_POINT('',#18256);
#4939=VERTEX_POINT('',#18260);
#4940=VERTEX_POINT('',#18262);
#4941=VERTEX_POINT('',#18266);
#4942=VERTEX_POINT('',#18268);
#4943=VERTEX_POINT('',#18272);
#4944=VERTEX_POINT('',#18274);
#4945=VERTEX_POINT('',#18278);
#4946=VERTEX_POINT('',#18280);
#4947=VERTEX_POINT('',#18284);
#4948=VERTEX_POINT('',#18286);
#4949=VERTEX_POINT('',#18290);
#4950=VERTEX_POINT('',#18292);
#4951=VERTEX_POINT('',#18296);
#4952=VERTEX_POINT('',#18298);
#4953=VERTEX_POINT('',#18302);
#4954=VERTEX_POINT('',#18304);
#4955=VERTEX_POINT('',#18313);
#4956=VERTEX_POINT('',#18314);
#4957=VERTEX_POINT('',#18316);
#4958=VERTEX_POINT('',#18318);
#4959=VERTEX_POINT('',#18322);
#4960=VERTEX_POINT('',#18324);
#4961=VERTEX_POINT('',#18328);
#4962=VERTEX_POINT('',#18330);
#4963=VERTEX_POINT('',#18334);
#4964=VERTEX_POINT('',#18336);
#4965=VERTEX_POINT('',#18340);
#4966=VERTEX_POINT('',#18342);
#4967=VERTEX_POINT('',#18346);
#4968=VERTEX_POINT('',#18348);
#4969=VERTEX_POINT('',#18352);
#4970=VERTEX_POINT('',#18354);
#4971=VERTEX_POINT('',#18358);
#4972=VERTEX_POINT('',#18360);
#4973=VERTEX_POINT('',#18364);
#4974=VERTEX_POINT('',#18366);
#4975=VERTEX_POINT('',#18375);
#4976=VERTEX_POINT('',#18376);
#4977=VERTEX_POINT('',#18378);
#4978=VERTEX_POINT('',#18380);
#4979=VERTEX_POINT('',#18384);
#4980=VERTEX_POINT('',#18386);
#4981=VERTEX_POINT('',#18390);
#4982=VERTEX_POINT('',#18392);
#4983=VERTEX_POINT('',#18396);
#4984=VERTEX_POINT('',#18398);
#4985=VERTEX_POINT('',#18402);
#4986=VERTEX_POINT('',#18404);
#4987=VERTEX_POINT('',#18408);
#4988=VERTEX_POINT('',#18410);
#4989=VERTEX_POINT('',#18414);
#4990=VERTEX_POINT('',#18416);
#4991=VERTEX_POINT('',#18420);
#4992=VERTEX_POINT('',#18422);
#4993=VERTEX_POINT('',#18426);
#4994=VERTEX_POINT('',#18428);
#4995=VERTEX_POINT('',#18437);
#4996=VERTEX_POINT('',#18438);
#4997=VERTEX_POINT('',#18440);
#4998=VERTEX_POINT('',#18442);
#4999=VERTEX_POINT('',#18446);
#5000=VERTEX_POINT('',#18448);
#5001=VERTEX_POINT('',#18452);
#5002=VERTEX_POINT('',#18454);
#5003=VERTEX_POINT('',#18458);
#5004=VERTEX_POINT('',#18460);
#5005=VERTEX_POINT('',#18464);
#5006=VERTEX_POINT('',#18466);
#5007=VERTEX_POINT('',#18470);
#5008=VERTEX_POINT('',#18472);
#5009=VERTEX_POINT('',#18476);
#5010=VERTEX_POINT('',#18478);
#5011=VERTEX_POINT('',#18482);
#5012=VERTEX_POINT('',#18484);
#5013=VERTEX_POINT('',#18488);
#5014=VERTEX_POINT('',#18490);
#5015=VERTEX_POINT('',#18499);
#5016=VERTEX_POINT('',#18500);
#5017=VERTEX_POINT('',#18502);
#5018=VERTEX_POINT('',#18504);
#5019=VERTEX_POINT('',#18508);
#5020=VERTEX_POINT('',#18510);
#5021=VERTEX_POINT('',#18514);
#5022=VERTEX_POINT('',#18516);
#5023=VERTEX_POINT('',#18520);
#5024=VERTEX_POINT('',#18522);
#5025=VERTEX_POINT('',#18526);
#5026=VERTEX_POINT('',#18528);
#5027=VERTEX_POINT('',#18532);
#5028=VERTEX_POINT('',#18534);
#5029=VERTEX_POINT('',#18538);
#5030=VERTEX_POINT('',#18540);
#5031=VERTEX_POINT('',#18544);
#5032=VERTEX_POINT('',#18546);
#5033=VERTEX_POINT('',#18550);
#5034=VERTEX_POINT('',#18552);
#5035=VERTEX_POINT('',#18570);
#5036=VERTEX_POINT('',#18571);
#5037=VERTEX_POINT('',#18573);
#5038=VERTEX_POINT('',#18575);
#5039=VERTEX_POINT('',#18579);
#5040=VERTEX_POINT('',#18581);
#5041=VERTEX_POINT('',#18585);
#5042=VERTEX_POINT('',#18587);
#5043=VERTEX_POINT('',#18591);
#5044=VERTEX_POINT('',#18593);
#5045=VERTEX_POINT('',#18597);
#5046=VERTEX_POINT('',#18599);
#5047=VERTEX_POINT('',#18603);
#5048=VERTEX_POINT('',#18605);
#5049=VERTEX_POINT('',#18609);
#5050=VERTEX_POINT('',#18611);
#5051=VERTEX_POINT('',#18618);
#5052=VERTEX_POINT('',#18619);
#5053=VERTEX_POINT('',#18621);
#5054=VERTEX_POINT('',#18623);
#5055=VERTEX_POINT('',#18627);
#5056=VERTEX_POINT('',#18629);
#5057=VERTEX_POINT('',#18633);
#5058=VERTEX_POINT('',#18635);
#5059=VERTEX_POINT('',#18639);
#5060=VERTEX_POINT('',#18641);
#5061=VERTEX_POINT('',#18645);
#5062=VERTEX_POINT('',#18647);
#5063=VERTEX_POINT('',#18651);
#5064=VERTEX_POINT('',#18653);
#5065=VERTEX_POINT('',#18657);
#5066=VERTEX_POINT('',#18659);
#5067=VERTEX_POINT('',#18669);
#5068=VERTEX_POINT('',#18670);
#5069=VERTEX_POINT('',#18672);
#5070=VERTEX_POINT('',#18674);
#5071=VERTEX_POINT('',#18678);
#5072=VERTEX_POINT('',#18680);
#5073=VERTEX_POINT('',#18682);
#5074=VERTEX_POINT('',#18686);
#5075=VERTEX_POINT('',#18687);
#5076=VERTEX_POINT('',#18689);
#5077=VERTEX_POINT('',#18696);
#5078=VERTEX_POINT('',#18699);
#5079=VERTEX_POINT('',#18709);
#5080=VERTEX_POINT('',#18711);
#5081=VERTEX_POINT('',#18715);
#5082=VERTEX_POINT('',#18717);
#5083=VERTEX_POINT('',#18719);
#5084=VERTEX_POINT('',#18721);
#5085=VERTEX_POINT('',#18723);
#5086=VERTEX_POINT('',#18727);
#5087=VERTEX_POINT('',#18731);
#5088=VERTEX_POINT('',#18736);
#5089=VERTEX_POINT('',#18738);
#5090=VERTEX_POINT('',#18742);
#5091=VERTEX_POINT('',#18748);
#5092=VERTEX_POINT('',#18749);
#5093=VERTEX_POINT('',#18751);
#5094=VERTEX_POINT('',#18753);
#5095=VERTEX_POINT('',#18757);
#5096=VERTEX_POINT('',#18758);
#5097=VERTEX_POINT('',#18761);
#5098=VERTEX_POINT('',#18767);
#5099=VERTEX_POINT('',#18768);
#5100=VERTEX_POINT('',#18771);
#5101=VERTEX_POINT('',#18785);
#5102=VERTEX_POINT('',#18787);
#5103=VERTEX_POINT('',#18791);
#5104=VERTEX_POINT('',#18798);
#5105=VERTEX_POINT('',#18800);
#5106=VERTEX_POINT('',#18804);
#5107=EDGE_CURVE('',#4147,#4148,#2147,.T.);
#5108=EDGE_CURVE('',#4148,#4149,#2148,.T.);
#5109=EDGE_CURVE('',#4150,#4149,#2149,.T.);
#5110=EDGE_CURVE('',#4147,#4150,#2150,.T.);
#5111=EDGE_CURVE('',#4151,#4147,#2151,.T.);
#5112=EDGE_CURVE('',#4152,#4150,#2152,.T.);
#5113=EDGE_CURVE('',#4151,#4152,#2153,.T.);
#5114=EDGE_CURVE('',#4153,#4151,#2154,.T.);
#5115=EDGE_CURVE('',#4154,#4152,#2155,.T.);
#5116=EDGE_CURVE('',#4153,#4154,#2156,.T.);
#5117=EDGE_CURVE('',#4148,#4153,#2157,.T.);
#5118=EDGE_CURVE('',#4149,#4154,#2158,.T.);
#5119=EDGE_CURVE('',#4155,#4156,#2159,.T.);
#5120=EDGE_CURVE('',#4155,#4157,#2160,.T.);
#5121=EDGE_CURVE('',#4158,#4157,#2161,.T.);
#5122=EDGE_CURVE('',#4156,#4158,#2162,.T.);
#5123=EDGE_CURVE('',#4156,#4159,#2163,.T.);
#5124=EDGE_CURVE('',#4160,#4158,#2164,.T.);
#5125=EDGE_CURVE('',#4159,#4160,#2165,.T.);
#5126=EDGE_CURVE('',#4161,#4159,#2166,.T.);
#5127=EDGE_CURVE('',#4162,#4160,#2167,.T.);
#5128=EDGE_CURVE('',#4161,#4162,#2168,.T.);
#5129=EDGE_CURVE('',#4155,#4161,#2169,.T.);
#5130=EDGE_CURVE('',#4157,#4162,#2170,.T.);
#5131=EDGE_CURVE('',#4163,#4164,#2171,.T.);
#5132=EDGE_CURVE('',#4164,#4165,#2172,.T.);
#5133=EDGE_CURVE('',#4166,#4165,#2173,.T.);
#5134=EDGE_CURVE('',#4163,#4166,#2174,.T.);
#5135=EDGE_CURVE('',#4163,#4167,#2175,.T.);
#5136=EDGE_CURVE('',#4168,#4166,#2176,.T.);
#5137=EDGE_CURVE('',#4167,#4168,#2177,.T.);
#5138=EDGE_CURVE('',#4169,#4167,#2178,.T.);
#5139=EDGE_CURVE('',#4170,#4168,#2179,.T.);
#5140=EDGE_CURVE('',#4169,#4170,#2180,.T.);
#5141=EDGE_CURVE('',#4169,#4171,#2181,.T.);
#5142=EDGE_CURVE('',#4172,#4170,#2182,.T.);
#5143=EDGE_CURVE('',#4171,#4172,#2183,.T.);
#5144=EDGE_CURVE('',#4171,#4173,#2184,.T.);
#5145=EDGE_CURVE('',#4174,#4172,#2185,.T.);
#5146=EDGE_CURVE('',#4173,#4174,#2186,.T.);
#5147=EDGE_CURVE('',#4164,#4173,#2187,.T.);
#5148=EDGE_CURVE('',#4165,#4174,#2188,.T.);
#5149=EDGE_CURVE('',#4175,#4176,#2189,.T.);
#5150=EDGE_CURVE('',#4175,#4177,#2190,.T.);
#5151=EDGE_CURVE('',#4178,#4177,#2191,.T.);
#5152=EDGE_CURVE('',#4176,#4178,#2192,.T.);
#5153=EDGE_CURVE('',#4179,#4176,#2193,.T.);
#5154=EDGE_CURVE('',#4180,#4178,#2194,.T.);
#5155=EDGE_CURVE('',#4179,#4180,#2195,.T.);
#5156=EDGE_CURVE('',#4181,#4179,#2196,.T.);
#5157=EDGE_CURVE('',#4182,#4180,#2197,.T.);
#5158=EDGE_CURVE('',#4181,#4182,#2198,.T.);
#5159=EDGE_CURVE('',#4183,#4181,#2199,.T.);
#5160=EDGE_CURVE('',#4184,#4182,#2200,.T.);
#5161=EDGE_CURVE('',#4183,#4184,#2201,.T.);
#5162=EDGE_CURVE('',#4185,#4183,#2202,.T.);
#5163=EDGE_CURVE('',#4186,#4184,#2203,.T.);
#5164=EDGE_CURVE('',#4185,#4186,#2204,.T.);
#5165=EDGE_CURVE('',#4185,#4175,#2205,.T.);
#5166=EDGE_CURVE('',#4177,#4186,#2206,.T.);
#5167=EDGE_CURVE('',#4187,#4188,#2207,.T.);
#5168=EDGE_CURVE('',#4188,#4189,#2208,.T.);
#5169=EDGE_CURVE('',#4190,#4189,#2209,.T.);
#5170=EDGE_CURVE('',#4187,#4190,#2210,.T.);
#5171=EDGE_CURVE('',#4187,#4191,#2211,.T.);
#5172=EDGE_CURVE('',#4192,#4190,#2212,.T.);
#5173=EDGE_CURVE('',#4191,#4192,#2213,.T.);
#5174=EDGE_CURVE('',#4191,#4193,#2214,.T.);
#5175=EDGE_CURVE('',#4194,#4192,#2215,.T.);
#5176=EDGE_CURVE('',#4193,#4194,#2216,.T.);
#5177=EDGE_CURVE('',#4193,#4195,#2217,.T.);
#5178=EDGE_CURVE('',#4196,#4194,#2218,.T.);
#5179=EDGE_CURVE('',#4195,#4196,#2219,.T.);
#5180=EDGE_CURVE('',#4195,#4197,#2220,.T.);
#5181=EDGE_CURVE('',#4198,#4196,#2221,.T.);
#5182=EDGE_CURVE('',#4197,#4198,#2222,.T.);
#5183=EDGE_CURVE('',#4188,#4197,#2223,.T.);
#5184=EDGE_CURVE('',#4189,#4198,#2224,.T.);
#5185=EDGE_CURVE('',#4199,#4200,#2225,.T.);
#5186=EDGE_CURVE('',#4199,#4201,#2226,.T.);
#5187=EDGE_CURVE('',#4202,#4201,#2227,.T.);
#5188=EDGE_CURVE('',#4200,#4202,#2228,.T.);
#5189=EDGE_CURVE('',#4200,#4203,#2229,.T.);
#5190=EDGE_CURVE('',#4204,#4202,#2230,.T.);
#5191=EDGE_CURVE('',#4203,#4204,#2231,.T.);
#5192=EDGE_CURVE('',#4203,#4205,#2232,.T.);
#5193=EDGE_CURVE('',#4206,#4204,#2233,.T.);
#5194=EDGE_CURVE('',#4205,#4206,#2234,.T.);
#5195=EDGE_CURVE('',#4199,#4205,#2235,.T.);
#5196=EDGE_CURVE('',#4201,#4206,#2236,.T.);
#5197=EDGE_CURVE('',#4207,#4208,#2237,.T.);
#5198=EDGE_CURVE('',#4207,#4209,#2238,.T.);
#5199=EDGE_CURVE('',#4210,#4209,#2239,.T.);
#5200=EDGE_CURVE('',#4208,#4210,#2240,.T.);
#5201=EDGE_CURVE('',#4211,#4208,#2241,.T.);
#5202=EDGE_CURVE('',#4212,#4210,#2242,.T.);
#5203=EDGE_CURVE('',#4211,#4212,#2243,.T.);
#5204=EDGE_CURVE('',#4213,#4211,#2244,.T.);
#5205=EDGE_CURVE('',#4214,#4212,#2245,.T.);
#5206=EDGE_CURVE('',#4213,#4214,#2246,.T.);
#5207=EDGE_CURVE('',#4207,#4213,#2247,.T.);
#5208=EDGE_CURVE('',#4209,#4214,#2248,.T.);
#5209=EDGE_CURVE('',#4215,#4216,#2249,.T.);
#5210=EDGE_CURVE('',#4215,#4217,#2250,.T.);
#5211=EDGE_CURVE('',#4218,#4217,#2251,.T.);
#5212=EDGE_CURVE('',#4216,#4218,#2252,.T.);
#5213=EDGE_CURVE('',#4219,#4216,#2253,.T.);
#5214=EDGE_CURVE('',#4220,#4218,#2254,.T.);
#5215=EDGE_CURVE('',#4219,#4220,#2255,.T.);
#5216=EDGE_CURVE('',#4221,#4219,#2256,.T.);
#5217=EDGE_CURVE('',#4222,#4220,#2257,.T.);
#5218=EDGE_CURVE('',#4221,#4222,#2258,.T.);
#5219=EDGE_CURVE('',#4221,#4215,#2259,.T.);
#5220=EDGE_CURVE('',#4217,#4222,#2260,.T.);
#5221=EDGE_CURVE('',#4223,#4223,#412,.T.);
#5222=EDGE_CURVE('',#4223,#4224,#2261,.T.);
#5223=EDGE_CURVE('',#4224,#4224,#413,.T.);
#5224=EDGE_CURVE('',#4225,#4225,#414,.T.);
#5225=EDGE_CURVE('',#4225,#4226,#2262,.T.);
#5226=EDGE_CURVE('',#4226,#4226,#415,.T.);
#5227=EDGE_CURVE('',#4227,#4227,#416,.T.);
#5228=EDGE_CURVE('',#4227,#4228,#2263,.T.);
#5229=EDGE_CURVE('',#4228,#4228,#417,.T.);
#5230=EDGE_CURVE('',#4229,#4229,#418,.T.);
#5231=EDGE_CURVE('',#4229,#4230,#2264,.T.);
#5232=EDGE_CURVE('',#4230,#4230,#419,.T.);
#5233=EDGE_CURVE('',#4231,#4232,#420,.T.);
#5234=EDGE_CURVE('',#4232,#4233,#2265,.T.);
#5235=EDGE_CURVE('',#4233,#4234,#421,.T.);
#5236=EDGE_CURVE('',#4234,#4231,#2266,.T.);
#5237=EDGE_CURVE('',#4233,#4235,#2267,.T.);
#5238=EDGE_CURVE('',#4236,#4235,#422,.T.);
#5239=EDGE_CURVE('',#4236,#4237,#2268,.T.);
#5240=EDGE_CURVE('',#4238,#4237,#423,.T.);
#5241=EDGE_CURVE('',#4238,#4239,#2269,.T.);
#5242=EDGE_CURVE('',#4240,#4239,#424,.T.);
#5243=EDGE_CURVE('',#4240,#4234,#2270,.T.);
#5244=EDGE_CURVE('',#4241,#4241,#425,.T.);
#5245=EDGE_CURVE('',#4242,#4242,#426,.T.);
#5246=EDGE_CURVE('',#4243,#4243,#427,.T.);
#5247=EDGE_CURVE('',#4244,#4244,#428,.T.);
#5248=EDGE_CURVE('',#4245,#4232,#2271,.T.);
#5249=EDGE_CURVE('',#4235,#4245,#2272,.T.);
#5250=EDGE_CURVE('',#4245,#4246,#429,.T.);
#5251=EDGE_CURVE('',#4246,#4236,#2273,.T.);
#5252=EDGE_CURVE('',#4247,#4248,#430,.T.);
#5253=EDGE_CURVE('',#4248,#4240,#2274,.T.);
#5254=EDGE_CURVE('',#4239,#4247,#2275,.T.);
#5255=EDGE_CURVE('',#4249,#4238,#2276,.T.);
#5256=EDGE_CURVE('',#4247,#4249,#2277,.T.);
#5257=EDGE_CURVE('',#4250,#4249,#431,.T.);
#5258=EDGE_CURVE('',#4237,#4250,#2278,.T.);
#5259=EDGE_CURVE('',#4251,#4251,#432,.T.);
#5260=EDGE_CURVE('',#4251,#4244,#2279,.T.);
#5261=EDGE_CURVE('',#4252,#4252,#433,.T.);
#5262=EDGE_CURVE('',#4252,#4243,#2280,.T.);
#5263=EDGE_CURVE('',#4253,#4253,#434,.T.);
#5264=EDGE_CURVE('',#4253,#4242,#2281,.T.);
#5265=EDGE_CURVE('',#4254,#4254,#435,.T.);
#5266=EDGE_CURVE('',#4254,#4241,#2282,.T.);
#5267=EDGE_CURVE('',#4231,#4248,#2283,.T.);
#5268=EDGE_CURVE('',#4250,#4246,#2284,.T.);
#5269=EDGE_CURVE('',#4255,#4256,#2285,.T.);
#5270=EDGE_CURVE('',#4255,#4257,#2286,.T.);
#5271=EDGE_CURVE('',#4258,#4257,#2287,.T.);
#5272=EDGE_CURVE('',#4256,#4258,#2288,.T.);
#5273=EDGE_CURVE('',#4256,#4259,#2289,.T.);
#5274=EDGE_CURVE('',#4260,#4258,#2290,.T.);
#5275=EDGE_CURVE('',#4259,#4260,#2291,.T.);
#5276=EDGE_CURVE('',#4259,#4261,#2292,.T.);
#5277=EDGE_CURVE('',#4262,#4260,#2293,.T.);
#5278=EDGE_CURVE('',#4261,#4262,#2294,.T.);
#5279=EDGE_CURVE('',#4261,#4263,#2295,.T.);
#5280=EDGE_CURVE('',#4264,#4262,#2296,.T.);
#5281=EDGE_CURVE('',#4263,#4264,#2297,.T.);
#5282=EDGE_CURVE('',#4263,#4265,#2298,.T.);
#5283=EDGE_CURVE('',#4266,#4264,#2299,.T.);
#5284=EDGE_CURVE('',#4265,#4266,#2300,.T.);
#5285=EDGE_CURVE('',#4265,#4267,#2301,.T.);
#5286=EDGE_CURVE('',#4268,#4266,#2302,.T.);
#5287=EDGE_CURVE('',#4267,#4268,#2303,.T.);
#5288=EDGE_CURVE('',#4267,#4269,#2304,.T.);
#5289=EDGE_CURVE('',#4270,#4268,#2305,.T.);
#5290=EDGE_CURVE('',#4269,#4270,#2306,.T.);
#5291=EDGE_CURVE('',#4269,#4271,#2307,.T.);
#5292=EDGE_CURVE('',#4272,#4270,#2308,.T.);
#5293=EDGE_CURVE('',#4271,#4272,#2309,.T.);
#5294=EDGE_CURVE('',#4271,#4273,#2310,.T.);
#5295=EDGE_CURVE('',#4274,#4272,#2311,.T.);
#5296=EDGE_CURVE('',#4273,#4274,#2312,.T.);
#5297=EDGE_CURVE('',#4273,#4275,#2313,.T.);
#5298=EDGE_CURVE('',#4276,#4274,#2314,.T.);
#5299=EDGE_CURVE('',#4275,#4276,#2315,.T.);
#5300=EDGE_CURVE('',#4275,#4277,#2316,.T.);
#5301=EDGE_CURVE('',#4278,#4276,#2317,.T.);
#5302=EDGE_CURVE('',#4277,#4278,#2318,.T.);
#5303=EDGE_CURVE('',#4277,#4255,#2319,.T.);
#5304=EDGE_CURVE('',#4257,#4278,#2320,.T.);
#5305=EDGE_CURVE('',#4279,#4280,#2321,.T.);
#5306=EDGE_CURVE('',#4279,#4281,#2322,.T.);
#5307=EDGE_CURVE('',#4282,#4281,#2323,.T.);
#5308=EDGE_CURVE('',#4280,#4282,#2324,.T.);
#5309=EDGE_CURVE('',#4280,#4283,#2325,.T.);
#5310=EDGE_CURVE('',#4284,#4282,#2326,.T.);
#5311=EDGE_CURVE('',#4283,#4284,#2327,.T.);
#5312=EDGE_CURVE('',#4283,#4285,#27,.T.);
#5313=EDGE_CURVE('',#4286,#4284,#28,.T.);
#5314=EDGE_CURVE('',#4285,#4286,#2328,.T.);
#5315=EDGE_CURVE('',#4285,#4287,#29,.T.);
#5316=EDGE_CURVE('',#4288,#4286,#30,.T.);
#5317=EDGE_CURVE('',#4287,#4288,#2329,.T.);
#5318=EDGE_CURVE('',#4287,#4289,#31,.T.);
#5319=EDGE_CURVE('',#4290,#4288,#32,.T.);
#5320=EDGE_CURVE('',#4289,#4290,#2330,.T.);
#5321=EDGE_CURVE('',#4289,#4291,#33,.T.);
#5322=EDGE_CURVE('',#4292,#4290,#34,.T.);
#5323=EDGE_CURVE('',#4291,#4292,#2331,.T.);
#5324=EDGE_CURVE('',#4291,#4293,#35,.T.);
#5325=EDGE_CURVE('',#4294,#4292,#36,.T.);
#5326=EDGE_CURVE('',#4293,#4294,#2332,.T.);
#5327=EDGE_CURVE('',#4293,#4279,#2333,.T.);
#5328=EDGE_CURVE('',#4281,#4294,#2334,.T.);
#5329=EDGE_CURVE('',#4295,#4296,#2335,.T.);
#5330=EDGE_CURVE('',#4295,#4297,#2336,.T.);
#5331=EDGE_CURVE('',#4298,#4297,#2337,.T.);
#5332=EDGE_CURVE('',#4296,#4298,#2338,.T.);
#5333=EDGE_CURVE('',#4296,#4299,#37,.T.);
#5334=EDGE_CURVE('',#4300,#4298,#38,.T.);
#5335=EDGE_CURVE('',#4299,#4300,#2339,.T.);
#5336=EDGE_CURVE('',#4299,#4301,#39,.T.);
#5337=EDGE_CURVE('',#4302,#4300,#40,.T.);
#5338=EDGE_CURVE('',#4301,#4302,#2340,.T.);
#5339=EDGE_CURVE('',#4301,#4303,#41,.T.);
#5340=EDGE_CURVE('',#4304,#4302,#42,.T.);
#5341=EDGE_CURVE('',#4303,#4304,#2341,.T.);
#5342=EDGE_CURVE('',#4303,#4305,#43,.T.);
#5343=EDGE_CURVE('',#4306,#4304,#44,.T.);
#5344=EDGE_CURVE('',#4305,#4306,#2342,.T.);
#5345=EDGE_CURVE('',#4305,#4307,#45,.T.);
#5346=EDGE_CURVE('',#4308,#4306,#46,.T.);
#5347=EDGE_CURVE('',#4307,#4308,#2343,.T.);
#5348=EDGE_CURVE('',#4307,#4309,#47,.T.);
#5349=EDGE_CURVE('',#4310,#4308,#48,.T.);
#5350=EDGE_CURVE('',#4309,#4310,#2344,.T.);
#5351=EDGE_CURVE('',#4309,#4311,#49,.T.);
#5352=EDGE_CURVE('',#4312,#4310,#50,.T.);
#5353=EDGE_CURVE('',#4311,#4312,#2345,.T.);
#5354=EDGE_CURVE('',#4311,#4313,#51,.T.);
#5355=EDGE_CURVE('',#4314,#4312,#52,.T.);
#5356=EDGE_CURVE('',#4313,#4314,#2346,.T.);
#5357=EDGE_CURVE('',#4313,#4315,#2347,.T.);
#5358=EDGE_CURVE('',#4316,#4314,#2348,.T.);
#5359=EDGE_CURVE('',#4315,#4316,#2349,.T.);
#5360=EDGE_CURVE('',#4315,#4295,#2350,.T.);
#5361=EDGE_CURVE('',#4297,#4316,#2351,.T.);
#5362=EDGE_CURVE('',#4317,#4318,#2352,.T.);
#5363=EDGE_CURVE('',#4317,#4319,#2353,.T.);
#5364=EDGE_CURVE('',#4320,#4319,#2354,.T.);
#5365=EDGE_CURVE('',#4318,#4320,#2355,.T.);
#5366=EDGE_CURVE('',#4318,#4321,#2356,.T.);
#5367=EDGE_CURVE('',#4322,#4320,#2357,.T.);
#5368=EDGE_CURVE('',#4321,#4322,#2358,.T.);
#5369=EDGE_CURVE('',#4321,#4323,#2359,.T.);
#5370=EDGE_CURVE('',#4324,#4322,#2360,.T.);
#5371=EDGE_CURVE('',#4323,#4324,#2361,.T.);
#5372=EDGE_CURVE('',#4323,#4317,#2362,.T.);
#5373=EDGE_CURVE('',#4319,#4324,#2363,.T.);
#5374=EDGE_CURVE('',#4325,#4326,#2364,.T.);
#5375=EDGE_CURVE('',#4325,#4327,#2365,.T.);
#5376=EDGE_CURVE('',#4328,#4327,#2366,.T.);
#5377=EDGE_CURVE('',#4326,#4328,#2367,.T.);
#5378=EDGE_CURVE('',#4326,#4329,#53,.T.);
#5379=EDGE_CURVE('',#4330,#4328,#54,.T.);
#5380=EDGE_CURVE('',#4329,#4330,#2368,.T.);
#5381=EDGE_CURVE('',#4329,#4331,#55,.T.);
#5382=EDGE_CURVE('',#4332,#4330,#56,.T.);
#5383=EDGE_CURVE('',#4331,#4332,#2369,.T.);
#5384=EDGE_CURVE('',#4331,#4333,#57,.T.);
#5385=EDGE_CURVE('',#4334,#4332,#58,.T.);
#5386=EDGE_CURVE('',#4333,#4334,#2370,.T.);
#5387=EDGE_CURVE('',#4333,#4335,#59,.T.);
#5388=EDGE_CURVE('',#4336,#4334,#60,.T.);
#5389=EDGE_CURVE('',#4335,#4336,#2371,.T.);
#5390=EDGE_CURVE('',#4335,#4337,#61,.T.);
#5391=EDGE_CURVE('',#4338,#4336,#62,.T.);
#5392=EDGE_CURVE('',#4337,#4338,#2372,.T.);
#5393=EDGE_CURVE('',#4337,#4339,#63,.T.);
#5394=EDGE_CURVE('',#4340,#4338,#64,.T.);
#5395=EDGE_CURVE('',#4339,#4340,#2373,.T.);
#5396=EDGE_CURVE('',#4339,#4341,#65,.T.);
#5397=EDGE_CURVE('',#4342,#4340,#66,.T.);
#5398=EDGE_CURVE('',#4341,#4342,#2374,.T.);
#5399=EDGE_CURVE('',#4341,#4343,#67,.T.);
#5400=EDGE_CURVE('',#4344,#4342,#68,.T.);
#5401=EDGE_CURVE('',#4343,#4344,#2375,.T.);
#5402=EDGE_CURVE('',#4343,#4345,#69,.T.);
#5403=EDGE_CURVE('',#4346,#4344,#70,.T.);
#5404=EDGE_CURVE('',#4345,#4346,#2376,.T.);
#5405=EDGE_CURVE('',#4345,#4347,#71,.T.);
#5406=EDGE_CURVE('',#4348,#4346,#72,.T.);
#5407=EDGE_CURVE('',#4347,#4348,#2377,.T.);
#5408=EDGE_CURVE('',#4347,#4349,#2378,.T.);
#5409=EDGE_CURVE('',#4350,#4348,#2379,.T.);
#5410=EDGE_CURVE('',#4349,#4350,#2380,.T.);
#5411=EDGE_CURVE('',#4349,#4351,#73,.T.);
#5412=EDGE_CURVE('',#4352,#4350,#74,.T.);
#5413=EDGE_CURVE('',#4351,#4352,#2381,.T.);
#5414=EDGE_CURVE('',#4351,#4353,#75,.T.);
#5415=EDGE_CURVE('',#4354,#4352,#76,.T.);
#5416=EDGE_CURVE('',#4353,#4354,#2382,.T.);
#5417=EDGE_CURVE('',#4353,#4355,#77,.T.);
#5418=EDGE_CURVE('',#4356,#4354,#78,.T.);
#5419=EDGE_CURVE('',#4355,#4356,#2383,.T.);
#5420=EDGE_CURVE('',#4355,#4357,#79,.T.);
#5421=EDGE_CURVE('',#4358,#4356,#80,.T.);
#5422=EDGE_CURVE('',#4357,#4358,#2384,.T.);
#5423=EDGE_CURVE('',#4357,#4359,#81,.T.);
#5424=EDGE_CURVE('',#4360,#4358,#82,.T.);
#5425=EDGE_CURVE('',#4359,#4360,#2385,.T.);
#5426=EDGE_CURVE('',#4359,#4361,#83,.T.);
#5427=EDGE_CURVE('',#4362,#4360,#84,.T.);
#5428=EDGE_CURVE('',#4361,#4362,#2386,.T.);
#5429=EDGE_CURVE('',#4361,#4363,#85,.T.);
#5430=EDGE_CURVE('',#4364,#4362,#86,.T.);
#5431=EDGE_CURVE('',#4363,#4364,#2387,.T.);
#5432=EDGE_CURVE('',#4363,#4365,#87,.T.);
#5433=EDGE_CURVE('',#4366,#4364,#88,.T.);
#5434=EDGE_CURVE('',#4365,#4366,#2388,.T.);
#5435=EDGE_CURVE('',#4365,#4325,#89,.T.);
#5436=EDGE_CURVE('',#4327,#4366,#90,.T.);
#5437=EDGE_CURVE('',#4367,#4368,#2389,.T.);
#5438=EDGE_CURVE('',#4367,#4369,#2390,.T.);
#5439=EDGE_CURVE('',#4370,#4369,#2391,.T.);
#5440=EDGE_CURVE('',#4368,#4370,#2392,.T.);
#5441=EDGE_CURVE('',#4368,#4371,#2393,.T.);
#5442=EDGE_CURVE('',#4372,#4370,#2394,.T.);
#5443=EDGE_CURVE('',#4371,#4372,#2395,.T.);
#5444=EDGE_CURVE('',#4371,#4373,#2396,.T.);
#5445=EDGE_CURVE('',#4374,#4372,#2397,.T.);
#5446=EDGE_CURVE('',#4373,#4374,#2398,.T.);
#5447=EDGE_CURVE('',#4373,#4375,#91,.T.);
#5448=EDGE_CURVE('',#4376,#4374,#92,.T.);
#5449=EDGE_CURVE('',#4375,#4376,#2399,.T.);
#5450=EDGE_CURVE('',#4375,#4377,#93,.T.);
#5451=EDGE_CURVE('',#4378,#4376,#94,.T.);
#5452=EDGE_CURVE('',#4377,#4378,#2400,.T.);
#5453=EDGE_CURVE('',#4377,#4379,#95,.T.);
#5454=EDGE_CURVE('',#4380,#4378,#96,.T.);
#5455=EDGE_CURVE('',#4379,#4380,#2401,.T.);
#5456=EDGE_CURVE('',#4379,#4381,#97,.T.);
#5457=EDGE_CURVE('',#4382,#4380,#98,.T.);
#5458=EDGE_CURVE('',#4381,#4382,#2402,.T.);
#5459=EDGE_CURVE('',#4381,#4383,#99,.T.);
#5460=EDGE_CURVE('',#4384,#4382,#100,.T.);
#5461=EDGE_CURVE('',#4383,#4384,#2403,.T.);
#5462=EDGE_CURVE('',#4383,#4385,#101,.T.);
#5463=EDGE_CURVE('',#4386,#4384,#102,.T.);
#5464=EDGE_CURVE('',#4385,#4386,#2404,.T.);
#5465=EDGE_CURVE('',#4385,#4387,#103,.T.);
#5466=EDGE_CURVE('',#4388,#4386,#104,.T.);
#5467=EDGE_CURVE('',#4387,#4388,#2405,.T.);
#5468=EDGE_CURVE('',#4387,#4389,#105,.T.);
#5469=EDGE_CURVE('',#4390,#4388,#106,.T.);
#5470=EDGE_CURVE('',#4389,#4390,#2406,.T.);
#5471=EDGE_CURVE('',#4389,#4391,#107,.T.);
#5472=EDGE_CURVE('',#4392,#4390,#108,.T.);
#5473=EDGE_CURVE('',#4391,#4392,#2407,.T.);
#5474=EDGE_CURVE('',#4391,#4393,#109,.T.);
#5475=EDGE_CURVE('',#4394,#4392,#110,.T.);
#5476=EDGE_CURVE('',#4393,#4394,#2408,.T.);
#5477=EDGE_CURVE('',#4393,#4395,#111,.T.);
#5478=EDGE_CURVE('',#4396,#4394,#112,.T.);
#5479=EDGE_CURVE('',#4395,#4396,#2409,.T.);
#5480=EDGE_CURVE('',#4395,#4397,#2410,.T.);
#5481=EDGE_CURVE('',#4398,#4396,#2411,.T.);
#5482=EDGE_CURVE('',#4397,#4398,#2412,.T.);
#5483=EDGE_CURVE('',#4397,#4399,#113,.T.);
#5484=EDGE_CURVE('',#4400,#4398,#114,.T.);
#5485=EDGE_CURVE('',#4399,#4400,#2413,.T.);
#5486=EDGE_CURVE('',#4399,#4401,#115,.T.);
#5487=EDGE_CURVE('',#4402,#4400,#116,.T.);
#5488=EDGE_CURVE('',#4401,#4402,#2414,.T.);
#5489=EDGE_CURVE('',#4401,#4403,#117,.T.);
#5490=EDGE_CURVE('',#4404,#4402,#118,.T.);
#5491=EDGE_CURVE('',#4403,#4404,#2415,.T.);
#5492=EDGE_CURVE('',#4403,#4405,#119,.T.);
#5493=EDGE_CURVE('',#4406,#4404,#120,.T.);
#5494=EDGE_CURVE('',#4405,#4406,#2416,.T.);
#5495=EDGE_CURVE('',#4405,#4407,#121,.T.);
#5496=EDGE_CURVE('',#4408,#4406,#122,.T.);
#5497=EDGE_CURVE('',#4407,#4408,#2417,.T.);
#5498=EDGE_CURVE('',#4407,#4409,#123,.T.);
#5499=EDGE_CURVE('',#4410,#4408,#124,.T.);
#5500=EDGE_CURVE('',#4409,#4410,#2418,.T.);
#5501=EDGE_CURVE('',#4409,#4411,#125,.T.);
#5502=EDGE_CURVE('',#4412,#4410,#126,.T.);
#5503=EDGE_CURVE('',#4411,#4412,#2419,.T.);
#5504=EDGE_CURVE('',#4411,#4413,#127,.T.);
#5505=EDGE_CURVE('',#4414,#4412,#128,.T.);
#5506=EDGE_CURVE('',#4413,#4414,#2420,.T.);
#5507=EDGE_CURVE('',#4413,#4415,#2421,.T.);
#5508=EDGE_CURVE('',#4416,#4414,#2422,.T.);
#5509=EDGE_CURVE('',#4415,#4416,#2423,.T.);
#5510=EDGE_CURVE('',#4415,#4367,#2424,.T.);
#5511=EDGE_CURVE('',#4369,#4416,#2425,.T.);
#5512=EDGE_CURVE('',#4417,#4418,#2426,.T.);
#5513=EDGE_CURVE('',#4417,#4419,#2427,.T.);
#5514=EDGE_CURVE('',#4420,#4419,#2428,.T.);
#5515=EDGE_CURVE('',#4418,#4420,#2429,.T.);
#5516=EDGE_CURVE('',#4418,#4421,#2430,.T.);
#5517=EDGE_CURVE('',#4422,#4420,#2431,.T.);
#5518=EDGE_CURVE('',#4421,#4422,#2432,.T.);
#5519=EDGE_CURVE('',#4421,#4423,#2433,.T.);
#5520=EDGE_CURVE('',#4424,#4422,#2434,.T.);
#5521=EDGE_CURVE('',#4423,#4424,#2435,.T.);
#5522=EDGE_CURVE('',#4423,#4425,#2436,.T.);
#5523=EDGE_CURVE('',#4426,#4424,#2437,.T.);
#5524=EDGE_CURVE('',#4425,#4426,#2438,.T.);
#5525=EDGE_CURVE('',#4425,#4427,#2439,.T.);
#5526=EDGE_CURVE('',#4428,#4426,#2440,.T.);
#5527=EDGE_CURVE('',#4427,#4428,#2441,.T.);
#5528=EDGE_CURVE('',#4427,#4429,#2442,.T.);
#5529=EDGE_CURVE('',#4430,#4428,#2443,.T.);
#5530=EDGE_CURVE('',#4429,#4430,#2444,.T.);
#5531=EDGE_CURVE('',#4429,#4431,#2445,.T.);
#5532=EDGE_CURVE('',#4432,#4430,#2446,.T.);
#5533=EDGE_CURVE('',#4431,#4432,#2447,.T.);
#5534=EDGE_CURVE('',#4431,#4433,#2448,.T.);
#5535=EDGE_CURVE('',#4434,#4432,#2449,.T.);
#5536=EDGE_CURVE('',#4433,#4434,#2450,.T.);
#5537=EDGE_CURVE('',#4433,#4435,#2451,.T.);
#5538=EDGE_CURVE('',#4436,#4434,#2452,.T.);
#5539=EDGE_CURVE('',#4435,#4436,#2453,.T.);
#5540=EDGE_CURVE('',#4435,#4417,#2454,.T.);
#5541=EDGE_CURVE('',#4419,#4436,#2455,.T.);
#5542=EDGE_CURVE('',#4437,#4438,#2456,.T.);
#5543=EDGE_CURVE('',#4437,#4439,#2457,.T.);
#5544=EDGE_CURVE('',#4440,#4439,#2458,.T.);
#5545=EDGE_CURVE('',#4438,#4440,#2459,.T.);
#5546=EDGE_CURVE('',#4438,#4441,#2460,.T.);
#5547=EDGE_CURVE('',#4442,#4440,#2461,.T.);
#5548=EDGE_CURVE('',#4441,#4442,#2462,.T.);
#5549=EDGE_CURVE('',#4441,#4443,#129,.T.);
#5550=EDGE_CURVE('',#4444,#4442,#130,.T.);
#5551=EDGE_CURVE('',#4443,#4444,#2463,.T.);
#5552=EDGE_CURVE('',#4443,#4445,#131,.T.);
#5553=EDGE_CURVE('',#4446,#4444,#132,.T.);
#5554=EDGE_CURVE('',#4445,#4446,#2464,.T.);
#5555=EDGE_CURVE('',#4445,#4447,#133,.T.);
#5556=EDGE_CURVE('',#4448,#4446,#134,.T.);
#5557=EDGE_CURVE('',#4447,#4448,#2465,.T.);
#5558=EDGE_CURVE('',#4447,#4449,#135,.T.);
#5559=EDGE_CURVE('',#4450,#4448,#136,.T.);
#5560=EDGE_CURVE('',#4449,#4450,#2466,.T.);
#5561=EDGE_CURVE('',#4449,#4451,#137,.T.);
#5562=EDGE_CURVE('',#4452,#4450,#138,.T.);
#5563=EDGE_CURVE('',#4451,#4452,#2467,.T.);
#5564=EDGE_CURVE('',#4451,#4437,#2468,.T.);
#5565=EDGE_CURVE('',#4439,#4452,#2469,.T.);
#5566=EDGE_CURVE('',#4453,#4454,#2470,.T.);
#5567=EDGE_CURVE('',#4453,#4455,#2471,.T.);
#5568=EDGE_CURVE('',#4456,#4455,#2472,.T.);
#5569=EDGE_CURVE('',#4454,#4456,#2473,.T.);
#5570=EDGE_CURVE('',#4454,#4457,#139,.T.);
#5571=EDGE_CURVE('',#4458,#4456,#140,.T.);
#5572=EDGE_CURVE('',#4457,#4458,#2474,.T.);
#5573=EDGE_CURVE('',#4457,#4459,#141,.T.);
#5574=EDGE_CURVE('',#4460,#4458,#142,.T.);
#5575=EDGE_CURVE('',#4459,#4460,#2475,.T.);
#5576=EDGE_CURVE('',#4459,#4461,#143,.T.);
#5577=EDGE_CURVE('',#4462,#4460,#144,.T.);
#5578=EDGE_CURVE('',#4461,#4462,#2476,.T.);
#5579=EDGE_CURVE('',#4461,#4463,#145,.T.);
#5580=EDGE_CURVE('',#4464,#4462,#146,.T.);
#5581=EDGE_CURVE('',#4463,#4464,#2477,.T.);
#5582=EDGE_CURVE('',#4463,#4465,#147,.T.);
#5583=EDGE_CURVE('',#4466,#4464,#148,.T.);
#5584=EDGE_CURVE('',#4465,#4466,#2478,.T.);
#5585=EDGE_CURVE('',#4465,#4467,#149,.T.);
#5586=EDGE_CURVE('',#4468,#4466,#150,.T.);
#5587=EDGE_CURVE('',#4467,#4468,#2479,.T.);
#5588=EDGE_CURVE('',#4467,#4469,#151,.T.);
#5589=EDGE_CURVE('',#4470,#4468,#152,.T.);
#5590=EDGE_CURVE('',#4469,#4470,#2480,.T.);
#5591=EDGE_CURVE('',#4469,#4471,#153,.T.);
#5592=EDGE_CURVE('',#4472,#4470,#154,.T.);
#5593=EDGE_CURVE('',#4471,#4472,#2481,.T.);
#5594=EDGE_CURVE('',#4471,#4473,#2482,.T.);
#5595=EDGE_CURVE('',#4474,#4472,#2483,.T.);
#5596=EDGE_CURVE('',#4473,#4474,#2484,.T.);
#5597=EDGE_CURVE('',#4473,#4453,#2485,.T.);
#5598=EDGE_CURVE('',#4455,#4474,#2486,.T.);
#5599=EDGE_CURVE('',#4475,#4476,#2487,.T.);
#5600=EDGE_CURVE('',#4475,#4477,#2488,.T.);
#5601=EDGE_CURVE('',#4478,#4477,#2489,.T.);
#5602=EDGE_CURVE('',#4476,#4478,#2490,.T.);
#5603=EDGE_CURVE('',#4476,#4479,#155,.T.);
#5604=EDGE_CURVE('',#4480,#4478,#156,.T.);
#5605=EDGE_CURVE('',#4479,#4480,#2491,.T.);
#5606=EDGE_CURVE('',#4479,#4481,#157,.T.);
#5607=EDGE_CURVE('',#4482,#4480,#158,.T.);
#5608=EDGE_CURVE('',#4481,#4482,#2492,.T.);
#5609=EDGE_CURVE('',#4481,#4483,#159,.T.);
#5610=EDGE_CURVE('',#4484,#4482,#160,.T.);
#5611=EDGE_CURVE('',#4483,#4484,#2493,.T.);
#5612=EDGE_CURVE('',#4483,#4485,#161,.T.);
#5613=EDGE_CURVE('',#4486,#4484,#162,.T.);
#5614=EDGE_CURVE('',#4485,#4486,#2494,.T.);
#5615=EDGE_CURVE('',#4485,#4487,#163,.T.);
#5616=EDGE_CURVE('',#4488,#4486,#164,.T.);
#5617=EDGE_CURVE('',#4487,#4488,#2495,.T.);
#5618=EDGE_CURVE('',#4487,#4489,#165,.T.);
#5619=EDGE_CURVE('',#4490,#4488,#166,.T.);
#5620=EDGE_CURVE('',#4489,#4490,#2496,.T.);
#5621=EDGE_CURVE('',#4489,#4491,#167,.T.);
#5622=EDGE_CURVE('',#4492,#4490,#168,.T.);
#5623=EDGE_CURVE('',#4491,#4492,#2497,.T.);
#5624=EDGE_CURVE('',#4491,#4493,#169,.T.);
#5625=EDGE_CURVE('',#4494,#4492,#170,.T.);
#5626=EDGE_CURVE('',#4493,#4494,#2498,.T.);
#5627=EDGE_CURVE('',#4493,#4495,#171,.T.);
#5628=EDGE_CURVE('',#4496,#4494,#172,.T.);
#5629=EDGE_CURVE('',#4495,#4496,#2499,.T.);
#5630=EDGE_CURVE('',#4495,#4497,#173,.T.);
#5631=EDGE_CURVE('',#4498,#4496,#174,.T.);
#5632=EDGE_CURVE('',#4497,#4498,#2500,.T.);
#5633=EDGE_CURVE('',#4497,#4499,#2501,.T.);
#5634=EDGE_CURVE('',#4500,#4498,#2502,.T.);
#5635=EDGE_CURVE('',#4499,#4500,#2503,.T.);
#5636=EDGE_CURVE('',#4499,#4501,#175,.T.);
#5637=EDGE_CURVE('',#4502,#4500,#176,.T.);
#5638=EDGE_CURVE('',#4501,#4502,#2504,.T.);
#5639=EDGE_CURVE('',#4501,#4503,#177,.T.);
#5640=EDGE_CURVE('',#4504,#4502,#178,.T.);
#5641=EDGE_CURVE('',#4503,#4504,#2505,.T.);
#5642=EDGE_CURVE('',#4503,#4505,#179,.T.);
#5643=EDGE_CURVE('',#4506,#4504,#180,.T.);
#5644=EDGE_CURVE('',#4505,#4506,#2506,.T.);
#5645=EDGE_CURVE('',#4505,#4507,#181,.T.);
#5646=EDGE_CURVE('',#4508,#4506,#182,.T.);
#5647=EDGE_CURVE('',#4507,#4508,#2507,.T.);
#5648=EDGE_CURVE('',#4507,#4509,#183,.T.);
#5649=EDGE_CURVE('',#4510,#4508,#184,.T.);
#5650=EDGE_CURVE('',#4509,#4510,#2508,.T.);
#5651=EDGE_CURVE('',#4509,#4511,#185,.T.);
#5652=EDGE_CURVE('',#4512,#4510,#186,.T.);
#5653=EDGE_CURVE('',#4511,#4512,#2509,.T.);
#5654=EDGE_CURVE('',#4511,#4513,#187,.T.);
#5655=EDGE_CURVE('',#4514,#4512,#188,.T.);
#5656=EDGE_CURVE('',#4513,#4514,#2510,.T.);
#5657=EDGE_CURVE('',#4513,#4515,#189,.T.);
#5658=EDGE_CURVE('',#4516,#4514,#190,.T.);
#5659=EDGE_CURVE('',#4515,#4516,#2511,.T.);
#5660=EDGE_CURVE('',#4515,#4475,#191,.T.);
#5661=EDGE_CURVE('',#4477,#4516,#192,.T.);
#5662=EDGE_CURVE('',#4517,#4518,#2512,.T.);
#5663=EDGE_CURVE('',#4517,#4519,#2513,.T.);
#5664=EDGE_CURVE('',#4520,#4519,#2514,.T.);
#5665=EDGE_CURVE('',#4518,#4520,#2515,.T.);
#5666=EDGE_CURVE('',#4518,#4521,#2516,.T.);
#5667=EDGE_CURVE('',#4522,#4520,#2517,.T.);
#5668=EDGE_CURVE('',#4521,#4522,#2518,.T.);
#5669=EDGE_CURVE('',#4521,#4523,#2519,.T.);
#5670=EDGE_CURVE('',#4524,#4522,#2520,.T.);
#5671=EDGE_CURVE('',#4523,#4524,#2521,.T.);
#5672=EDGE_CURVE('',#4523,#4525,#2522,.T.);
#5673=EDGE_CURVE('',#4526,#4524,#2523,.T.);
#5674=EDGE_CURVE('',#4525,#4526,#2524,.T.);
#5675=EDGE_CURVE('',#4525,#4527,#2525,.T.);
#5676=EDGE_CURVE('',#4528,#4526,#2526,.T.);
#5677=EDGE_CURVE('',#4527,#4528,#2527,.T.);
#5678=EDGE_CURVE('',#4527,#4529,#2528,.T.);
#5679=EDGE_CURVE('',#4530,#4528,#2529,.T.);
#5680=EDGE_CURVE('',#4529,#4530,#2530,.T.);
#5681=EDGE_CURVE('',#4529,#4517,#2531,.T.);
#5682=EDGE_CURVE('',#4519,#4530,#2532,.T.);
#5683=EDGE_CURVE('',#4531,#4532,#193,.T.);
#5684=EDGE_CURVE('',#4531,#4533,#2533,.T.);
#5685=EDGE_CURVE('',#4534,#4533,#194,.T.);
#5686=EDGE_CURVE('',#4532,#4534,#2534,.T.);
#5687=EDGE_CURVE('',#4532,#4535,#195,.T.);
#5688=EDGE_CURVE('',#4536,#4534,#196,.T.);
#5689=EDGE_CURVE('',#4535,#4536,#2535,.T.);
#5690=EDGE_CURVE('',#4535,#4537,#197,.T.);
#5691=EDGE_CURVE('',#4538,#4536,#198,.T.);
#5692=EDGE_CURVE('',#4537,#4538,#2536,.T.);
#5693=EDGE_CURVE('',#4537,#4539,#199,.T.);
#5694=EDGE_CURVE('',#4540,#4538,#200,.T.);
#5695=EDGE_CURVE('',#4539,#4540,#2537,.T.);
#5696=EDGE_CURVE('',#4539,#4541,#201,.T.);
#5697=EDGE_CURVE('',#4542,#4540,#202,.T.);
#5698=EDGE_CURVE('',#4541,#4542,#2538,.T.);
#5699=EDGE_CURVE('',#4541,#4543,#203,.T.);
#5700=EDGE_CURVE('',#4544,#4542,#204,.T.);
#5701=EDGE_CURVE('',#4543,#4544,#2539,.T.);
#5702=EDGE_CURVE('',#4543,#4545,#205,.T.);
#5703=EDGE_CURVE('',#4546,#4544,#206,.T.);
#5704=EDGE_CURVE('',#4545,#4546,#2540,.T.);
#5705=EDGE_CURVE('',#4545,#4531,#207,.T.);
#5706=EDGE_CURVE('',#4533,#4546,#208,.T.);
#5707=EDGE_CURVE('',#4547,#4548,#209,.T.);
#5708=EDGE_CURVE('',#4547,#4549,#2541,.T.);
#5709=EDGE_CURVE('',#4550,#4549,#210,.T.);
#5710=EDGE_CURVE('',#4548,#4550,#2542,.T.);
#5711=EDGE_CURVE('',#4548,#4551,#211,.T.);
#5712=EDGE_CURVE('',#4552,#4550,#212,.T.);
#5713=EDGE_CURVE('',#4551,#4552,#2543,.T.);
#5714=EDGE_CURVE('',#4551,#4553,#213,.T.);
#5715=EDGE_CURVE('',#4554,#4552,#214,.T.);
#5716=EDGE_CURVE('',#4553,#4554,#2544,.T.);
#5717=EDGE_CURVE('',#4553,#4555,#215,.T.);
#5718=EDGE_CURVE('',#4556,#4554,#216,.T.);
#5719=EDGE_CURVE('',#4555,#4556,#2545,.T.);
#5720=EDGE_CURVE('',#4555,#4557,#217,.T.);
#5721=EDGE_CURVE('',#4558,#4556,#218,.T.);
#5722=EDGE_CURVE('',#4557,#4558,#2546,.T.);
#5723=EDGE_CURVE('',#4557,#4559,#219,.T.);
#5724=EDGE_CURVE('',#4560,#4558,#220,.T.);
#5725=EDGE_CURVE('',#4559,#4560,#2547,.T.);
#5726=EDGE_CURVE('',#4559,#4561,#221,.T.);
#5727=EDGE_CURVE('',#4562,#4560,#222,.T.);
#5728=EDGE_CURVE('',#4561,#4562,#2548,.T.);
#5729=EDGE_CURVE('',#4561,#4563,#223,.T.);
#5730=EDGE_CURVE('',#4564,#4562,#224,.T.);
#5731=EDGE_CURVE('',#4563,#4564,#2549,.T.);
#5732=EDGE_CURVE('',#4563,#4565,#225,.T.);
#5733=EDGE_CURVE('',#4566,#4564,#226,.T.);
#5734=EDGE_CURVE('',#4565,#4566,#2550,.T.);
#5735=EDGE_CURVE('',#4565,#4547,#227,.T.);
#5736=EDGE_CURVE('',#4549,#4566,#228,.T.);
#5737=EDGE_CURVE('',#4567,#4568,#2551,.T.);
#5738=EDGE_CURVE('',#4567,#4569,#2552,.T.);
#5739=EDGE_CURVE('',#4570,#4569,#2553,.T.);
#5740=EDGE_CURVE('',#4568,#4570,#2554,.T.);
#5741=EDGE_CURVE('',#4568,#4571,#2555,.T.);
#5742=EDGE_CURVE('',#4572,#4570,#2556,.T.);
#5743=EDGE_CURVE('',#4571,#4572,#2557,.T.);
#5744=EDGE_CURVE('',#4571,#4573,#2558,.T.);
#5745=EDGE_CURVE('',#4574,#4572,#2559,.T.);
#5746=EDGE_CURVE('',#4573,#4574,#2560,.T.);
#5747=EDGE_CURVE('',#4573,#4575,#2561,.T.);
#5748=EDGE_CURVE('',#4576,#4574,#2562,.T.);
#5749=EDGE_CURVE('',#4575,#4576,#2563,.T.);
#5750=EDGE_CURVE('',#4575,#4577,#2564,.T.);
#5751=EDGE_CURVE('',#4578,#4576,#2565,.T.);
#5752=EDGE_CURVE('',#4577,#4578,#2566,.T.);
#5753=EDGE_CURVE('',#4577,#4567,#2567,.T.);
#5754=EDGE_CURVE('',#4569,#4578,#2568,.T.);
#5755=EDGE_CURVE('',#4579,#4580,#2569,.T.);
#5756=EDGE_CURVE('',#4579,#4581,#2570,.T.);
#5757=EDGE_CURVE('',#4582,#4581,#2571,.T.);
#5758=EDGE_CURVE('',#4580,#4582,#2572,.T.);
#5759=EDGE_CURVE('',#4580,#4583,#229,.T.);
#5760=EDGE_CURVE('',#4584,#4582,#230,.T.);
#5761=EDGE_CURVE('',#4583,#4584,#2573,.T.);
#5762=EDGE_CURVE('',#4583,#4585,#231,.T.);
#5763=EDGE_CURVE('',#4586,#4584,#232,.T.);
#5764=EDGE_CURVE('',#4585,#4586,#2574,.T.);
#5765=EDGE_CURVE('',#4585,#4587,#233,.T.);
#5766=EDGE_CURVE('',#4588,#4586,#234,.T.);
#5767=EDGE_CURVE('',#4587,#4588,#2575,.T.);
#5768=EDGE_CURVE('',#4587,#4589,#235,.T.);
#5769=EDGE_CURVE('',#4590,#4588,#236,.T.);
#5770=EDGE_CURVE('',#4589,#4590,#2576,.T.);
#5771=EDGE_CURVE('',#4589,#4591,#237,.T.);
#5772=EDGE_CURVE('',#4592,#4590,#238,.T.);
#5773=EDGE_CURVE('',#4591,#4592,#2577,.T.);
#5774=EDGE_CURVE('',#4591,#4593,#239,.T.);
#5775=EDGE_CURVE('',#4594,#4592,#240,.T.);
#5776=EDGE_CURVE('',#4593,#4594,#2578,.T.);
#5777=EDGE_CURVE('',#4593,#4595,#241,.T.);
#5778=EDGE_CURVE('',#4596,#4594,#242,.T.);
#5779=EDGE_CURVE('',#4595,#4596,#2579,.T.);
#5780=EDGE_CURVE('',#4595,#4597,#243,.T.);
#5781=EDGE_CURVE('',#4598,#4596,#244,.T.);
#5782=EDGE_CURVE('',#4597,#4598,#2580,.T.);
#5783=EDGE_CURVE('',#4597,#4599,#245,.T.);
#5784=EDGE_CURVE('',#4600,#4598,#246,.T.);
#5785=EDGE_CURVE('',#4599,#4600,#2581,.T.);
#5786=EDGE_CURVE('',#4599,#4601,#247,.T.);
#5787=EDGE_CURVE('',#4602,#4600,#248,.T.);
#5788=EDGE_CURVE('',#4601,#4602,#2582,.T.);
#5789=EDGE_CURVE('',#4601,#4603,#2583,.T.);
#5790=EDGE_CURVE('',#4604,#4602,#2584,.T.);
#5791=EDGE_CURVE('',#4603,#4604,#2585,.T.);
#5792=EDGE_CURVE('',#4603,#4605,#249,.T.);
#5793=EDGE_CURVE('',#4606,#4604,#250,.T.);
#5794=EDGE_CURVE('',#4605,#4606,#2586,.T.);
#5795=EDGE_CURVE('',#4605,#4607,#251,.T.);
#5796=EDGE_CURVE('',#4608,#4606,#252,.T.);
#5797=EDGE_CURVE('',#4607,#4608,#2587,.T.);
#5798=EDGE_CURVE('',#4607,#4609,#253,.T.);
#5799=EDGE_CURVE('',#4610,#4608,#254,.T.);
#5800=EDGE_CURVE('',#4609,#4610,#2588,.T.);
#5801=EDGE_CURVE('',#4609,#4611,#255,.T.);
#5802=EDGE_CURVE('',#4612,#4610,#256,.T.);
#5803=EDGE_CURVE('',#4611,#4612,#2589,.T.);
#5804=EDGE_CURVE('',#4611,#4613,#257,.T.);
#5805=EDGE_CURVE('',#4614,#4612,#258,.T.);
#5806=EDGE_CURVE('',#4613,#4614,#2590,.T.);
#5807=EDGE_CURVE('',#4613,#4615,#259,.T.);
#5808=EDGE_CURVE('',#4616,#4614,#260,.T.);
#5809=EDGE_CURVE('',#4615,#4616,#2591,.T.);
#5810=EDGE_CURVE('',#4615,#4617,#261,.T.);
#5811=EDGE_CURVE('',#4618,#4616,#262,.T.);
#5812=EDGE_CURVE('',#4617,#4618,#2592,.T.);
#5813=EDGE_CURVE('',#4617,#4619,#263,.T.);
#5814=EDGE_CURVE('',#4620,#4618,#264,.T.);
#5815=EDGE_CURVE('',#4619,#4620,#2593,.T.);
#5816=EDGE_CURVE('',#4619,#4579,#265,.T.);
#5817=EDGE_CURVE('',#4581,#4620,#266,.T.);
#5818=EDGE_CURVE('',#4621,#4621,#436,.T.);
#5819=EDGE_CURVE('',#4621,#4622,#2594,.T.);
#5820=EDGE_CURVE('',#4622,#4622,#437,.T.);
#5821=EDGE_CURVE('',#4623,#4624,#2595,.T.);
#5822=EDGE_CURVE('',#4624,#4625,#2596,.F.);
#5823=EDGE_CURVE('',#4626,#4625,#2597,.F.);
#5824=EDGE_CURVE('',#4623,#4626,#2598,.T.);
#5825=EDGE_CURVE('',#4624,#4627,#2599,.T.);
#5826=EDGE_CURVE('',#4627,#4628,#2600,.F.);
#5827=EDGE_CURVE('',#4625,#4628,#2601,.F.);
#5828=EDGE_CURVE('',#4627,#4629,#2602,.T.);
#5829=EDGE_CURVE('',#4629,#4630,#2603,.T.);
#5830=EDGE_CURVE('',#4628,#4630,#2604,.F.);
#5831=EDGE_CURVE('',#4629,#4623,#2605,.T.);
#5832=EDGE_CURVE('',#4630,#4626,#2606,.F.);
#5833=EDGE_CURVE('',#4631,#4632,#2607,.T.);
#5834=EDGE_CURVE('',#4632,#4633,#2608,.T.);
#5835=EDGE_CURVE('',#4633,#4634,#2609,.T.);
#5836=EDGE_CURVE('',#4634,#4631,#2610,.T.);
#5837=EDGE_CURVE('',#4631,#4623,#2611,.T.);
#5838=EDGE_CURVE('',#4634,#4624,#2612,.T.);
#5839=EDGE_CURVE('',#4633,#4627,#2613,.T.);
#5840=EDGE_CURVE('',#4632,#4629,#2614,.T.);
#5841=EDGE_CURVE('',#4635,#4636,#438,.T.);
#5842=EDGE_CURVE('',#4635,#4637,#2615,.T.);
#5843=EDGE_CURVE('',#4638,#4637,#439,.T.);
#5844=EDGE_CURVE('',#4636,#4638,#2616,.T.);
#5845=EDGE_CURVE('',#4639,#4636,#440,.T.);
#5846=EDGE_CURVE('',#4640,#4638,#441,.T.);
#5847=EDGE_CURVE('',#4639,#4640,#2617,.T.);
#5848=EDGE_CURVE('',#4641,#4639,#2618,.T.);
#5849=EDGE_CURVE('',#4642,#4640,#2619,.T.);
#5850=EDGE_CURVE('',#4641,#4642,#2620,.T.);
#5851=EDGE_CURVE('',#4643,#4641,#2621,.T.);
#5852=EDGE_CURVE('',#4644,#4642,#2622,.T.);
#5853=EDGE_CURVE('',#4643,#4644,#2623,.T.);
#5854=EDGE_CURVE('',#4643,#4645,#2624,.T.);
#5855=EDGE_CURVE('',#4646,#4644,#2625,.T.);
#5856=EDGE_CURVE('',#4645,#4646,#2626,.T.);
#5857=EDGE_CURVE('',#4645,#4647,#442,.T.);
#5858=EDGE_CURVE('',#4648,#4646,#443,.T.);
#5859=EDGE_CURVE('',#4647,#4648,#2627,.T.);
#5860=EDGE_CURVE('',#4649,#4647,#444,.T.);
#5861=EDGE_CURVE('',#4650,#4648,#445,.T.);
#5862=EDGE_CURVE('',#4649,#4650,#2628,.T.);
#5863=EDGE_CURVE('',#4651,#4649,#2629,.T.);
#5864=EDGE_CURVE('',#4652,#4650,#2630,.T.);
#5865=EDGE_CURVE('',#4651,#4652,#2631,.T.);
#5866=EDGE_CURVE('',#4653,#4651,#2632,.T.);
#5867=EDGE_CURVE('',#4654,#4652,#2633,.T.);
#5868=EDGE_CURVE('',#4653,#4654,#2634,.T.);
#5869=EDGE_CURVE('',#4653,#4635,#2635,.T.);
#5870=EDGE_CURVE('',#4637,#4654,#2636,.T.);
#5871=EDGE_CURVE('',#4655,#4656,#446,.T.);
#5872=EDGE_CURVE('',#4655,#4657,#2637,.T.);
#5873=EDGE_CURVE('',#4658,#4657,#447,.T.);
#5874=EDGE_CURVE('',#4656,#4658,#2638,.T.);
#5875=EDGE_CURVE('',#4659,#4656,#448,.T.);
#5876=EDGE_CURVE('',#4660,#4658,#449,.T.);
#5877=EDGE_CURVE('',#4659,#4660,#2639,.T.);
#5878=EDGE_CURVE('',#4661,#4659,#2640,.T.);
#5879=EDGE_CURVE('',#4662,#4660,#2641,.T.);
#5880=EDGE_CURVE('',#4661,#4662,#2642,.T.);
#5881=EDGE_CURVE('',#4663,#4661,#2643,.T.);
#5882=EDGE_CURVE('',#4664,#4662,#2644,.T.);
#5883=EDGE_CURVE('',#4663,#4664,#2645,.T.);
#5884=EDGE_CURVE('',#4663,#4665,#2646,.T.);
#5885=EDGE_CURVE('',#4666,#4664,#2647,.T.);
#5886=EDGE_CURVE('',#4665,#4666,#2648,.T.);
#5887=EDGE_CURVE('',#4665,#4667,#450,.T.);
#5888=EDGE_CURVE('',#4668,#4666,#451,.T.);
#5889=EDGE_CURVE('',#4667,#4668,#2649,.T.);
#5890=EDGE_CURVE('',#4669,#4667,#452,.T.);
#5891=EDGE_CURVE('',#4670,#4668,#453,.T.);
#5892=EDGE_CURVE('',#4669,#4670,#2650,.T.);
#5893=EDGE_CURVE('',#4671,#4669,#2651,.T.);
#5894=EDGE_CURVE('',#4672,#4670,#2652,.T.);
#5895=EDGE_CURVE('',#4671,#4672,#2653,.T.);
#5896=EDGE_CURVE('',#4673,#4671,#2654,.T.);
#5897=EDGE_CURVE('',#4674,#4672,#2655,.T.);
#5898=EDGE_CURVE('',#4673,#4674,#2656,.T.);
#5899=EDGE_CURVE('',#4673,#4655,#2657,.T.);
#5900=EDGE_CURVE('',#4657,#4674,#2658,.T.);
#5901=EDGE_CURVE('',#4675,#4676,#454,.T.);
#5902=EDGE_CURVE('',#4675,#4677,#2659,.T.);
#5903=EDGE_CURVE('',#4678,#4677,#455,.T.);
#5904=EDGE_CURVE('',#4676,#4678,#2660,.T.);
#5905=EDGE_CURVE('',#4679,#4676,#456,.T.);
#5906=EDGE_CURVE('',#4680,#4678,#457,.T.);
#5907=EDGE_CURVE('',#4679,#4680,#2661,.T.);
#5908=EDGE_CURVE('',#4681,#4679,#2662,.T.);
#5909=EDGE_CURVE('',#4682,#4680,#2663,.T.);
#5910=EDGE_CURVE('',#4681,#4682,#2664,.T.);
#5911=EDGE_CURVE('',#4683,#4681,#2665,.T.);
#5912=EDGE_CURVE('',#4684,#4682,#2666,.T.);
#5913=EDGE_CURVE('',#4683,#4684,#2667,.T.);
#5914=EDGE_CURVE('',#4683,#4685,#2668,.T.);
#5915=EDGE_CURVE('',#4686,#4684,#2669,.T.);
#5916=EDGE_CURVE('',#4685,#4686,#2670,.T.);
#5917=EDGE_CURVE('',#4685,#4687,#458,.T.);
#5918=EDGE_CURVE('',#4688,#4686,#459,.T.);
#5919=EDGE_CURVE('',#4687,#4688,#2671,.T.);
#5920=EDGE_CURVE('',#4689,#4687,#460,.T.);
#5921=EDGE_CURVE('',#4690,#4688,#461,.T.);
#5922=EDGE_CURVE('',#4689,#4690,#2672,.T.);
#5923=EDGE_CURVE('',#4691,#4689,#2673,.T.);
#5924=EDGE_CURVE('',#4692,#4690,#2674,.T.);
#5925=EDGE_CURVE('',#4691,#4692,#2675,.T.);
#5926=EDGE_CURVE('',#4693,#4691,#2676,.T.);
#5927=EDGE_CURVE('',#4694,#4692,#2677,.T.);
#5928=EDGE_CURVE('',#4693,#4694,#2678,.T.);
#5929=EDGE_CURVE('',#4693,#4675,#2679,.T.);
#5930=EDGE_CURVE('',#4677,#4694,#2680,.T.);
#5931=EDGE_CURVE('',#4695,#4696,#462,.T.);
#5932=EDGE_CURVE('',#4695,#4697,#2681,.T.);
#5933=EDGE_CURVE('',#4698,#4697,#463,.T.);
#5934=EDGE_CURVE('',#4696,#4698,#2682,.T.);
#5935=EDGE_CURVE('',#4699,#4696,#464,.T.);
#5936=EDGE_CURVE('',#4700,#4698,#465,.T.);
#5937=EDGE_CURVE('',#4699,#4700,#2683,.T.);
#5938=EDGE_CURVE('',#4701,#4699,#2684,.T.);
#5939=EDGE_CURVE('',#4702,#4700,#2685,.T.);
#5940=EDGE_CURVE('',#4701,#4702,#2686,.T.);
#5941=EDGE_CURVE('',#4703,#4701,#2687,.T.);
#5942=EDGE_CURVE('',#4704,#4702,#2688,.T.);
#5943=EDGE_CURVE('',#4703,#4704,#2689,.T.);
#5944=EDGE_CURVE('',#4703,#4705,#2690,.T.);
#5945=EDGE_CURVE('',#4706,#4704,#2691,.T.);
#5946=EDGE_CURVE('',#4705,#4706,#2692,.T.);
#5947=EDGE_CURVE('',#4705,#4707,#466,.T.);
#5948=EDGE_CURVE('',#4708,#4706,#467,.T.);
#5949=EDGE_CURVE('',#4707,#4708,#2693,.T.);
#5950=EDGE_CURVE('',#4709,#4707,#468,.T.);
#5951=EDGE_CURVE('',#4710,#4708,#469,.T.);
#5952=EDGE_CURVE('',#4709,#4710,#2694,.T.);
#5953=EDGE_CURVE('',#4711,#4709,#2695,.T.);
#5954=EDGE_CURVE('',#4712,#4710,#2696,.T.);
#5955=EDGE_CURVE('',#4711,#4712,#2697,.T.);
#5956=EDGE_CURVE('',#4713,#4711,#2698,.T.);
#5957=EDGE_CURVE('',#4714,#4712,#2699,.T.);
#5958=EDGE_CURVE('',#4713,#4714,#2700,.T.);
#5959=EDGE_CURVE('',#4713,#4695,#2701,.T.);
#5960=EDGE_CURVE('',#4697,#4714,#2702,.T.);
#5961=EDGE_CURVE('',#4715,#4716,#470,.T.);
#5962=EDGE_CURVE('',#4715,#4717,#2703,.T.);
#5963=EDGE_CURVE('',#4718,#4717,#471,.T.);
#5964=EDGE_CURVE('',#4716,#4718,#2704,.T.);
#5965=EDGE_CURVE('',#4719,#4716,#472,.T.);
#5966=EDGE_CURVE('',#4720,#4718,#473,.T.);
#5967=EDGE_CURVE('',#4719,#4720,#2705,.T.);
#5968=EDGE_CURVE('',#4721,#4719,#2706,.T.);
#5969=EDGE_CURVE('',#4722,#4720,#2707,.T.);
#5970=EDGE_CURVE('',#4721,#4722,#2708,.T.);
#5971=EDGE_CURVE('',#4723,#4721,#2709,.T.);
#5972=EDGE_CURVE('',#4724,#4722,#2710,.T.);
#5973=EDGE_CURVE('',#4723,#4724,#2711,.T.);
#5974=EDGE_CURVE('',#4723,#4725,#2712,.T.);
#5975=EDGE_CURVE('',#4726,#4724,#2713,.T.);
#5976=EDGE_CURVE('',#4725,#4726,#2714,.T.);
#5977=EDGE_CURVE('',#4725,#4727,#474,.T.);
#5978=EDGE_CURVE('',#4728,#4726,#475,.T.);
#5979=EDGE_CURVE('',#4727,#4728,#2715,.T.);
#5980=EDGE_CURVE('',#4729,#4727,#476,.T.);
#5981=EDGE_CURVE('',#4730,#4728,#477,.T.);
#5982=EDGE_CURVE('',#4729,#4730,#2716,.T.);
#5983=EDGE_CURVE('',#4731,#4729,#2717,.T.);
#5984=EDGE_CURVE('',#4732,#4730,#2718,.T.);
#5985=EDGE_CURVE('',#4731,#4732,#2719,.T.);
#5986=EDGE_CURVE('',#4733,#4731,#2720,.T.);
#5987=EDGE_CURVE('',#4734,#4732,#2721,.T.);
#5988=EDGE_CURVE('',#4733,#4734,#2722,.T.);
#5989=EDGE_CURVE('',#4733,#4715,#2723,.T.);
#5990=EDGE_CURVE('',#4717,#4734,#2724,.T.);
#5991=EDGE_CURVE('',#4735,#4736,#478,.T.);
#5992=EDGE_CURVE('',#4735,#4737,#2725,.T.);
#5993=EDGE_CURVE('',#4738,#4737,#479,.T.);
#5994=EDGE_CURVE('',#4736,#4738,#2726,.T.);
#5995=EDGE_CURVE('',#4739,#4736,#480,.T.);
#5996=EDGE_CURVE('',#4740,#4738,#481,.T.);
#5997=EDGE_CURVE('',#4739,#4740,#2727,.T.);
#5998=EDGE_CURVE('',#4741,#4739,#2728,.T.);
#5999=EDGE_CURVE('',#4742,#4740,#2729,.T.);
#6000=EDGE_CURVE('',#4741,#4742,#2730,.T.);
#6001=EDGE_CURVE('',#4743,#4741,#2731,.T.);
#6002=EDGE_CURVE('',#4744,#4742,#2732,.T.);
#6003=EDGE_CURVE('',#4743,#4744,#2733,.T.);
#6004=EDGE_CURVE('',#4743,#4745,#2734,.T.);
#6005=EDGE_CURVE('',#4746,#4744,#2735,.T.);
#6006=EDGE_CURVE('',#4745,#4746,#2736,.T.);
#6007=EDGE_CURVE('',#4745,#4747,#482,.T.);
#6008=EDGE_CURVE('',#4748,#4746,#483,.T.);
#6009=EDGE_CURVE('',#4747,#4748,#2737,.T.);
#6010=EDGE_CURVE('',#4749,#4747,#484,.T.);
#6011=EDGE_CURVE('',#4750,#4748,#485,.T.);
#6012=EDGE_CURVE('',#4749,#4750,#2738,.T.);
#6013=EDGE_CURVE('',#4751,#4749,#2739,.T.);
#6014=EDGE_CURVE('',#4752,#4750,#2740,.T.);
#6015=EDGE_CURVE('',#4751,#4752,#2741,.T.);
#6016=EDGE_CURVE('',#4753,#4751,#2742,.T.);
#6017=EDGE_CURVE('',#4754,#4752,#2743,.T.);
#6018=EDGE_CURVE('',#4753,#4754,#2744,.T.);
#6019=EDGE_CURVE('',#4753,#4735,#2745,.T.);
#6020=EDGE_CURVE('',#4737,#4754,#2746,.T.);
#6021=EDGE_CURVE('',#4755,#4756,#486,.T.);
#6022=EDGE_CURVE('',#4755,#4757,#2747,.T.);
#6023=EDGE_CURVE('',#4758,#4757,#487,.T.);
#6024=EDGE_CURVE('',#4756,#4758,#2748,.T.);
#6025=EDGE_CURVE('',#4759,#4756,#488,.T.);
#6026=EDGE_CURVE('',#4760,#4758,#489,.T.);
#6027=EDGE_CURVE('',#4759,#4760,#2749,.T.);
#6028=EDGE_CURVE('',#4761,#4759,#2750,.T.);
#6029=EDGE_CURVE('',#4762,#4760,#2751,.T.);
#6030=EDGE_CURVE('',#4761,#4762,#2752,.T.);
#6031=EDGE_CURVE('',#4763,#4761,#2753,.T.);
#6032=EDGE_CURVE('',#4764,#4762,#2754,.T.);
#6033=EDGE_CURVE('',#4763,#4764,#2755,.T.);
#6034=EDGE_CURVE('',#4763,#4765,#2756,.T.);
#6035=EDGE_CURVE('',#4766,#4764,#2757,.T.);
#6036=EDGE_CURVE('',#4765,#4766,#2758,.T.);
#6037=EDGE_CURVE('',#4765,#4767,#490,.T.);
#6038=EDGE_CURVE('',#4768,#4766,#491,.T.);
#6039=EDGE_CURVE('',#4767,#4768,#2759,.T.);
#6040=EDGE_CURVE('',#4769,#4767,#492,.T.);
#6041=EDGE_CURVE('',#4770,#4768,#493,.T.);
#6042=EDGE_CURVE('',#4769,#4770,#2760,.T.);
#6043=EDGE_CURVE('',#4771,#4769,#2761,.T.);
#6044=EDGE_CURVE('',#4772,#4770,#2762,.T.);
#6045=EDGE_CURVE('',#4771,#4772,#2763,.T.);
#6046=EDGE_CURVE('',#4773,#4771,#2764,.T.);
#6047=EDGE_CURVE('',#4774,#4772,#2765,.T.);
#6048=EDGE_CURVE('',#4773,#4774,#2766,.T.);
#6049=EDGE_CURVE('',#4773,#4755,#2767,.T.);
#6050=EDGE_CURVE('',#4757,#4774,#2768,.T.);
#6051=EDGE_CURVE('',#4775,#4776,#494,.T.);
#6052=EDGE_CURVE('',#4775,#4777,#2769,.T.);
#6053=EDGE_CURVE('',#4778,#4777,#495,.T.);
#6054=EDGE_CURVE('',#4776,#4778,#2770,.T.);
#6055=EDGE_CURVE('',#4779,#4776,#496,.T.);
#6056=EDGE_CURVE('',#4780,#4778,#497,.T.);
#6057=EDGE_CURVE('',#4779,#4780,#2771,.T.);
#6058=EDGE_CURVE('',#4781,#4779,#2772,.T.);
#6059=EDGE_CURVE('',#4782,#4780,#2773,.T.);
#6060=EDGE_CURVE('',#4781,#4782,#2774,.T.);
#6061=EDGE_CURVE('',#4783,#4781,#2775,.T.);
#6062=EDGE_CURVE('',#4784,#4782,#2776,.T.);
#6063=EDGE_CURVE('',#4783,#4784,#2777,.T.);
#6064=EDGE_CURVE('',#4783,#4785,#2778,.T.);
#6065=EDGE_CURVE('',#4786,#4784,#2779,.T.);
#6066=EDGE_CURVE('',#4785,#4786,#2780,.T.);
#6067=EDGE_CURVE('',#4785,#4787,#498,.T.);
#6068=EDGE_CURVE('',#4788,#4786,#499,.T.);
#6069=EDGE_CURVE('',#4787,#4788,#2781,.T.);
#6070=EDGE_CURVE('',#4789,#4787,#500,.T.);
#6071=EDGE_CURVE('',#4790,#4788,#501,.T.);
#6072=EDGE_CURVE('',#4789,#4790,#2782,.T.);
#6073=EDGE_CURVE('',#4791,#4789,#2783,.T.);
#6074=EDGE_CURVE('',#4792,#4790,#2784,.T.);
#6075=EDGE_CURVE('',#4791,#4792,#2785,.T.);
#6076=EDGE_CURVE('',#4793,#4791,#2786,.T.);
#6077=EDGE_CURVE('',#4794,#4792,#2787,.T.);
#6078=EDGE_CURVE('',#4793,#4794,#2788,.T.);
#6079=EDGE_CURVE('',#4793,#4775,#2789,.T.);
#6080=EDGE_CURVE('',#4777,#4794,#2790,.T.);
#6081=EDGE_CURVE('',#4795,#4796,#502,.T.);
#6082=EDGE_CURVE('',#4795,#4797,#2791,.T.);
#6083=EDGE_CURVE('',#4798,#4797,#503,.T.);
#6084=EDGE_CURVE('',#4796,#4798,#2792,.T.);
#6085=EDGE_CURVE('',#4799,#4796,#504,.T.);
#6086=EDGE_CURVE('',#4800,#4798,#505,.T.);
#6087=EDGE_CURVE('',#4799,#4800,#2793,.T.);
#6088=EDGE_CURVE('',#4801,#4799,#2794,.T.);
#6089=EDGE_CURVE('',#4802,#4800,#2795,.T.);
#6090=EDGE_CURVE('',#4801,#4802,#2796,.T.);
#6091=EDGE_CURVE('',#4803,#4801,#2797,.T.);
#6092=EDGE_CURVE('',#4804,#4802,#2798,.T.);
#6093=EDGE_CURVE('',#4803,#4804,#2799,.T.);
#6094=EDGE_CURVE('',#4803,#4805,#2800,.T.);
#6095=EDGE_CURVE('',#4806,#4804,#2801,.T.);
#6096=EDGE_CURVE('',#4805,#4806,#2802,.T.);
#6097=EDGE_CURVE('',#4805,#4807,#506,.T.);
#6098=EDGE_CURVE('',#4808,#4806,#507,.T.);
#6099=EDGE_CURVE('',#4807,#4808,#2803,.T.);
#6100=EDGE_CURVE('',#4809,#4807,#508,.T.);
#6101=EDGE_CURVE('',#4810,#4808,#509,.T.);
#6102=EDGE_CURVE('',#4809,#4810,#2804,.T.);
#6103=EDGE_CURVE('',#4811,#4809,#2805,.T.);
#6104=EDGE_CURVE('',#4812,#4810,#2806,.T.);
#6105=EDGE_CURVE('',#4811,#4812,#2807,.T.);
#6106=EDGE_CURVE('',#4813,#4811,#2808,.T.);
#6107=EDGE_CURVE('',#4814,#4812,#2809,.T.);
#6108=EDGE_CURVE('',#4813,#4814,#2810,.T.);
#6109=EDGE_CURVE('',#4813,#4795,#2811,.T.);
#6110=EDGE_CURVE('',#4797,#4814,#2812,.T.);
#6111=EDGE_CURVE('',#4815,#4816,#510,.T.);
#6112=EDGE_CURVE('',#4815,#4817,#2813,.T.);
#6113=EDGE_CURVE('',#4818,#4817,#511,.T.);
#6114=EDGE_CURVE('',#4816,#4818,#2814,.T.);
#6115=EDGE_CURVE('',#4819,#4816,#512,.T.);
#6116=EDGE_CURVE('',#4820,#4818,#513,.T.);
#6117=EDGE_CURVE('',#4819,#4820,#2815,.T.);
#6118=EDGE_CURVE('',#4821,#4819,#2816,.T.);
#6119=EDGE_CURVE('',#4822,#4820,#2817,.T.);
#6120=EDGE_CURVE('',#4821,#4822,#2818,.T.);
#6121=EDGE_CURVE('',#4823,#4821,#2819,.T.);
#6122=EDGE_CURVE('',#4824,#4822,#2820,.T.);
#6123=EDGE_CURVE('',#4823,#4824,#2821,.T.);
#6124=EDGE_CURVE('',#4823,#4825,#2822,.T.);
#6125=EDGE_CURVE('',#4826,#4824,#2823,.T.);
#6126=EDGE_CURVE('',#4825,#4826,#2824,.T.);
#6127=EDGE_CURVE('',#4825,#4827,#514,.T.);
#6128=EDGE_CURVE('',#4828,#4826,#515,.T.);
#6129=EDGE_CURVE('',#4827,#4828,#2825,.T.);
#6130=EDGE_CURVE('',#4829,#4827,#516,.T.);
#6131=EDGE_CURVE('',#4830,#4828,#517,.T.);
#6132=EDGE_CURVE('',#4829,#4830,#2826,.T.);
#6133=EDGE_CURVE('',#4831,#4829,#2827,.T.);
#6134=EDGE_CURVE('',#4832,#4830,#2828,.T.);
#6135=EDGE_CURVE('',#4831,#4832,#2829,.T.);
#6136=EDGE_CURVE('',#4833,#4831,#2830,.T.);
#6137=EDGE_CURVE('',#4834,#4832,#2831,.T.);
#6138=EDGE_CURVE('',#4833,#4834,#2832,.T.);
#6139=EDGE_CURVE('',#4833,#4815,#2833,.T.);
#6140=EDGE_CURVE('',#4817,#4834,#2834,.T.);
#6141=EDGE_CURVE('',#4835,#4836,#518,.T.);
#6142=EDGE_CURVE('',#4836,#4837,#2835,.T.);
#6143=EDGE_CURVE('',#4837,#4838,#519,.T.);
#6144=EDGE_CURVE('',#4835,#4838,#2836,.T.);
#6145=EDGE_CURVE('',#4839,#4836,#520,.T.);
#6146=EDGE_CURVE('',#4839,#4840,#2837,.T.);
#6147=EDGE_CURVE('',#4840,#4837,#521,.T.);
#6148=EDGE_CURVE('',#4841,#4839,#2838,.T.);
#6149=EDGE_CURVE('',#4841,#4842,#2839,.T.);
#6150=EDGE_CURVE('',#4842,#4840,#2840,.T.);
#6151=EDGE_CURVE('',#4843,#4841,#2841,.T.);
#6152=EDGE_CURVE('',#4843,#4844,#2842,.T.);
#6153=EDGE_CURVE('',#4844,#4842,#2843,.T.);
#6154=EDGE_CURVE('',#4843,#4845,#2844,.T.);
#6155=EDGE_CURVE('',#4845,#4846,#2845,.T.);
#6156=EDGE_CURVE('',#4846,#4844,#2846,.T.);
#6157=EDGE_CURVE('',#4845,#4847,#522,.T.);
#6158=EDGE_CURVE('',#4847,#4848,#2847,.T.);
#6159=EDGE_CURVE('',#4848,#4846,#523,.T.);
#6160=EDGE_CURVE('',#4849,#4847,#524,.T.);
#6161=EDGE_CURVE('',#4849,#4850,#2848,.T.);
#6162=EDGE_CURVE('',#4850,#4848,#525,.T.);
#6163=EDGE_CURVE('',#4851,#4849,#2849,.T.);
#6164=EDGE_CURVE('',#4851,#4852,#2850,.T.);
#6165=EDGE_CURVE('',#4852,#4850,#2851,.T.);
#6166=EDGE_CURVE('',#4853,#4851,#2852,.T.);
#6167=EDGE_CURVE('',#4853,#4854,#2853,.T.);
#6168=EDGE_CURVE('',#4854,#4852,#2854,.T.);
#6169=EDGE_CURVE('',#4853,#4835,#2855,.T.);
#6170=EDGE_CURVE('',#4838,#4854,#2856,.T.);
#6171=EDGE_CURVE('',#4855,#4856,#526,.T.);
#6172=EDGE_CURVE('',#4856,#4857,#2857,.T.);
#6173=EDGE_CURVE('',#4857,#4858,#527,.T.);
#6174=EDGE_CURVE('',#4855,#4858,#2858,.T.);
#6175=EDGE_CURVE('',#4859,#4856,#528,.T.);
#6176=EDGE_CURVE('',#4859,#4860,#2859,.T.);
#6177=EDGE_CURVE('',#4860,#4857,#529,.T.);
#6178=EDGE_CURVE('',#4861,#4859,#2860,.T.);
#6179=EDGE_CURVE('',#4861,#4862,#2861,.T.);
#6180=EDGE_CURVE('',#4862,#4860,#2862,.T.);
#6181=EDGE_CURVE('',#4863,#4861,#2863,.T.);
#6182=EDGE_CURVE('',#4863,#4864,#2864,.T.);
#6183=EDGE_CURVE('',#4864,#4862,#2865,.T.);
#6184=EDGE_CURVE('',#4863,#4865,#2866,.T.);
#6185=EDGE_CURVE('',#4865,#4866,#2867,.T.);
#6186=EDGE_CURVE('',#4866,#4864,#2868,.T.);
#6187=EDGE_CURVE('',#4865,#4867,#530,.T.);
#6188=EDGE_CURVE('',#4867,#4868,#2869,.T.);
#6189=EDGE_CURVE('',#4868,#4866,#531,.T.);
#6190=EDGE_CURVE('',#4869,#4867,#532,.T.);
#6191=EDGE_CURVE('',#4869,#4870,#2870,.T.);
#6192=EDGE_CURVE('',#4870,#4868,#533,.T.);
#6193=EDGE_CURVE('',#4871,#4869,#2871,.T.);
#6194=EDGE_CURVE('',#4871,#4872,#2872,.T.);
#6195=EDGE_CURVE('',#4872,#4870,#2873,.T.);
#6196=EDGE_CURVE('',#4873,#4871,#2874,.T.);
#6197=EDGE_CURVE('',#4873,#4874,#2875,.T.);
#6198=EDGE_CURVE('',#4874,#4872,#2876,.T.);
#6199=EDGE_CURVE('',#4873,#4855,#2877,.T.);
#6200=EDGE_CURVE('',#4858,#4874,#2878,.T.);
#6201=EDGE_CURVE('',#4875,#4876,#534,.T.);
#6202=EDGE_CURVE('',#4876,#4877,#2879,.T.);
#6203=EDGE_CURVE('',#4877,#4878,#535,.T.);
#6204=EDGE_CURVE('',#4875,#4878,#2880,.T.);
#6205=EDGE_CURVE('',#4879,#4876,#536,.T.);
#6206=EDGE_CURVE('',#4879,#4880,#2881,.T.);
#6207=EDGE_CURVE('',#4880,#4877,#537,.T.);
#6208=EDGE_CURVE('',#4881,#4879,#2882,.T.);
#6209=EDGE_CURVE('',#4881,#4882,#2883,.T.);
#6210=EDGE_CURVE('',#4882,#4880,#2884,.T.);
#6211=EDGE_CURVE('',#4883,#4881,#2885,.T.);
#6212=EDGE_CURVE('',#4883,#4884,#2886,.T.);
#6213=EDGE_CURVE('',#4884,#4882,#2887,.T.);
#6214=EDGE_CURVE('',#4883,#4885,#2888,.T.);
#6215=EDGE_CURVE('',#4885,#4886,#2889,.T.);
#6216=EDGE_CURVE('',#4886,#4884,#2890,.T.);
#6217=EDGE_CURVE('',#4885,#4887,#538,.T.);
#6218=EDGE_CURVE('',#4887,#4888,#2891,.T.);
#6219=EDGE_CURVE('',#4888,#4886,#539,.T.);
#6220=EDGE_CURVE('',#4889,#4887,#540,.T.);
#6221=EDGE_CURVE('',#4889,#4890,#2892,.T.);
#6222=EDGE_CURVE('',#4890,#4888,#541,.T.);
#6223=EDGE_CURVE('',#4891,#4889,#2893,.T.);
#6224=EDGE_CURVE('',#4891,#4892,#2894,.T.);
#6225=EDGE_CURVE('',#4892,#4890,#2895,.T.);
#6226=EDGE_CURVE('',#4893,#4891,#2896,.T.);
#6227=EDGE_CURVE('',#4893,#4894,#2897,.T.);
#6228=EDGE_CURVE('',#4894,#4892,#2898,.T.);
#6229=EDGE_CURVE('',#4893,#4875,#2899,.T.);
#6230=EDGE_CURVE('',#4878,#4894,#2900,.T.);
#6231=EDGE_CURVE('',#4895,#4896,#542,.T.);
#6232=EDGE_CURVE('',#4896,#4897,#2901,.T.);
#6233=EDGE_CURVE('',#4897,#4898,#543,.T.);
#6234=EDGE_CURVE('',#4895,#4898,#2902,.T.);
#6235=EDGE_CURVE('',#4899,#4896,#544,.T.);
#6236=EDGE_CURVE('',#4899,#4900,#2903,.T.);
#6237=EDGE_CURVE('',#4900,#4897,#545,.T.);
#6238=EDGE_CURVE('',#4901,#4899,#2904,.T.);
#6239=EDGE_CURVE('',#4901,#4902,#2905,.T.);
#6240=EDGE_CURVE('',#4902,#4900,#2906,.T.);
#6241=EDGE_CURVE('',#4903,#4901,#2907,.T.);
#6242=EDGE_CURVE('',#4903,#4904,#2908,.T.);
#6243=EDGE_CURVE('',#4904,#4902,#2909,.T.);
#6244=EDGE_CURVE('',#4903,#4905,#2910,.T.);
#6245=EDGE_CURVE('',#4905,#4906,#2911,.T.);
#6246=EDGE_CURVE('',#4906,#4904,#2912,.T.);
#6247=EDGE_CURVE('',#4905,#4907,#546,.T.);
#6248=EDGE_CURVE('',#4907,#4908,#2913,.T.);
#6249=EDGE_CURVE('',#4908,#4906,#547,.T.);
#6250=EDGE_CURVE('',#4909,#4907,#548,.T.);
#6251=EDGE_CURVE('',#4909,#4910,#2914,.T.);
#6252=EDGE_CURVE('',#4910,#4908,#549,.T.);
#6253=EDGE_CURVE('',#4911,#4909,#2915,.T.);
#6254=EDGE_CURVE('',#4911,#4912,#2916,.T.);
#6255=EDGE_CURVE('',#4912,#4910,#2917,.T.);
#6256=EDGE_CURVE('',#4913,#4911,#2918,.T.);
#6257=EDGE_CURVE('',#4913,#4914,#2919,.T.);
#6258=EDGE_CURVE('',#4914,#4912,#2920,.T.);
#6259=EDGE_CURVE('',#4913,#4895,#2921,.T.);
#6260=EDGE_CURVE('',#4898,#4914,#2922,.T.);
#6261=EDGE_CURVE('',#4915,#4916,#550,.T.);
#6262=EDGE_CURVE('',#4916,#4917,#2923,.T.);
#6263=EDGE_CURVE('',#4917,#4918,#551,.T.);
#6264=EDGE_CURVE('',#4915,#4918,#2924,.T.);
#6265=EDGE_CURVE('',#4919,#4916,#552,.T.);
#6266=EDGE_CURVE('',#4919,#4920,#2925,.T.);
#6267=EDGE_CURVE('',#4920,#4917,#553,.T.);
#6268=EDGE_CURVE('',#4921,#4919,#2926,.T.);
#6269=EDGE_CURVE('',#4921,#4922,#2927,.T.);
#6270=EDGE_CURVE('',#4922,#4920,#2928,.T.);
#6271=EDGE_CURVE('',#4923,#4921,#2929,.T.);
#6272=EDGE_CURVE('',#4923,#4924,#2930,.T.);
#6273=EDGE_CURVE('',#4924,#4922,#2931,.T.);
#6274=EDGE_CURVE('',#4923,#4925,#2932,.T.);
#6275=EDGE_CURVE('',#4925,#4926,#2933,.T.);
#6276=EDGE_CURVE('',#4926,#4924,#2934,.T.);
#6277=EDGE_CURVE('',#4925,#4927,#554,.T.);
#6278=EDGE_CURVE('',#4927,#4928,#2935,.T.);
#6279=EDGE_CURVE('',#4928,#4926,#555,.T.);
#6280=EDGE_CURVE('',#4929,#4927,#556,.T.);
#6281=EDGE_CURVE('',#4929,#4930,#2936,.T.);
#6282=EDGE_CURVE('',#4930,#4928,#557,.T.);
#6283=EDGE_CURVE('',#4931,#4929,#2937,.T.);
#6284=EDGE_CURVE('',#4931,#4932,#2938,.T.);
#6285=EDGE_CURVE('',#4932,#4930,#2939,.T.);
#6286=EDGE_CURVE('',#4933,#4931,#2940,.T.);
#6287=EDGE_CURVE('',#4933,#4934,#2941,.T.);
#6288=EDGE_CURVE('',#4934,#4932,#2942,.T.);
#6289=EDGE_CURVE('',#4933,#4915,#2943,.T.);
#6290=EDGE_CURVE('',#4918,#4934,#2944,.T.);
#6291=EDGE_CURVE('',#4935,#4936,#558,.T.);
#6292=EDGE_CURVE('',#4936,#4937,#2945,.T.);
#6293=EDGE_CURVE('',#4937,#4938,#559,.T.);
#6294=EDGE_CURVE('',#4935,#4938,#2946,.T.);
#6295=EDGE_CURVE('',#4939,#4936,#560,.T.);
#6296=EDGE_CURVE('',#4939,#4940,#2947,.T.);
#6297=EDGE_CURVE('',#4940,#4937,#561,.T.);
#6298=EDGE_CURVE('',#4941,#4939,#2948,.T.);
#6299=EDGE_CURVE('',#4941,#4942,#2949,.T.);
#6300=EDGE_CURVE('',#4942,#4940,#2950,.T.);
#6301=EDGE_CURVE('',#4943,#4941,#2951,.T.);
#6302=EDGE_CURVE('',#4943,#4944,#2952,.T.);
#6303=EDGE_CURVE('',#4944,#4942,#2953,.T.);
#6304=EDGE_CURVE('',#4943,#4945,#2954,.T.);
#6305=EDGE_CURVE('',#4945,#4946,#2955,.T.);
#6306=EDGE_CURVE('',#4946,#4944,#2956,.T.);
#6307=EDGE_CURVE('',#4945,#4947,#562,.T.);
#6308=EDGE_CURVE('',#4947,#4948,#2957,.T.);
#6309=EDGE_CURVE('',#4948,#4946,#563,.T.);
#6310=EDGE_CURVE('',#4949,#4947,#564,.T.);
#6311=EDGE_CURVE('',#4949,#4950,#2958,.T.);
#6312=EDGE_CURVE('',#4950,#4948,#565,.T.);
#6313=EDGE_CURVE('',#4951,#4949,#2959,.T.);
#6314=EDGE_CURVE('',#4951,#4952,#2960,.T.);
#6315=EDGE_CURVE('',#4952,#4950,#2961,.T.);
#6316=EDGE_CURVE('',#4953,#4951,#2962,.T.);
#6317=EDGE_CURVE('',#4953,#4954,#2963,.T.);
#6318=EDGE_CURVE('',#4954,#4952,#2964,.T.);
#6319=EDGE_CURVE('',#4953,#4935,#2965,.T.);
#6320=EDGE_CURVE('',#4938,#4954,#2966,.T.);
#6321=EDGE_CURVE('',#4955,#4956,#566,.T.);
#6322=EDGE_CURVE('',#4956,#4957,#2967,.T.);
#6323=EDGE_CURVE('',#4957,#4958,#567,.T.);
#6324=EDGE_CURVE('',#4955,#4958,#2968,.T.);
#6325=EDGE_CURVE('',#4959,#4956,#568,.T.);
#6326=EDGE_CURVE('',#4959,#4960,#2969,.T.);
#6327=EDGE_CURVE('',#4960,#4957,#569,.T.);
#6328=EDGE_CURVE('',#4961,#4959,#2970,.T.);
#6329=EDGE_CURVE('',#4961,#4962,#2971,.T.);
#6330=EDGE_CURVE('',#4962,#4960,#2972,.T.);
#6331=EDGE_CURVE('',#4963,#4961,#2973,.T.);
#6332=EDGE_CURVE('',#4963,#4964,#2974,.T.);
#6333=EDGE_CURVE('',#4964,#4962,#2975,.T.);
#6334=EDGE_CURVE('',#4963,#4965,#2976,.T.);
#6335=EDGE_CURVE('',#4965,#4966,#2977,.T.);
#6336=EDGE_CURVE('',#4966,#4964,#2978,.T.);
#6337=EDGE_CURVE('',#4965,#4967,#570,.T.);
#6338=EDGE_CURVE('',#4967,#4968,#2979,.T.);
#6339=EDGE_CURVE('',#4968,#4966,#571,.T.);
#6340=EDGE_CURVE('',#4969,#4967,#572,.T.);
#6341=EDGE_CURVE('',#4969,#4970,#2980,.T.);
#6342=EDGE_CURVE('',#4970,#4968,#573,.T.);
#6343=EDGE_CURVE('',#4971,#4969,#2981,.T.);
#6344=EDGE_CURVE('',#4971,#4972,#2982,.T.);
#6345=EDGE_CURVE('',#4972,#4970,#2983,.T.);
#6346=EDGE_CURVE('',#4973,#4971,#2984,.T.);
#6347=EDGE_CURVE('',#4973,#4974,#2985,.T.);
#6348=EDGE_CURVE('',#4974,#4972,#2986,.T.);
#6349=EDGE_CURVE('',#4973,#4955,#2987,.T.);
#6350=EDGE_CURVE('',#4958,#4974,#2988,.T.);
#6351=EDGE_CURVE('',#4975,#4976,#574,.T.);
#6352=EDGE_CURVE('',#4976,#4977,#2989,.T.);
#6353=EDGE_CURVE('',#4977,#4978,#575,.T.);
#6354=EDGE_CURVE('',#4975,#4978,#2990,.T.);
#6355=EDGE_CURVE('',#4979,#4976,#576,.T.);
#6356=EDGE_CURVE('',#4979,#4980,#2991,.T.);
#6357=EDGE_CURVE('',#4980,#4977,#577,.T.);
#6358=EDGE_CURVE('',#4981,#4979,#2992,.T.);
#6359=EDGE_CURVE('',#4981,#4982,#2993,.T.);
#6360=EDGE_CURVE('',#4982,#4980,#2994,.T.);
#6361=EDGE_CURVE('',#4983,#4981,#2995,.T.);
#6362=EDGE_CURVE('',#4983,#4984,#2996,.T.);
#6363=EDGE_CURVE('',#4984,#4982,#2997,.T.);
#6364=EDGE_CURVE('',#4983,#4985,#2998,.T.);
#6365=EDGE_CURVE('',#4985,#4986,#2999,.T.);
#6366=EDGE_CURVE('',#4986,#4984,#3000,.T.);
#6367=EDGE_CURVE('',#4985,#4987,#578,.T.);
#6368=EDGE_CURVE('',#4987,#4988,#3001,.T.);
#6369=EDGE_CURVE('',#4988,#4986,#579,.T.);
#6370=EDGE_CURVE('',#4989,#4987,#580,.T.);
#6371=EDGE_CURVE('',#4989,#4990,#3002,.T.);
#6372=EDGE_CURVE('',#4990,#4988,#581,.T.);
#6373=EDGE_CURVE('',#4991,#4989,#3003,.T.);
#6374=EDGE_CURVE('',#4991,#4992,#3004,.T.);
#6375=EDGE_CURVE('',#4992,#4990,#3005,.T.);
#6376=EDGE_CURVE('',#4993,#4991,#3006,.T.);
#6377=EDGE_CURVE('',#4993,#4994,#3007,.T.);
#6378=EDGE_CURVE('',#4994,#4992,#3008,.T.);
#6379=EDGE_CURVE('',#4993,#4975,#3009,.T.);
#6380=EDGE_CURVE('',#4978,#4994,#3010,.T.);
#6381=EDGE_CURVE('',#4995,#4996,#582,.T.);
#6382=EDGE_CURVE('',#4996,#4997,#3011,.T.);
#6383=EDGE_CURVE('',#4997,#4998,#583,.T.);
#6384=EDGE_CURVE('',#4995,#4998,#3012,.T.);
#6385=EDGE_CURVE('',#4999,#4996,#584,.T.);
#6386=EDGE_CURVE('',#4999,#5000,#3013,.T.);
#6387=EDGE_CURVE('',#5000,#4997,#585,.T.);
#6388=EDGE_CURVE('',#5001,#4999,#3014,.T.);
#6389=EDGE_CURVE('',#5001,#5002,#3015,.T.);
#6390=EDGE_CURVE('',#5002,#5000,#3016,.T.);
#6391=EDGE_CURVE('',#5003,#5001,#3017,.T.);
#6392=EDGE_CURVE('',#5003,#5004,#3018,.T.);
#6393=EDGE_CURVE('',#5004,#5002,#3019,.T.);
#6394=EDGE_CURVE('',#5003,#5005,#3020,.T.);
#6395=EDGE_CURVE('',#5005,#5006,#3021,.T.);
#6396=EDGE_CURVE('',#5006,#5004,#3022,.T.);
#6397=EDGE_CURVE('',#5005,#5007,#586,.T.);
#6398=EDGE_CURVE('',#5007,#5008,#3023,.T.);
#6399=EDGE_CURVE('',#5008,#5006,#587,.T.);
#6400=EDGE_CURVE('',#5009,#5007,#588,.T.);
#6401=EDGE_CURVE('',#5009,#5010,#3024,.T.);
#6402=EDGE_CURVE('',#5010,#5008,#589,.T.);
#6403=EDGE_CURVE('',#5011,#5009,#3025,.T.);
#6404=EDGE_CURVE('',#5011,#5012,#3026,.T.);
#6405=EDGE_CURVE('',#5012,#5010,#3027,.T.);
#6406=EDGE_CURVE('',#5013,#5011,#3028,.T.);
#6407=EDGE_CURVE('',#5013,#5014,#3029,.T.);
#6408=EDGE_CURVE('',#5014,#5012,#3030,.T.);
#6409=EDGE_CURVE('',#5013,#4995,#3031,.T.);
#6410=EDGE_CURVE('',#4998,#5014,#3032,.T.);
#6411=EDGE_CURVE('',#5015,#5016,#590,.T.);
#6412=EDGE_CURVE('',#5016,#5017,#3033,.T.);
#6413=EDGE_CURVE('',#5017,#5018,#591,.T.);
#6414=EDGE_CURVE('',#5015,#5018,#3034,.T.);
#6415=EDGE_CURVE('',#5019,#5016,#592,.T.);
#6416=EDGE_CURVE('',#5019,#5020,#3035,.T.);
#6417=EDGE_CURVE('',#5020,#5017,#593,.T.);
#6418=EDGE_CURVE('',#5021,#5019,#3036,.T.);
#6419=EDGE_CURVE('',#5021,#5022,#3037,.T.);
#6420=EDGE_CURVE('',#5022,#5020,#3038,.T.);
#6421=EDGE_CURVE('',#5023,#5021,#3039,.T.);
#6422=EDGE_CURVE('',#5023,#5024,#3040,.T.);
#6423=EDGE_CURVE('',#5024,#5022,#3041,.T.);
#6424=EDGE_CURVE('',#5023,#5025,#3042,.T.);
#6425=EDGE_CURVE('',#5025,#5026,#3043,.T.);
#6426=EDGE_CURVE('',#5026,#5024,#3044,.T.);
#6427=EDGE_CURVE('',#5025,#5027,#594,.T.);
#6428=EDGE_CURVE('',#5027,#5028,#3045,.T.);
#6429=EDGE_CURVE('',#5028,#5026,#595,.T.);
#6430=EDGE_CURVE('',#5029,#5027,#596,.T.);
#6431=EDGE_CURVE('',#5029,#5030,#3046,.T.);
#6432=EDGE_CURVE('',#5030,#5028,#597,.T.);
#6433=EDGE_CURVE('',#5031,#5029,#3047,.T.);
#6434=EDGE_CURVE('',#5031,#5032,#3048,.T.);
#6435=EDGE_CURVE('',#5032,#5030,#3049,.T.);
#6436=EDGE_CURVE('',#5033,#5031,#3050,.T.);
#6437=EDGE_CURVE('',#5033,#5034,#3051,.T.);
#6438=EDGE_CURVE('',#5034,#5032,#3052,.T.);
#6439=EDGE_CURVE('',#5033,#5015,#3053,.T.);
#6440=EDGE_CURVE('',#5018,#5034,#3054,.T.);
#6441=EDGE_CURVE('',#5035,#5036,#598,.T.);
#6442=EDGE_CURVE('',#5037,#5035,#3055,.T.);
#6443=EDGE_CURVE('',#5038,#5037,#599,.T.);
#6444=EDGE_CURVE('',#5036,#5038,#3056,.T.);
#6445=EDGE_CURVE('',#5036,#5039,#3057,.T.);
#6446=EDGE_CURVE('',#5040,#5038,#3058,.T.);
#6447=EDGE_CURVE('',#5040,#5039,#3059,.T.);
#6448=EDGE_CURVE('',#5039,#5041,#600,.T.);
#6449=EDGE_CURVE('',#5042,#5040,#601,.T.);
#6450=EDGE_CURVE('',#5041,#5042,#3060,.T.);
#6451=EDGE_CURVE('',#5041,#5043,#3061,.T.);
#6452=EDGE_CURVE('',#5044,#5042,#3062,.T.);
#6453=EDGE_CURVE('',#5044,#5043,#3063,.T.);
#6454=EDGE_CURVE('',#5045,#5035,#3064,.T.);
#6455=EDGE_CURVE('',#5045,#5046,#3065,.T.);
#6456=EDGE_CURVE('',#5037,#5046,#3066,.T.);
#6457=EDGE_CURVE('',#5043,#5047,#602,.T.);
#6458=EDGE_CURVE('',#5048,#5044,#603,.T.);
#6459=EDGE_CURVE('',#5047,#5048,#3067,.T.);
#6460=EDGE_CURVE('',#5047,#5049,#3068,.T.);
#6461=EDGE_CURVE('',#5050,#5048,#3069,.T.);
#6462=EDGE_CURVE('',#5050,#5049,#3070,.T.);
#6463=EDGE_CURVE('',#5049,#5045,#604,.T.);
#6464=EDGE_CURVE('',#5046,#5050,#605,.T.);
#6465=EDGE_CURVE('',#5051,#5052,#3071,.T.);
#6466=EDGE_CURVE('',#5051,#5053,#3072,.T.);
#6467=EDGE_CURVE('',#5054,#5053,#3073,.T.);
#6468=EDGE_CURVE('',#5052,#5054,#3074,.T.);
#6469=EDGE_CURVE('',#5055,#5052,#3075,.T.);
#6470=EDGE_CURVE('',#5056,#5054,#3076,.T.);
#6471=EDGE_CURVE('',#5055,#5056,#3077,.T.);
#6472=EDGE_CURVE('',#5055,#5057,#3078,.T.);
#6473=EDGE_CURVE('',#5058,#5056,#3079,.T.);
#6474=EDGE_CURVE('',#5057,#5058,#3080,.T.);
#6475=EDGE_CURVE('',#5059,#5057,#3081,.T.);
#6476=EDGE_CURVE('',#5060,#5058,#3082,.T.);
#6477=EDGE_CURVE('',#5059,#5060,#3083,.T.);
#6478=EDGE_CURVE('',#5061,#5059,#3084,.T.);
#6479=EDGE_CURVE('',#5062,#5060,#3085,.T.);
#6480=EDGE_CURVE('',#5061,#5062,#3086,.T.);
#6481=EDGE_CURVE('',#5063,#5061,#3087,.T.);
#6482=EDGE_CURVE('',#5064,#5062,#3088,.T.);
#6483=EDGE_CURVE('',#5063,#5064,#3089,.T.);
#6484=EDGE_CURVE('',#5065,#5063,#3090,.T.);
#6485=EDGE_CURVE('',#5066,#5064,#3091,.T.);
#6486=EDGE_CURVE('',#5065,#5066,#3092,.T.);
#6487=EDGE_CURVE('',#5051,#5065,#3093,.T.);
#6488=EDGE_CURVE('',#5053,#5066,#3094,.T.);
#6489=EDGE_CURVE('',#5067,#5068,#3095,.T.);
#6490=EDGE_CURVE('',#5068,#5069,#3096,.T.);
#6491=EDGE_CURVE('',#5069,#5070,#3097,.T.);
#6492=EDGE_CURVE('',#5070,#5067,#3098,.T.);
#6493=EDGE_CURVE('',#5071,#5069,#3099,.T.);
#6494=EDGE_CURVE('',#5069,#5072,#3100,.T.);
#6495=EDGE_CURVE('',#5072,#5073,#3101,.T.);
#6496=EDGE_CURVE('',#5073,#5071,#3102,.T.);
#6497=EDGE_CURVE('',#5074,#5075,#3103,.T.);
#6498=EDGE_CURVE('',#5075,#5076,#3104,.T.);
#6499=EDGE_CURVE('',#5076,#5072,#3105,.T.);
#6500=EDGE_CURVE('',#5072,#5074,#3106,.T.);
#6501=EDGE_CURVE('',#5076,#5073,#606,.T.);
#6502=EDGE_CURVE('',#5077,#5074,#3107,.T.);
#6503=EDGE_CURVE('',#5074,#5068,#3108,.T.);
#6504=EDGE_CURVE('',#5068,#5078,#3109,.T.);
#6505=EDGE_CURVE('',#5078,#5077,#3110,.T.);
#6506=EDGE_CURVE('',#5077,#5075,#607,.T.);
#6507=EDGE_CURVE('',#5067,#5078,#608,.T.);
#6508=EDGE_CURVE('',#5071,#5070,#609,.T.);
#6509=EDGE_CURVE('',#5076,#5079,#3111,.T.);
#6510=EDGE_CURVE('',#5080,#5079,#610,.T.);
#6511=EDGE_CURVE('',#5080,#5073,#3112,.T.);
#6512=EDGE_CURVE('',#5081,#5075,#3113,.T.);
#6513=EDGE_CURVE('',#5082,#5081,#611,.T.);
#6514=EDGE_CURVE('',#5083,#5082,#3114,.T.);
#6515=EDGE_CURVE('',#5084,#5083,#3115,.T.);
#6516=EDGE_CURVE('',#5085,#5084,#3116,.T.);
#6517=EDGE_CURVE('',#5079,#5085,#612,.T.);
#6518=EDGE_CURVE('',#5077,#5086,#3117,.T.);
#6519=EDGE_CURVE('',#5086,#5081,#613,.T.);
#6520=EDGE_CURVE('',#5087,#5078,#3118,.T.);
#6521=EDGE_CURVE('',#5087,#5086,#3119,.T.);
#6522=EDGE_CURVE('',#5071,#5088,#3120,.T.);
#6523=EDGE_CURVE('',#5089,#5088,#614,.T.);
#6524=EDGE_CURVE('',#5089,#5070,#3121,.T.);
#6525=EDGE_CURVE('',#5067,#5090,#3122,.T.);
#6526=EDGE_CURVE('',#5090,#5087,#615,.T.);
#6527=EDGE_CURVE('',#5080,#5088,#3123,.T.);
#6528=EDGE_CURVE('',#5091,#5092,#3124,.T.);
#6529=EDGE_CURVE('',#5092,#5093,#3125,.T.);
#6530=EDGE_CURVE('',#5093,#5094,#3126,.T.);
#6531=EDGE_CURVE('',#5094,#5091,#3127,.T.);
#6532=EDGE_CURVE('',#5095,#5096,#3128,.T.);
#6533=EDGE_CURVE('',#5096,#5092,#3129,.T.);
#6534=EDGE_CURVE('',#5092,#5097,#3130,.T.);
#6535=EDGE_CURVE('',#5097,#5095,#3131,.T.);
#6536=EDGE_CURVE('',#5091,#5097,#616,.T.);
#6537=EDGE_CURVE('',#5098,#5099,#3132,.T.);
#6538=EDGE_CURVE('',#5099,#5096,#3133,.T.);
#6539=EDGE_CURVE('',#5096,#5100,#3134,.T.);
#6540=EDGE_CURVE('',#5100,#5098,#3135,.T.);
#6541=EDGE_CURVE('',#5095,#5100,#617,.T.);
#6542=EDGE_CURVE('',#5083,#5093,#3136,.T.);
#6543=EDGE_CURVE('',#5093,#5099,#3137,.T.);
#6544=EDGE_CURVE('',#5099,#5084,#3138,.T.);
#6545=EDGE_CURVE('',#5098,#5084,#618,.T.);
#6546=EDGE_CURVE('',#5083,#5094,#619,.T.);
#6547=EDGE_CURVE('',#5091,#5101,#3139,.T.);
#6548=EDGE_CURVE('',#5102,#5101,#620,.T.);
#6549=EDGE_CURVE('',#5102,#5097,#3140,.T.);
#6550=EDGE_CURVE('',#5103,#5094,#3141,.T.);
#6551=EDGE_CURVE('',#5101,#5103,#3142,.T.);
#6552=EDGE_CURVE('',#5103,#5082,#621,.T.);
#6553=EDGE_CURVE('',#5095,#5104,#3143,.T.);
#6554=EDGE_CURVE('',#5104,#5105,#622,.T.);
#6555=EDGE_CURVE('',#5105,#5100,#3144,.T.);
#6556=EDGE_CURVE('',#5106,#5105,#3145,.T.);
#6557=EDGE_CURVE('',#5098,#5106,#3146,.T.);
#6558=EDGE_CURVE('',#5106,#5085,#623,.T.);
#6559=EDGE_CURVE('',#5104,#5089,#624,.T.);
#6560=EDGE_CURVE('',#5090,#5102,#625,.T.);
#6561=EDGE_CURVE('',#5086,#5103,#626,.T.);
#6562=EDGE_CURVE('',#5106,#5080,#627,.T.);
#6563=EDGE_CURVE('',#5101,#5087,#628,.T.);
#6564=EDGE_CURVE('',#5088,#5105,#629,.T.);
#6565=ORIENTED_EDGE('',*,*,#5107,.T.);
#6566=ORIENTED_EDGE('',*,*,#5108,.T.);
#6567=ORIENTED_EDGE('',*,*,#5109,.F.);
#6568=ORIENTED_EDGE('',*,*,#5110,.F.);
#6569=ORIENTED_EDGE('',*,*,#5111,.T.);
#6570=ORIENTED_EDGE('',*,*,#5110,.T.);
#6571=ORIENTED_EDGE('',*,*,#5112,.F.);
#6572=ORIENTED_EDGE('',*,*,#5113,.F.);
#6573=ORIENTED_EDGE('',*,*,#5114,.T.);
#6574=ORIENTED_EDGE('',*,*,#5113,.T.);
#6575=ORIENTED_EDGE('',*,*,#5115,.F.);
#6576=ORIENTED_EDGE('',*,*,#5116,.F.);
#6577=ORIENTED_EDGE('',*,*,#5117,.T.);
#6578=ORIENTED_EDGE('',*,*,#5116,.T.);
#6579=ORIENTED_EDGE('',*,*,#5118,.F.);
#6580=ORIENTED_EDGE('',*,*,#5108,.F.);
#6581=ORIENTED_EDGE('',*,*,#5118,.T.);
#6582=ORIENTED_EDGE('',*,*,#5115,.T.);
#6583=ORIENTED_EDGE('',*,*,#5112,.T.);
#6584=ORIENTED_EDGE('',*,*,#5109,.T.);
#6585=ORIENTED_EDGE('',*,*,#5117,.F.);
#6586=ORIENTED_EDGE('',*,*,#5107,.F.);
#6587=ORIENTED_EDGE('',*,*,#5111,.F.);
#6588=ORIENTED_EDGE('',*,*,#5114,.F.);
#6589=ORIENTED_EDGE('',*,*,#5119,.F.);
#6590=ORIENTED_EDGE('',*,*,#5120,.T.);
#6591=ORIENTED_EDGE('',*,*,#5121,.F.);
#6592=ORIENTED_EDGE('',*,*,#5122,.F.);
#6593=ORIENTED_EDGE('',*,*,#5123,.F.);
#6594=ORIENTED_EDGE('',*,*,#5122,.T.);
#6595=ORIENTED_EDGE('',*,*,#5124,.F.);
#6596=ORIENTED_EDGE('',*,*,#5125,.F.);
#6597=ORIENTED_EDGE('',*,*,#5126,.T.);
#6598=ORIENTED_EDGE('',*,*,#5125,.T.);
#6599=ORIENTED_EDGE('',*,*,#5127,.F.);
#6600=ORIENTED_EDGE('',*,*,#5128,.F.);
#6601=ORIENTED_EDGE('',*,*,#5129,.T.);
#6602=ORIENTED_EDGE('',*,*,#5128,.T.);
#6603=ORIENTED_EDGE('',*,*,#5130,.F.);
#6604=ORIENTED_EDGE('',*,*,#5120,.F.);
#6605=ORIENTED_EDGE('',*,*,#5130,.T.);
#6606=ORIENTED_EDGE('',*,*,#5127,.T.);
#6607=ORIENTED_EDGE('',*,*,#5124,.T.);
#6608=ORIENTED_EDGE('',*,*,#5121,.T.);
#6609=ORIENTED_EDGE('',*,*,#5129,.F.);
#6610=ORIENTED_EDGE('',*,*,#5119,.T.);
#6611=ORIENTED_EDGE('',*,*,#5123,.T.);
#6612=ORIENTED_EDGE('',*,*,#5126,.F.);
#6613=ORIENTED_EDGE('',*,*,#5131,.T.);
#6614=ORIENTED_EDGE('',*,*,#5132,.T.);
#6615=ORIENTED_EDGE('',*,*,#5133,.F.);
#6616=ORIENTED_EDGE('',*,*,#5134,.F.);
#6617=ORIENTED_EDGE('',*,*,#5135,.F.);
#6618=ORIENTED_EDGE('',*,*,#5134,.T.);
#6619=ORIENTED_EDGE('',*,*,#5136,.F.);
#6620=ORIENTED_EDGE('',*,*,#5137,.F.);
#6621=ORIENTED_EDGE('',*,*,#5138,.T.);
#6622=ORIENTED_EDGE('',*,*,#5137,.T.);
#6623=ORIENTED_EDGE('',*,*,#5139,.F.);
#6624=ORIENTED_EDGE('',*,*,#5140,.F.);
#6625=ORIENTED_EDGE('',*,*,#5141,.F.);
#6626=ORIENTED_EDGE('',*,*,#5140,.T.);
#6627=ORIENTED_EDGE('',*,*,#5142,.F.);
#6628=ORIENTED_EDGE('',*,*,#5143,.F.);
#6629=ORIENTED_EDGE('',*,*,#5144,.F.);
#6630=ORIENTED_EDGE('',*,*,#5143,.T.);
#6631=ORIENTED_EDGE('',*,*,#5145,.F.);
#6632=ORIENTED_EDGE('',*,*,#5146,.F.);
#6633=ORIENTED_EDGE('',*,*,#5147,.T.);
#6634=ORIENTED_EDGE('',*,*,#5146,.T.);
#6635=ORIENTED_EDGE('',*,*,#5148,.F.);
#6636=ORIENTED_EDGE('',*,*,#5132,.F.);
#6637=ORIENTED_EDGE('',*,*,#5148,.T.);
#6638=ORIENTED_EDGE('',*,*,#5145,.T.);
#6639=ORIENTED_EDGE('',*,*,#5142,.T.);
#6640=ORIENTED_EDGE('',*,*,#5139,.T.);
#6641=ORIENTED_EDGE('',*,*,#5136,.T.);
#6642=ORIENTED_EDGE('',*,*,#5133,.T.);
#6643=ORIENTED_EDGE('',*,*,#5147,.F.);
#6644=ORIENTED_EDGE('',*,*,#5131,.F.);
#6645=ORIENTED_EDGE('',*,*,#5135,.T.);
#6646=ORIENTED_EDGE('',*,*,#5138,.F.);
#6647=ORIENTED_EDGE('',*,*,#5141,.T.);
#6648=ORIENTED_EDGE('',*,*,#5144,.T.);
#6649=ORIENTED_EDGE('',*,*,#5149,.F.);
#6650=ORIENTED_EDGE('',*,*,#5150,.T.);
#6651=ORIENTED_EDGE('',*,*,#5151,.F.);
#6652=ORIENTED_EDGE('',*,*,#5152,.F.);
#6653=ORIENTED_EDGE('',*,*,#5153,.T.);
#6654=ORIENTED_EDGE('',*,*,#5152,.T.);
#6655=ORIENTED_EDGE('',*,*,#5154,.F.);
#6656=ORIENTED_EDGE('',*,*,#5155,.F.);
#6657=ORIENTED_EDGE('',*,*,#5156,.T.);
#6658=ORIENTED_EDGE('',*,*,#5155,.T.);
#6659=ORIENTED_EDGE('',*,*,#5157,.F.);
#6660=ORIENTED_EDGE('',*,*,#5158,.F.);
#6661=ORIENTED_EDGE('',*,*,#5159,.T.);
#6662=ORIENTED_EDGE('',*,*,#5158,.T.);
#6663=ORIENTED_EDGE('',*,*,#5160,.F.);
#6664=ORIENTED_EDGE('',*,*,#5161,.F.);
#6665=ORIENTED_EDGE('',*,*,#5162,.T.);
#6666=ORIENTED_EDGE('',*,*,#5161,.T.);
#6667=ORIENTED_EDGE('',*,*,#5163,.F.);
#6668=ORIENTED_EDGE('',*,*,#5164,.F.);
#6669=ORIENTED_EDGE('',*,*,#5165,.F.);
#6670=ORIENTED_EDGE('',*,*,#5164,.T.);
#6671=ORIENTED_EDGE('',*,*,#5166,.F.);
#6672=ORIENTED_EDGE('',*,*,#5150,.F.);
#6673=ORIENTED_EDGE('',*,*,#5166,.T.);
#6674=ORIENTED_EDGE('',*,*,#5163,.T.);
#6675=ORIENTED_EDGE('',*,*,#5160,.T.);
#6676=ORIENTED_EDGE('',*,*,#5157,.T.);
#6677=ORIENTED_EDGE('',*,*,#5154,.T.);
#6678=ORIENTED_EDGE('',*,*,#5151,.T.);
#6679=ORIENTED_EDGE('',*,*,#5165,.T.);
#6680=ORIENTED_EDGE('',*,*,#5149,.T.);
#6681=ORIENTED_EDGE('',*,*,#5153,.F.);
#6682=ORIENTED_EDGE('',*,*,#5156,.F.);
#6683=ORIENTED_EDGE('',*,*,#5159,.F.);
#6684=ORIENTED_EDGE('',*,*,#5162,.F.);
#6685=ORIENTED_EDGE('',*,*,#5167,.T.);
#6686=ORIENTED_EDGE('',*,*,#5168,.T.);
#6687=ORIENTED_EDGE('',*,*,#5169,.F.);
#6688=ORIENTED_EDGE('',*,*,#5170,.F.);
#6689=ORIENTED_EDGE('',*,*,#5171,.F.);
#6690=ORIENTED_EDGE('',*,*,#5170,.T.);
#6691=ORIENTED_EDGE('',*,*,#5172,.F.);
#6692=ORIENTED_EDGE('',*,*,#5173,.F.);
#6693=ORIENTED_EDGE('',*,*,#5174,.F.);
#6694=ORIENTED_EDGE('',*,*,#5173,.T.);
#6695=ORIENTED_EDGE('',*,*,#5175,.F.);
#6696=ORIENTED_EDGE('',*,*,#5176,.F.);
#6697=ORIENTED_EDGE('',*,*,#5177,.F.);
#6698=ORIENTED_EDGE('',*,*,#5176,.T.);
#6699=ORIENTED_EDGE('',*,*,#5178,.F.);
#6700=ORIENTED_EDGE('',*,*,#5179,.F.);
#6701=ORIENTED_EDGE('',*,*,#5180,.F.);
#6702=ORIENTED_EDGE('',*,*,#5179,.T.);
#6703=ORIENTED_EDGE('',*,*,#5181,.F.);
#6704=ORIENTED_EDGE('',*,*,#5182,.F.);
#6705=ORIENTED_EDGE('',*,*,#5183,.T.);
#6706=ORIENTED_EDGE('',*,*,#5182,.T.);
#6707=ORIENTED_EDGE('',*,*,#5184,.F.);
#6708=ORIENTED_EDGE('',*,*,#5168,.F.);
#6709=ORIENTED_EDGE('',*,*,#5184,.T.);
#6710=ORIENTED_EDGE('',*,*,#5181,.T.);
#6711=ORIENTED_EDGE('',*,*,#5178,.T.);
#6712=ORIENTED_EDGE('',*,*,#5175,.T.);
#6713=ORIENTED_EDGE('',*,*,#5172,.T.);
#6714=ORIENTED_EDGE('',*,*,#5169,.T.);
#6715=ORIENTED_EDGE('',*,*,#5183,.F.);
#6716=ORIENTED_EDGE('',*,*,#5167,.F.);
#6717=ORIENTED_EDGE('',*,*,#5171,.T.);
#6718=ORIENTED_EDGE('',*,*,#5174,.T.);
#6719=ORIENTED_EDGE('',*,*,#5177,.T.);
#6720=ORIENTED_EDGE('',*,*,#5180,.T.);
#6721=ORIENTED_EDGE('',*,*,#5185,.F.);
#6722=ORIENTED_EDGE('',*,*,#5186,.T.);
#6723=ORIENTED_EDGE('',*,*,#5187,.F.);
#6724=ORIENTED_EDGE('',*,*,#5188,.F.);
#6725=ORIENTED_EDGE('',*,*,#5189,.F.);
#6726=ORIENTED_EDGE('',*,*,#5188,.T.);
#6727=ORIENTED_EDGE('',*,*,#5190,.F.);
#6728=ORIENTED_EDGE('',*,*,#5191,.F.);
#6729=ORIENTED_EDGE('',*,*,#5192,.F.);
#6730=ORIENTED_EDGE('',*,*,#5191,.T.);
#6731=ORIENTED_EDGE('',*,*,#5193,.F.);
#6732=ORIENTED_EDGE('',*,*,#5194,.F.);
#6733=ORIENTED_EDGE('',*,*,#5195,.T.);
#6734=ORIENTED_EDGE('',*,*,#5194,.T.);
#6735=ORIENTED_EDGE('',*,*,#5196,.F.);
#6736=ORIENTED_EDGE('',*,*,#5186,.F.);
#6737=ORIENTED_EDGE('',*,*,#5196,.T.);
#6738=ORIENTED_EDGE('',*,*,#5193,.T.);
#6739=ORIENTED_EDGE('',*,*,#5190,.T.);
#6740=ORIENTED_EDGE('',*,*,#5187,.T.);
#6741=ORIENTED_EDGE('',*,*,#5195,.F.);
#6742=ORIENTED_EDGE('',*,*,#5185,.T.);
#6743=ORIENTED_EDGE('',*,*,#5189,.T.);
#6744=ORIENTED_EDGE('',*,*,#5192,.T.);
#6745=ORIENTED_EDGE('',*,*,#5197,.F.);
#6746=ORIENTED_EDGE('',*,*,#5198,.T.);
#6747=ORIENTED_EDGE('',*,*,#5199,.F.);
#6748=ORIENTED_EDGE('',*,*,#5200,.F.);
#6749=ORIENTED_EDGE('',*,*,#5201,.T.);
#6750=ORIENTED_EDGE('',*,*,#5200,.T.);
#6751=ORIENTED_EDGE('',*,*,#5202,.F.);
#6752=ORIENTED_EDGE('',*,*,#5203,.F.);
#6753=ORIENTED_EDGE('',*,*,#5204,.T.);
#6754=ORIENTED_EDGE('',*,*,#5203,.T.);
#6755=ORIENTED_EDGE('',*,*,#5205,.F.);
#6756=ORIENTED_EDGE('',*,*,#5206,.F.);
#6757=ORIENTED_EDGE('',*,*,#5207,.T.);
#6758=ORIENTED_EDGE('',*,*,#5206,.T.);
#6759=ORIENTED_EDGE('',*,*,#5208,.F.);
#6760=ORIENTED_EDGE('',*,*,#5198,.F.);
#6761=ORIENTED_EDGE('',*,*,#5208,.T.);
#6762=ORIENTED_EDGE('',*,*,#5205,.T.);
#6763=ORIENTED_EDGE('',*,*,#5202,.T.);
#6764=ORIENTED_EDGE('',*,*,#5199,.T.);
#6765=ORIENTED_EDGE('',*,*,#5207,.F.);
#6766=ORIENTED_EDGE('',*,*,#5197,.T.);
#6767=ORIENTED_EDGE('',*,*,#5201,.F.);
#6768=ORIENTED_EDGE('',*,*,#5204,.F.);
#6769=ORIENTED_EDGE('',*,*,#5209,.F.);
#6770=ORIENTED_EDGE('',*,*,#5210,.T.);
#6771=ORIENTED_EDGE('',*,*,#5211,.F.);
#6772=ORIENTED_EDGE('',*,*,#5212,.F.);
#6773=ORIENTED_EDGE('',*,*,#5213,.T.);
#6774=ORIENTED_EDGE('',*,*,#5212,.T.);
#6775=ORIENTED_EDGE('',*,*,#5214,.F.);
#6776=ORIENTED_EDGE('',*,*,#5215,.F.);
#6777=ORIENTED_EDGE('',*,*,#5216,.T.);
#6778=ORIENTED_EDGE('',*,*,#5215,.T.);
#6779=ORIENTED_EDGE('',*,*,#5217,.F.);
#6780=ORIENTED_EDGE('',*,*,#5218,.F.);
#6781=ORIENTED_EDGE('',*,*,#5219,.F.);
#6782=ORIENTED_EDGE('',*,*,#5218,.T.);
#6783=ORIENTED_EDGE('',*,*,#5220,.F.);
#6784=ORIENTED_EDGE('',*,*,#5210,.F.);
#6785=ORIENTED_EDGE('',*,*,#5220,.T.);
#6786=ORIENTED_EDGE('',*,*,#5217,.T.);
#6787=ORIENTED_EDGE('',*,*,#5214,.T.);
#6788=ORIENTED_EDGE('',*,*,#5211,.T.);
#6789=ORIENTED_EDGE('',*,*,#5219,.T.);
#6790=ORIENTED_EDGE('',*,*,#5209,.T.);
#6791=ORIENTED_EDGE('',*,*,#5213,.F.);
#6792=ORIENTED_EDGE('',*,*,#5216,.F.);
#6793=ORIENTED_EDGE('',*,*,#5221,.F.);
#6794=ORIENTED_EDGE('',*,*,#5222,.T.);
#6795=ORIENTED_EDGE('',*,*,#5223,.F.);
#6796=ORIENTED_EDGE('',*,*,#5222,.F.);
#6797=ORIENTED_EDGE('',*,*,#5224,.F.);
#6798=ORIENTED_EDGE('',*,*,#5225,.T.);
#6799=ORIENTED_EDGE('',*,*,#5226,.F.);
#6800=ORIENTED_EDGE('',*,*,#5225,.F.);
#6801=ORIENTED_EDGE('',*,*,#5227,.F.);
#6802=ORIENTED_EDGE('',*,*,#5228,.T.);
#6803=ORIENTED_EDGE('',*,*,#5229,.F.);
#6804=ORIENTED_EDGE('',*,*,#5228,.F.);
#6805=ORIENTED_EDGE('',*,*,#5230,.F.);
#6806=ORIENTED_EDGE('',*,*,#5231,.T.);
#6807=ORIENTED_EDGE('',*,*,#5232,.F.);
#6808=ORIENTED_EDGE('',*,*,#5231,.F.);
#6809=ORIENTED_EDGE('',*,*,#5233,.T.);
#6810=ORIENTED_EDGE('',*,*,#5234,.T.);
#6811=ORIENTED_EDGE('',*,*,#5235,.T.);
#6812=ORIENTED_EDGE('',*,*,#5236,.T.);
#6813=ORIENTED_EDGE('',*,*,#5235,.F.);
#6814=ORIENTED_EDGE('',*,*,#5237,.T.);
#6815=ORIENTED_EDGE('',*,*,#5238,.F.);
#6816=ORIENTED_EDGE('',*,*,#5239,.T.);
#6817=ORIENTED_EDGE('',*,*,#5240,.F.);
#6818=ORIENTED_EDGE('',*,*,#5241,.T.);
#6819=ORIENTED_EDGE('',*,*,#5242,.F.);
#6820=ORIENTED_EDGE('',*,*,#5243,.T.);
#6821=ORIENTED_EDGE('',*,*,#5221,.T.);
#6822=ORIENTED_EDGE('',*,*,#5224,.T.);
#6823=ORIENTED_EDGE('',*,*,#5227,.T.);
#6824=ORIENTED_EDGE('',*,*,#5230,.T.);
#6825=ORIENTED_EDGE('',*,*,#5244,.F.);
#6826=ORIENTED_EDGE('',*,*,#5245,.F.);
#6827=ORIENTED_EDGE('',*,*,#5246,.F.);
#6828=ORIENTED_EDGE('',*,*,#5247,.F.);
#6829=ORIENTED_EDGE('',*,*,#5234,.F.);
#6830=ORIENTED_EDGE('',*,*,#5248,.F.);
#6831=ORIENTED_EDGE('',*,*,#5249,.F.);
#6832=ORIENTED_EDGE('',*,*,#5237,.F.);
#6833=ORIENTED_EDGE('',*,*,#5250,.T.);
#6834=ORIENTED_EDGE('',*,*,#5251,.T.);
#6835=ORIENTED_EDGE('',*,*,#5238,.T.);
#6836=ORIENTED_EDGE('',*,*,#5249,.T.);
#6837=ORIENTED_EDGE('',*,*,#5252,.T.);
#6838=ORIENTED_EDGE('',*,*,#5253,.T.);
#6839=ORIENTED_EDGE('',*,*,#5242,.T.);
#6840=ORIENTED_EDGE('',*,*,#5254,.T.);
#6841=ORIENTED_EDGE('',*,*,#5254,.F.);
#6842=ORIENTED_EDGE('',*,*,#5241,.F.);
#6843=ORIENTED_EDGE('',*,*,#5255,.F.);
#6844=ORIENTED_EDGE('',*,*,#5256,.F.);
#6845=ORIENTED_EDGE('',*,*,#5257,.T.);
#6846=ORIENTED_EDGE('',*,*,#5255,.T.);
#6847=ORIENTED_EDGE('',*,*,#5240,.T.);
#6848=ORIENTED_EDGE('',*,*,#5258,.T.);
#6849=ORIENTED_EDGE('',*,*,#5259,.F.);
#6850=ORIENTED_EDGE('',*,*,#5260,.T.);
#6851=ORIENTED_EDGE('',*,*,#5247,.T.);
#6852=ORIENTED_EDGE('',*,*,#5260,.F.);
#6853=ORIENTED_EDGE('',*,*,#5261,.F.);
#6854=ORIENTED_EDGE('',*,*,#5262,.T.);
#6855=ORIENTED_EDGE('',*,*,#5246,.T.);
#6856=ORIENTED_EDGE('',*,*,#5262,.F.);
#6857=ORIENTED_EDGE('',*,*,#5263,.F.);
#6858=ORIENTED_EDGE('',*,*,#5264,.T.);
#6859=ORIENTED_EDGE('',*,*,#5245,.T.);
#6860=ORIENTED_EDGE('',*,*,#5264,.F.);
#6861=ORIENTED_EDGE('',*,*,#5265,.F.);
#6862=ORIENTED_EDGE('',*,*,#5266,.T.);
#6863=ORIENTED_EDGE('',*,*,#5244,.T.);
#6864=ORIENTED_EDGE('',*,*,#5266,.F.);
#6865=ORIENTED_EDGE('',*,*,#5236,.F.);
#6866=ORIENTED_EDGE('',*,*,#5243,.F.);
#6867=ORIENTED_EDGE('',*,*,#5253,.F.);
#6868=ORIENTED_EDGE('',*,*,#5267,.F.);
#6869=ORIENTED_EDGE('',*,*,#5251,.F.);
#6870=ORIENTED_EDGE('',*,*,#5268,.F.);
#6871=ORIENTED_EDGE('',*,*,#5258,.F.);
#6872=ORIENTED_EDGE('',*,*,#5239,.F.);
#6873=ORIENTED_EDGE('',*,*,#5233,.F.);
#6874=ORIENTED_EDGE('',*,*,#5267,.T.);
#6875=ORIENTED_EDGE('',*,*,#5252,.F.);
#6876=ORIENTED_EDGE('',*,*,#5256,.T.);
#6877=ORIENTED_EDGE('',*,*,#5257,.F.);
#6878=ORIENTED_EDGE('',*,*,#5268,.T.);
#6879=ORIENTED_EDGE('',*,*,#5250,.F.);
#6880=ORIENTED_EDGE('',*,*,#5248,.T.);
#6881=ORIENTED_EDGE('',*,*,#5223,.T.);
#6882=ORIENTED_EDGE('',*,*,#5226,.T.);
#6883=ORIENTED_EDGE('',*,*,#5229,.T.);
#6884=ORIENTED_EDGE('',*,*,#5232,.T.);
#6885=ORIENTED_EDGE('',*,*,#5265,.T.);
#6886=ORIENTED_EDGE('',*,*,#5263,.T.);
#6887=ORIENTED_EDGE('',*,*,#5261,.T.);
#6888=ORIENTED_EDGE('',*,*,#5259,.T.);
#6889=ORIENTED_EDGE('',*,*,#5269,.F.);
#6890=ORIENTED_EDGE('',*,*,#5270,.T.);
#6891=ORIENTED_EDGE('',*,*,#5271,.F.);
#6892=ORIENTED_EDGE('',*,*,#5272,.F.);
#6893=ORIENTED_EDGE('',*,*,#5273,.F.);
#6894=ORIENTED_EDGE('',*,*,#5272,.T.);
#6895=ORIENTED_EDGE('',*,*,#5274,.F.);
#6896=ORIENTED_EDGE('',*,*,#5275,.F.);
#6897=ORIENTED_EDGE('',*,*,#5276,.F.);
#6898=ORIENTED_EDGE('',*,*,#5275,.T.);
#6899=ORIENTED_EDGE('',*,*,#5277,.F.);
#6900=ORIENTED_EDGE('',*,*,#5278,.F.);
#6901=ORIENTED_EDGE('',*,*,#5279,.F.);
#6902=ORIENTED_EDGE('',*,*,#5278,.T.);
#6903=ORIENTED_EDGE('',*,*,#5280,.F.);
#6904=ORIENTED_EDGE('',*,*,#5281,.F.);
#6905=ORIENTED_EDGE('',*,*,#5282,.F.);
#6906=ORIENTED_EDGE('',*,*,#5281,.T.);
#6907=ORIENTED_EDGE('',*,*,#5283,.F.);
#6908=ORIENTED_EDGE('',*,*,#5284,.F.);
#6909=ORIENTED_EDGE('',*,*,#5285,.F.);
#6910=ORIENTED_EDGE('',*,*,#5284,.T.);
#6911=ORIENTED_EDGE('',*,*,#5286,.F.);
#6912=ORIENTED_EDGE('',*,*,#5287,.F.);
#6913=ORIENTED_EDGE('',*,*,#5288,.F.);
#6914=ORIENTED_EDGE('',*,*,#5287,.T.);
#6915=ORIENTED_EDGE('',*,*,#5289,.F.);
#6916=ORIENTED_EDGE('',*,*,#5290,.F.);
#6917=ORIENTED_EDGE('',*,*,#5291,.F.);
#6918=ORIENTED_EDGE('',*,*,#5290,.T.);
#6919=ORIENTED_EDGE('',*,*,#5292,.F.);
#6920=ORIENTED_EDGE('',*,*,#5293,.F.);
#6921=ORIENTED_EDGE('',*,*,#5294,.F.);
#6922=ORIENTED_EDGE('',*,*,#5293,.T.);
#6923=ORIENTED_EDGE('',*,*,#5295,.F.);
#6924=ORIENTED_EDGE('',*,*,#5296,.F.);
#6925=ORIENTED_EDGE('',*,*,#5297,.F.);
#6926=ORIENTED_EDGE('',*,*,#5296,.T.);
#6927=ORIENTED_EDGE('',*,*,#5298,.F.);
#6928=ORIENTED_EDGE('',*,*,#5299,.F.);
#6929=ORIENTED_EDGE('',*,*,#5300,.F.);
#6930=ORIENTED_EDGE('',*,*,#5299,.T.);
#6931=ORIENTED_EDGE('',*,*,#5301,.F.);
#6932=ORIENTED_EDGE('',*,*,#5302,.F.);
#6933=ORIENTED_EDGE('',*,*,#5303,.F.);
#6934=ORIENTED_EDGE('',*,*,#5302,.T.);
#6935=ORIENTED_EDGE('',*,*,#5304,.F.);
#6936=ORIENTED_EDGE('',*,*,#5270,.F.);
#6937=ORIENTED_EDGE('',*,*,#5304,.T.);
#6938=ORIENTED_EDGE('',*,*,#5301,.T.);
#6939=ORIENTED_EDGE('',*,*,#5298,.T.);
#6940=ORIENTED_EDGE('',*,*,#5295,.T.);
#6941=ORIENTED_EDGE('',*,*,#5292,.T.);
#6942=ORIENTED_EDGE('',*,*,#5289,.T.);
#6943=ORIENTED_EDGE('',*,*,#5286,.T.);
#6944=ORIENTED_EDGE('',*,*,#5283,.T.);
#6945=ORIENTED_EDGE('',*,*,#5280,.T.);
#6946=ORIENTED_EDGE('',*,*,#5277,.T.);
#6947=ORIENTED_EDGE('',*,*,#5274,.T.);
#6948=ORIENTED_EDGE('',*,*,#5271,.T.);
#6949=ORIENTED_EDGE('',*,*,#5303,.T.);
#6950=ORIENTED_EDGE('',*,*,#5269,.T.);
#6951=ORIENTED_EDGE('',*,*,#5273,.T.);
#6952=ORIENTED_EDGE('',*,*,#5276,.T.);
#6953=ORIENTED_EDGE('',*,*,#5279,.T.);
#6954=ORIENTED_EDGE('',*,*,#5282,.T.);
#6955=ORIENTED_EDGE('',*,*,#5285,.T.);
#6956=ORIENTED_EDGE('',*,*,#5288,.T.);
#6957=ORIENTED_EDGE('',*,*,#5291,.T.);
#6958=ORIENTED_EDGE('',*,*,#5294,.T.);
#6959=ORIENTED_EDGE('',*,*,#5297,.T.);
#6960=ORIENTED_EDGE('',*,*,#5300,.T.);
#6961=ORIENTED_EDGE('',*,*,#5305,.F.);
#6962=ORIENTED_EDGE('',*,*,#5306,.T.);
#6963=ORIENTED_EDGE('',*,*,#5307,.F.);
#6964=ORIENTED_EDGE('',*,*,#5308,.F.);
#6965=ORIENTED_EDGE('',*,*,#5309,.F.);
#6966=ORIENTED_EDGE('',*,*,#5308,.T.);
#6967=ORIENTED_EDGE('',*,*,#5310,.F.);
#6968=ORIENTED_EDGE('',*,*,#5311,.F.);
#6969=ORIENTED_EDGE('',*,*,#5312,.F.);
#6970=ORIENTED_EDGE('',*,*,#5311,.T.);
#6971=ORIENTED_EDGE('',*,*,#5313,.F.);
#6972=ORIENTED_EDGE('',*,*,#5314,.F.);
#6973=ORIENTED_EDGE('',*,*,#5315,.F.);
#6974=ORIENTED_EDGE('',*,*,#5314,.T.);
#6975=ORIENTED_EDGE('',*,*,#5316,.F.);
#6976=ORIENTED_EDGE('',*,*,#5317,.F.);
#6977=ORIENTED_EDGE('',*,*,#5318,.F.);
#6978=ORIENTED_EDGE('',*,*,#5317,.T.);
#6979=ORIENTED_EDGE('',*,*,#5319,.F.);
#6980=ORIENTED_EDGE('',*,*,#5320,.F.);
#6981=ORIENTED_EDGE('',*,*,#5321,.F.);
#6982=ORIENTED_EDGE('',*,*,#5320,.T.);
#6983=ORIENTED_EDGE('',*,*,#5322,.F.);
#6984=ORIENTED_EDGE('',*,*,#5323,.F.);
#6985=ORIENTED_EDGE('',*,*,#5324,.F.);
#6986=ORIENTED_EDGE('',*,*,#5323,.T.);
#6987=ORIENTED_EDGE('',*,*,#5325,.F.);
#6988=ORIENTED_EDGE('',*,*,#5326,.F.);
#6989=ORIENTED_EDGE('',*,*,#5327,.F.);
#6990=ORIENTED_EDGE('',*,*,#5326,.T.);
#6991=ORIENTED_EDGE('',*,*,#5328,.F.);
#6992=ORIENTED_EDGE('',*,*,#5306,.F.);
#6993=ORIENTED_EDGE('',*,*,#5329,.F.);
#6994=ORIENTED_EDGE('',*,*,#5330,.T.);
#6995=ORIENTED_EDGE('',*,*,#5331,.F.);
#6996=ORIENTED_EDGE('',*,*,#5332,.F.);
#6997=ORIENTED_EDGE('',*,*,#5333,.F.);
#6998=ORIENTED_EDGE('',*,*,#5332,.T.);
#6999=ORIENTED_EDGE('',*,*,#5334,.F.);
#7000=ORIENTED_EDGE('',*,*,#5335,.F.);
#7001=ORIENTED_EDGE('',*,*,#5336,.F.);
#7002=ORIENTED_EDGE('',*,*,#5335,.T.);
#7003=ORIENTED_EDGE('',*,*,#5337,.F.);
#7004=ORIENTED_EDGE('',*,*,#5338,.F.);
#7005=ORIENTED_EDGE('',*,*,#5339,.F.);
#7006=ORIENTED_EDGE('',*,*,#5338,.T.);
#7007=ORIENTED_EDGE('',*,*,#5340,.F.);
#7008=ORIENTED_EDGE('',*,*,#5341,.F.);
#7009=ORIENTED_EDGE('',*,*,#5342,.F.);
#7010=ORIENTED_EDGE('',*,*,#5341,.T.);
#7011=ORIENTED_EDGE('',*,*,#5343,.F.);
#7012=ORIENTED_EDGE('',*,*,#5344,.F.);
#7013=ORIENTED_EDGE('',*,*,#5345,.F.);
#7014=ORIENTED_EDGE('',*,*,#5344,.T.);
#7015=ORIENTED_EDGE('',*,*,#5346,.F.);
#7016=ORIENTED_EDGE('',*,*,#5347,.F.);
#7017=ORIENTED_EDGE('',*,*,#5348,.F.);
#7018=ORIENTED_EDGE('',*,*,#5347,.T.);
#7019=ORIENTED_EDGE('',*,*,#5349,.F.);
#7020=ORIENTED_EDGE('',*,*,#5350,.F.);
#7021=ORIENTED_EDGE('',*,*,#5351,.F.);
#7022=ORIENTED_EDGE('',*,*,#5350,.T.);
#7023=ORIENTED_EDGE('',*,*,#5352,.F.);
#7024=ORIENTED_EDGE('',*,*,#5353,.F.);
#7025=ORIENTED_EDGE('',*,*,#5354,.F.);
#7026=ORIENTED_EDGE('',*,*,#5353,.T.);
#7027=ORIENTED_EDGE('',*,*,#5355,.F.);
#7028=ORIENTED_EDGE('',*,*,#5356,.F.);
#7029=ORIENTED_EDGE('',*,*,#5357,.F.);
#7030=ORIENTED_EDGE('',*,*,#5356,.T.);
#7031=ORIENTED_EDGE('',*,*,#5358,.F.);
#7032=ORIENTED_EDGE('',*,*,#5359,.F.);
#7033=ORIENTED_EDGE('',*,*,#5360,.F.);
#7034=ORIENTED_EDGE('',*,*,#5359,.T.);
#7035=ORIENTED_EDGE('',*,*,#5361,.F.);
#7036=ORIENTED_EDGE('',*,*,#5330,.F.);
#7037=ORIENTED_EDGE('',*,*,#5361,.T.);
#7038=ORIENTED_EDGE('',*,*,#5358,.T.);
#7039=ORIENTED_EDGE('',*,*,#5355,.T.);
#7040=ORIENTED_EDGE('',*,*,#5352,.T.);
#7041=ORIENTED_EDGE('',*,*,#5349,.T.);
#7042=ORIENTED_EDGE('',*,*,#5346,.T.);
#7043=ORIENTED_EDGE('',*,*,#5343,.T.);
#7044=ORIENTED_EDGE('',*,*,#5340,.T.);
#7045=ORIENTED_EDGE('',*,*,#5337,.T.);
#7046=ORIENTED_EDGE('',*,*,#5334,.T.);
#7047=ORIENTED_EDGE('',*,*,#5331,.T.);
#7048=ORIENTED_EDGE('',*,*,#5328,.T.);
#7049=ORIENTED_EDGE('',*,*,#5325,.T.);
#7050=ORIENTED_EDGE('',*,*,#5322,.T.);
#7051=ORIENTED_EDGE('',*,*,#5319,.T.);
#7052=ORIENTED_EDGE('',*,*,#5316,.T.);
#7053=ORIENTED_EDGE('',*,*,#5313,.T.);
#7054=ORIENTED_EDGE('',*,*,#5310,.T.);
#7055=ORIENTED_EDGE('',*,*,#5307,.T.);
#7056=ORIENTED_EDGE('',*,*,#5360,.T.);
#7057=ORIENTED_EDGE('',*,*,#5329,.T.);
#7058=ORIENTED_EDGE('',*,*,#5333,.T.);
#7059=ORIENTED_EDGE('',*,*,#5336,.T.);
#7060=ORIENTED_EDGE('',*,*,#5339,.T.);
#7061=ORIENTED_EDGE('',*,*,#5342,.T.);
#7062=ORIENTED_EDGE('',*,*,#5345,.T.);
#7063=ORIENTED_EDGE('',*,*,#5348,.T.);
#7064=ORIENTED_EDGE('',*,*,#5351,.T.);
#7065=ORIENTED_EDGE('',*,*,#5354,.T.);
#7066=ORIENTED_EDGE('',*,*,#5357,.T.);
#7067=ORIENTED_EDGE('',*,*,#5327,.T.);
#7068=ORIENTED_EDGE('',*,*,#5305,.T.);
#7069=ORIENTED_EDGE('',*,*,#5309,.T.);
#7070=ORIENTED_EDGE('',*,*,#5312,.T.);
#7071=ORIENTED_EDGE('',*,*,#5315,.T.);
#7072=ORIENTED_EDGE('',*,*,#5318,.T.);
#7073=ORIENTED_EDGE('',*,*,#5321,.T.);
#7074=ORIENTED_EDGE('',*,*,#5324,.T.);
#7075=ORIENTED_EDGE('',*,*,#5362,.F.);
#7076=ORIENTED_EDGE('',*,*,#5363,.T.);
#7077=ORIENTED_EDGE('',*,*,#5364,.F.);
#7078=ORIENTED_EDGE('',*,*,#5365,.F.);
#7079=ORIENTED_EDGE('',*,*,#5366,.F.);
#7080=ORIENTED_EDGE('',*,*,#5365,.T.);
#7081=ORIENTED_EDGE('',*,*,#5367,.F.);
#7082=ORIENTED_EDGE('',*,*,#5368,.F.);
#7083=ORIENTED_EDGE('',*,*,#5369,.F.);
#7084=ORIENTED_EDGE('',*,*,#5368,.T.);
#7085=ORIENTED_EDGE('',*,*,#5370,.F.);
#7086=ORIENTED_EDGE('',*,*,#5371,.F.);
#7087=ORIENTED_EDGE('',*,*,#5372,.F.);
#7088=ORIENTED_EDGE('',*,*,#5371,.T.);
#7089=ORIENTED_EDGE('',*,*,#5373,.F.);
#7090=ORIENTED_EDGE('',*,*,#5363,.F.);
#7091=ORIENTED_EDGE('',*,*,#5373,.T.);
#7092=ORIENTED_EDGE('',*,*,#5370,.T.);
#7093=ORIENTED_EDGE('',*,*,#5367,.T.);
#7094=ORIENTED_EDGE('',*,*,#5364,.T.);
#7095=ORIENTED_EDGE('',*,*,#5372,.T.);
#7096=ORIENTED_EDGE('',*,*,#5362,.T.);
#7097=ORIENTED_EDGE('',*,*,#5366,.T.);
#7098=ORIENTED_EDGE('',*,*,#5369,.T.);
#7099=ORIENTED_EDGE('',*,*,#5374,.F.);
#7100=ORIENTED_EDGE('',*,*,#5375,.T.);
#7101=ORIENTED_EDGE('',*,*,#5376,.F.);
#7102=ORIENTED_EDGE('',*,*,#5377,.F.);
#7103=ORIENTED_EDGE('',*,*,#5378,.F.);
#7104=ORIENTED_EDGE('',*,*,#5377,.T.);
#7105=ORIENTED_EDGE('',*,*,#5379,.F.);
#7106=ORIENTED_EDGE('',*,*,#5380,.F.);
#7107=ORIENTED_EDGE('',*,*,#5381,.F.);
#7108=ORIENTED_EDGE('',*,*,#5380,.T.);
#7109=ORIENTED_EDGE('',*,*,#5382,.F.);
#7110=ORIENTED_EDGE('',*,*,#5383,.F.);
#7111=ORIENTED_EDGE('',*,*,#5384,.F.);
#7112=ORIENTED_EDGE('',*,*,#5383,.T.);
#7113=ORIENTED_EDGE('',*,*,#5385,.F.);
#7114=ORIENTED_EDGE('',*,*,#5386,.F.);
#7115=ORIENTED_EDGE('',*,*,#5387,.F.);
#7116=ORIENTED_EDGE('',*,*,#5386,.T.);
#7117=ORIENTED_EDGE('',*,*,#5388,.F.);
#7118=ORIENTED_EDGE('',*,*,#5389,.F.);
#7119=ORIENTED_EDGE('',*,*,#5390,.F.);
#7120=ORIENTED_EDGE('',*,*,#5389,.T.);
#7121=ORIENTED_EDGE('',*,*,#5391,.F.);
#7122=ORIENTED_EDGE('',*,*,#5392,.F.);
#7123=ORIENTED_EDGE('',*,*,#5393,.F.);
#7124=ORIENTED_EDGE('',*,*,#5392,.T.);
#7125=ORIENTED_EDGE('',*,*,#5394,.F.);
#7126=ORIENTED_EDGE('',*,*,#5395,.F.);
#7127=ORIENTED_EDGE('',*,*,#5396,.F.);
#7128=ORIENTED_EDGE('',*,*,#5395,.T.);
#7129=ORIENTED_EDGE('',*,*,#5397,.F.);
#7130=ORIENTED_EDGE('',*,*,#5398,.F.);
#7131=ORIENTED_EDGE('',*,*,#5399,.F.);
#7132=ORIENTED_EDGE('',*,*,#5398,.T.);
#7133=ORIENTED_EDGE('',*,*,#5400,.F.);
#7134=ORIENTED_EDGE('',*,*,#5401,.F.);
#7135=ORIENTED_EDGE('',*,*,#5402,.F.);
#7136=ORIENTED_EDGE('',*,*,#5401,.T.);
#7137=ORIENTED_EDGE('',*,*,#5403,.F.);
#7138=ORIENTED_EDGE('',*,*,#5404,.F.);
#7139=ORIENTED_EDGE('',*,*,#5405,.F.);
#7140=ORIENTED_EDGE('',*,*,#5404,.T.);
#7141=ORIENTED_EDGE('',*,*,#5406,.F.);
#7142=ORIENTED_EDGE('',*,*,#5407,.F.);
#7143=ORIENTED_EDGE('',*,*,#5408,.F.);
#7144=ORIENTED_EDGE('',*,*,#5407,.T.);
#7145=ORIENTED_EDGE('',*,*,#5409,.F.);
#7146=ORIENTED_EDGE('',*,*,#5410,.F.);
#7147=ORIENTED_EDGE('',*,*,#5411,.F.);
#7148=ORIENTED_EDGE('',*,*,#5410,.T.);
#7149=ORIENTED_EDGE('',*,*,#5412,.F.);
#7150=ORIENTED_EDGE('',*,*,#5413,.F.);
#7151=ORIENTED_EDGE('',*,*,#5414,.F.);
#7152=ORIENTED_EDGE('',*,*,#5413,.T.);
#7153=ORIENTED_EDGE('',*,*,#5415,.F.);
#7154=ORIENTED_EDGE('',*,*,#5416,.F.);
#7155=ORIENTED_EDGE('',*,*,#5417,.F.);
#7156=ORIENTED_EDGE('',*,*,#5416,.T.);
#7157=ORIENTED_EDGE('',*,*,#5418,.F.);
#7158=ORIENTED_EDGE('',*,*,#5419,.F.);
#7159=ORIENTED_EDGE('',*,*,#5420,.F.);
#7160=ORIENTED_EDGE('',*,*,#5419,.T.);
#7161=ORIENTED_EDGE('',*,*,#5421,.F.);
#7162=ORIENTED_EDGE('',*,*,#5422,.F.);
#7163=ORIENTED_EDGE('',*,*,#5423,.F.);
#7164=ORIENTED_EDGE('',*,*,#5422,.T.);
#7165=ORIENTED_EDGE('',*,*,#5424,.F.);
#7166=ORIENTED_EDGE('',*,*,#5425,.F.);
#7167=ORIENTED_EDGE('',*,*,#5426,.F.);
#7168=ORIENTED_EDGE('',*,*,#5425,.T.);
#7169=ORIENTED_EDGE('',*,*,#5427,.F.);
#7170=ORIENTED_EDGE('',*,*,#5428,.F.);
#7171=ORIENTED_EDGE('',*,*,#5429,.F.);
#7172=ORIENTED_EDGE('',*,*,#5428,.T.);
#7173=ORIENTED_EDGE('',*,*,#5430,.F.);
#7174=ORIENTED_EDGE('',*,*,#5431,.F.);
#7175=ORIENTED_EDGE('',*,*,#5432,.F.);
#7176=ORIENTED_EDGE('',*,*,#5431,.T.);
#7177=ORIENTED_EDGE('',*,*,#5433,.F.);
#7178=ORIENTED_EDGE('',*,*,#5434,.F.);
#7179=ORIENTED_EDGE('',*,*,#5435,.F.);
#7180=ORIENTED_EDGE('',*,*,#5434,.T.);
#7181=ORIENTED_EDGE('',*,*,#5436,.F.);
#7182=ORIENTED_EDGE('',*,*,#5375,.F.);
#7183=ORIENTED_EDGE('',*,*,#5436,.T.);
#7184=ORIENTED_EDGE('',*,*,#5433,.T.);
#7185=ORIENTED_EDGE('',*,*,#5430,.T.);
#7186=ORIENTED_EDGE('',*,*,#5427,.T.);
#7187=ORIENTED_EDGE('',*,*,#5424,.T.);
#7188=ORIENTED_EDGE('',*,*,#5421,.T.);
#7189=ORIENTED_EDGE('',*,*,#5418,.T.);
#7190=ORIENTED_EDGE('',*,*,#5415,.T.);
#7191=ORIENTED_EDGE('',*,*,#5412,.T.);
#7192=ORIENTED_EDGE('',*,*,#5409,.T.);
#7193=ORIENTED_EDGE('',*,*,#5406,.T.);
#7194=ORIENTED_EDGE('',*,*,#5403,.T.);
#7195=ORIENTED_EDGE('',*,*,#5400,.T.);
#7196=ORIENTED_EDGE('',*,*,#5397,.T.);
#7197=ORIENTED_EDGE('',*,*,#5394,.T.);
#7198=ORIENTED_EDGE('',*,*,#5391,.T.);
#7199=ORIENTED_EDGE('',*,*,#5388,.T.);
#7200=ORIENTED_EDGE('',*,*,#5385,.T.);
#7201=ORIENTED_EDGE('',*,*,#5382,.T.);
#7202=ORIENTED_EDGE('',*,*,#5379,.T.);
#7203=ORIENTED_EDGE('',*,*,#5376,.T.);
#7204=ORIENTED_EDGE('',*,*,#5435,.T.);
#7205=ORIENTED_EDGE('',*,*,#5374,.T.);
#7206=ORIENTED_EDGE('',*,*,#5378,.T.);
#7207=ORIENTED_EDGE('',*,*,#5381,.T.);
#7208=ORIENTED_EDGE('',*,*,#5384,.T.);
#7209=ORIENTED_EDGE('',*,*,#5387,.T.);
#7210=ORIENTED_EDGE('',*,*,#5390,.T.);
#7211=ORIENTED_EDGE('',*,*,#5393,.T.);
#7212=ORIENTED_EDGE('',*,*,#5396,.T.);
#7213=ORIENTED_EDGE('',*,*,#5399,.T.);
#7214=ORIENTED_EDGE('',*,*,#5402,.T.);
#7215=ORIENTED_EDGE('',*,*,#5405,.T.);
#7216=ORIENTED_EDGE('',*,*,#5408,.T.);
#7217=ORIENTED_EDGE('',*,*,#5411,.T.);
#7218=ORIENTED_EDGE('',*,*,#5414,.T.);
#7219=ORIENTED_EDGE('',*,*,#5417,.T.);
#7220=ORIENTED_EDGE('',*,*,#5420,.T.);
#7221=ORIENTED_EDGE('',*,*,#5423,.T.);
#7222=ORIENTED_EDGE('',*,*,#5426,.T.);
#7223=ORIENTED_EDGE('',*,*,#5429,.T.);
#7224=ORIENTED_EDGE('',*,*,#5432,.T.);
#7225=ORIENTED_EDGE('',*,*,#5437,.F.);
#7226=ORIENTED_EDGE('',*,*,#5438,.T.);
#7227=ORIENTED_EDGE('',*,*,#5439,.F.);
#7228=ORIENTED_EDGE('',*,*,#5440,.F.);
#7229=ORIENTED_EDGE('',*,*,#5441,.F.);
#7230=ORIENTED_EDGE('',*,*,#5440,.T.);
#7231=ORIENTED_EDGE('',*,*,#5442,.F.);
#7232=ORIENTED_EDGE('',*,*,#5443,.F.);
#7233=ORIENTED_EDGE('',*,*,#5444,.F.);
#7234=ORIENTED_EDGE('',*,*,#5443,.T.);
#7235=ORIENTED_EDGE('',*,*,#5445,.F.);
#7236=ORIENTED_EDGE('',*,*,#5446,.F.);
#7237=ORIENTED_EDGE('',*,*,#5447,.F.);
#7238=ORIENTED_EDGE('',*,*,#5446,.T.);
#7239=ORIENTED_EDGE('',*,*,#5448,.F.);
#7240=ORIENTED_EDGE('',*,*,#5449,.F.);
#7241=ORIENTED_EDGE('',*,*,#5450,.F.);
#7242=ORIENTED_EDGE('',*,*,#5449,.T.);
#7243=ORIENTED_EDGE('',*,*,#5451,.F.);
#7244=ORIENTED_EDGE('',*,*,#5452,.F.);
#7245=ORIENTED_EDGE('',*,*,#5453,.F.);
#7246=ORIENTED_EDGE('',*,*,#5452,.T.);
#7247=ORIENTED_EDGE('',*,*,#5454,.F.);
#7248=ORIENTED_EDGE('',*,*,#5455,.F.);
#7249=ORIENTED_EDGE('',*,*,#5456,.F.);
#7250=ORIENTED_EDGE('',*,*,#5455,.T.);
#7251=ORIENTED_EDGE('',*,*,#5457,.F.);
#7252=ORIENTED_EDGE('',*,*,#5458,.F.);
#7253=ORIENTED_EDGE('',*,*,#5459,.F.);
#7254=ORIENTED_EDGE('',*,*,#5458,.T.);
#7255=ORIENTED_EDGE('',*,*,#5460,.F.);
#7256=ORIENTED_EDGE('',*,*,#5461,.F.);
#7257=ORIENTED_EDGE('',*,*,#5462,.F.);
#7258=ORIENTED_EDGE('',*,*,#5461,.T.);
#7259=ORIENTED_EDGE('',*,*,#5463,.F.);
#7260=ORIENTED_EDGE('',*,*,#5464,.F.);
#7261=ORIENTED_EDGE('',*,*,#5465,.F.);
#7262=ORIENTED_EDGE('',*,*,#5464,.T.);
#7263=ORIENTED_EDGE('',*,*,#5466,.F.);
#7264=ORIENTED_EDGE('',*,*,#5467,.F.);
#7265=ORIENTED_EDGE('',*,*,#5468,.F.);
#7266=ORIENTED_EDGE('',*,*,#5467,.T.);
#7267=ORIENTED_EDGE('',*,*,#5469,.F.);
#7268=ORIENTED_EDGE('',*,*,#5470,.F.);
#7269=ORIENTED_EDGE('',*,*,#5471,.F.);
#7270=ORIENTED_EDGE('',*,*,#5470,.T.);
#7271=ORIENTED_EDGE('',*,*,#5472,.F.);
#7272=ORIENTED_EDGE('',*,*,#5473,.F.);
#7273=ORIENTED_EDGE('',*,*,#5474,.F.);
#7274=ORIENTED_EDGE('',*,*,#5473,.T.);
#7275=ORIENTED_EDGE('',*,*,#5475,.F.);
#7276=ORIENTED_EDGE('',*,*,#5476,.F.);
#7277=ORIENTED_EDGE('',*,*,#5477,.F.);
#7278=ORIENTED_EDGE('',*,*,#5476,.T.);
#7279=ORIENTED_EDGE('',*,*,#5478,.F.);
#7280=ORIENTED_EDGE('',*,*,#5479,.F.);
#7281=ORIENTED_EDGE('',*,*,#5480,.F.);
#7282=ORIENTED_EDGE('',*,*,#5479,.T.);
#7283=ORIENTED_EDGE('',*,*,#5481,.F.);
#7284=ORIENTED_EDGE('',*,*,#5482,.F.);
#7285=ORIENTED_EDGE('',*,*,#5483,.F.);
#7286=ORIENTED_EDGE('',*,*,#5482,.T.);
#7287=ORIENTED_EDGE('',*,*,#5484,.F.);
#7288=ORIENTED_EDGE('',*,*,#5485,.F.);
#7289=ORIENTED_EDGE('',*,*,#5486,.F.);
#7290=ORIENTED_EDGE('',*,*,#5485,.T.);
#7291=ORIENTED_EDGE('',*,*,#5487,.F.);
#7292=ORIENTED_EDGE('',*,*,#5488,.F.);
#7293=ORIENTED_EDGE('',*,*,#5489,.F.);
#7294=ORIENTED_EDGE('',*,*,#5488,.T.);
#7295=ORIENTED_EDGE('',*,*,#5490,.F.);
#7296=ORIENTED_EDGE('',*,*,#5491,.F.);
#7297=ORIENTED_EDGE('',*,*,#5492,.F.);
#7298=ORIENTED_EDGE('',*,*,#5491,.T.);
#7299=ORIENTED_EDGE('',*,*,#5493,.F.);
#7300=ORIENTED_EDGE('',*,*,#5494,.F.);
#7301=ORIENTED_EDGE('',*,*,#5495,.F.);
#7302=ORIENTED_EDGE('',*,*,#5494,.T.);
#7303=ORIENTED_EDGE('',*,*,#5496,.F.);
#7304=ORIENTED_EDGE('',*,*,#5497,.F.);
#7305=ORIENTED_EDGE('',*,*,#5498,.F.);
#7306=ORIENTED_EDGE('',*,*,#5497,.T.);
#7307=ORIENTED_EDGE('',*,*,#5499,.F.);
#7308=ORIENTED_EDGE('',*,*,#5500,.F.);
#7309=ORIENTED_EDGE('',*,*,#5501,.F.);
#7310=ORIENTED_EDGE('',*,*,#5500,.T.);
#7311=ORIENTED_EDGE('',*,*,#5502,.F.);
#7312=ORIENTED_EDGE('',*,*,#5503,.F.);
#7313=ORIENTED_EDGE('',*,*,#5504,.F.);
#7314=ORIENTED_EDGE('',*,*,#5503,.T.);
#7315=ORIENTED_EDGE('',*,*,#5505,.F.);
#7316=ORIENTED_EDGE('',*,*,#5506,.F.);
#7317=ORIENTED_EDGE('',*,*,#5507,.F.);
#7318=ORIENTED_EDGE('',*,*,#5506,.T.);
#7319=ORIENTED_EDGE('',*,*,#5508,.F.);
#7320=ORIENTED_EDGE('',*,*,#5509,.F.);
#7321=ORIENTED_EDGE('',*,*,#5510,.F.);
#7322=ORIENTED_EDGE('',*,*,#5509,.T.);
#7323=ORIENTED_EDGE('',*,*,#5511,.F.);
#7324=ORIENTED_EDGE('',*,*,#5438,.F.);
#7325=ORIENTED_EDGE('',*,*,#5511,.T.);
#7326=ORIENTED_EDGE('',*,*,#5508,.T.);
#7327=ORIENTED_EDGE('',*,*,#5505,.T.);
#7328=ORIENTED_EDGE('',*,*,#5502,.T.);
#7329=ORIENTED_EDGE('',*,*,#5499,.T.);
#7330=ORIENTED_EDGE('',*,*,#5496,.T.);
#7331=ORIENTED_EDGE('',*,*,#5493,.T.);
#7332=ORIENTED_EDGE('',*,*,#5490,.T.);
#7333=ORIENTED_EDGE('',*,*,#5487,.T.);
#7334=ORIENTED_EDGE('',*,*,#5484,.T.);
#7335=ORIENTED_EDGE('',*,*,#5481,.T.);
#7336=ORIENTED_EDGE('',*,*,#5478,.T.);
#7337=ORIENTED_EDGE('',*,*,#5475,.T.);
#7338=ORIENTED_EDGE('',*,*,#5472,.T.);
#7339=ORIENTED_EDGE('',*,*,#5469,.T.);
#7340=ORIENTED_EDGE('',*,*,#5466,.T.);
#7341=ORIENTED_EDGE('',*,*,#5463,.T.);
#7342=ORIENTED_EDGE('',*,*,#5460,.T.);
#7343=ORIENTED_EDGE('',*,*,#5457,.T.);
#7344=ORIENTED_EDGE('',*,*,#5454,.T.);
#7345=ORIENTED_EDGE('',*,*,#5451,.T.);
#7346=ORIENTED_EDGE('',*,*,#5448,.T.);
#7347=ORIENTED_EDGE('',*,*,#5445,.T.);
#7348=ORIENTED_EDGE('',*,*,#5442,.T.);
#7349=ORIENTED_EDGE('',*,*,#5439,.T.);
#7350=ORIENTED_EDGE('',*,*,#5510,.T.);
#7351=ORIENTED_EDGE('',*,*,#5437,.T.);
#7352=ORIENTED_EDGE('',*,*,#5441,.T.);
#7353=ORIENTED_EDGE('',*,*,#5444,.T.);
#7354=ORIENTED_EDGE('',*,*,#5447,.T.);
#7355=ORIENTED_EDGE('',*,*,#5450,.T.);
#7356=ORIENTED_EDGE('',*,*,#5453,.T.);
#7357=ORIENTED_EDGE('',*,*,#5456,.T.);
#7358=ORIENTED_EDGE('',*,*,#5459,.T.);
#7359=ORIENTED_EDGE('',*,*,#5462,.T.);
#7360=ORIENTED_EDGE('',*,*,#5465,.T.);
#7361=ORIENTED_EDGE('',*,*,#5468,.T.);
#7362=ORIENTED_EDGE('',*,*,#5471,.T.);
#7363=ORIENTED_EDGE('',*,*,#5474,.T.);
#7364=ORIENTED_EDGE('',*,*,#5477,.T.);
#7365=ORIENTED_EDGE('',*,*,#5480,.T.);
#7366=ORIENTED_EDGE('',*,*,#5483,.T.);
#7367=ORIENTED_EDGE('',*,*,#5486,.T.);
#7368=ORIENTED_EDGE('',*,*,#5489,.T.);
#7369=ORIENTED_EDGE('',*,*,#5492,.T.);
#7370=ORIENTED_EDGE('',*,*,#5495,.T.);
#7371=ORIENTED_EDGE('',*,*,#5498,.T.);
#7372=ORIENTED_EDGE('',*,*,#5501,.T.);
#7373=ORIENTED_EDGE('',*,*,#5504,.T.);
#7374=ORIENTED_EDGE('',*,*,#5507,.T.);
#7375=ORIENTED_EDGE('',*,*,#5512,.F.);
#7376=ORIENTED_EDGE('',*,*,#5513,.T.);
#7377=ORIENTED_EDGE('',*,*,#5514,.F.);
#7378=ORIENTED_EDGE('',*,*,#5515,.F.);
#7379=ORIENTED_EDGE('',*,*,#5516,.F.);
#7380=ORIENTED_EDGE('',*,*,#5515,.T.);
#7381=ORIENTED_EDGE('',*,*,#5517,.F.);
#7382=ORIENTED_EDGE('',*,*,#5518,.F.);
#7383=ORIENTED_EDGE('',*,*,#5519,.F.);
#7384=ORIENTED_EDGE('',*,*,#5518,.T.);
#7385=ORIENTED_EDGE('',*,*,#5520,.F.);
#7386=ORIENTED_EDGE('',*,*,#5521,.F.);
#7387=ORIENTED_EDGE('',*,*,#5522,.F.);
#7388=ORIENTED_EDGE('',*,*,#5521,.T.);
#7389=ORIENTED_EDGE('',*,*,#5523,.F.);
#7390=ORIENTED_EDGE('',*,*,#5524,.F.);
#7391=ORIENTED_EDGE('',*,*,#5525,.F.);
#7392=ORIENTED_EDGE('',*,*,#5524,.T.);
#7393=ORIENTED_EDGE('',*,*,#5526,.F.);
#7394=ORIENTED_EDGE('',*,*,#5527,.F.);
#7395=ORIENTED_EDGE('',*,*,#5528,.F.);
#7396=ORIENTED_EDGE('',*,*,#5527,.T.);
#7397=ORIENTED_EDGE('',*,*,#5529,.F.);
#7398=ORIENTED_EDGE('',*,*,#5530,.F.);
#7399=ORIENTED_EDGE('',*,*,#5531,.F.);
#7400=ORIENTED_EDGE('',*,*,#5530,.T.);
#7401=ORIENTED_EDGE('',*,*,#5532,.F.);
#7402=ORIENTED_EDGE('',*,*,#5533,.F.);
#7403=ORIENTED_EDGE('',*,*,#5534,.F.);
#7404=ORIENTED_EDGE('',*,*,#5533,.T.);
#7405=ORIENTED_EDGE('',*,*,#5535,.F.);
#7406=ORIENTED_EDGE('',*,*,#5536,.F.);
#7407=ORIENTED_EDGE('',*,*,#5537,.F.);
#7408=ORIENTED_EDGE('',*,*,#5536,.T.);
#7409=ORIENTED_EDGE('',*,*,#5538,.F.);
#7410=ORIENTED_EDGE('',*,*,#5539,.F.);
#7411=ORIENTED_EDGE('',*,*,#5540,.F.);
#7412=ORIENTED_EDGE('',*,*,#5539,.T.);
#7413=ORIENTED_EDGE('',*,*,#5541,.F.);
#7414=ORIENTED_EDGE('',*,*,#5513,.F.);
#7415=ORIENTED_EDGE('',*,*,#5541,.T.);
#7416=ORIENTED_EDGE('',*,*,#5538,.T.);
#7417=ORIENTED_EDGE('',*,*,#5535,.T.);
#7418=ORIENTED_EDGE('',*,*,#5532,.T.);
#7419=ORIENTED_EDGE('',*,*,#5529,.T.);
#7420=ORIENTED_EDGE('',*,*,#5526,.T.);
#7421=ORIENTED_EDGE('',*,*,#5523,.T.);
#7422=ORIENTED_EDGE('',*,*,#5520,.T.);
#7423=ORIENTED_EDGE('',*,*,#5517,.T.);
#7424=ORIENTED_EDGE('',*,*,#5514,.T.);
#7425=ORIENTED_EDGE('',*,*,#5540,.T.);
#7426=ORIENTED_EDGE('',*,*,#5512,.T.);
#7427=ORIENTED_EDGE('',*,*,#5516,.T.);
#7428=ORIENTED_EDGE('',*,*,#5519,.T.);
#7429=ORIENTED_EDGE('',*,*,#5522,.T.);
#7430=ORIENTED_EDGE('',*,*,#5525,.T.);
#7431=ORIENTED_EDGE('',*,*,#5528,.T.);
#7432=ORIENTED_EDGE('',*,*,#5531,.T.);
#7433=ORIENTED_EDGE('',*,*,#5534,.T.);
#7434=ORIENTED_EDGE('',*,*,#5537,.T.);
#7435=ORIENTED_EDGE('',*,*,#5542,.F.);
#7436=ORIENTED_EDGE('',*,*,#5543,.T.);
#7437=ORIENTED_EDGE('',*,*,#5544,.F.);
#7438=ORIENTED_EDGE('',*,*,#5545,.F.);
#7439=ORIENTED_EDGE('',*,*,#5546,.F.);
#7440=ORIENTED_EDGE('',*,*,#5545,.T.);
#7441=ORIENTED_EDGE('',*,*,#5547,.F.);
#7442=ORIENTED_EDGE('',*,*,#5548,.F.);
#7443=ORIENTED_EDGE('',*,*,#5549,.F.);
#7444=ORIENTED_EDGE('',*,*,#5548,.T.);
#7445=ORIENTED_EDGE('',*,*,#5550,.F.);
#7446=ORIENTED_EDGE('',*,*,#5551,.F.);
#7447=ORIENTED_EDGE('',*,*,#5552,.F.);
#7448=ORIENTED_EDGE('',*,*,#5551,.T.);
#7449=ORIENTED_EDGE('',*,*,#5553,.F.);
#7450=ORIENTED_EDGE('',*,*,#5554,.F.);
#7451=ORIENTED_EDGE('',*,*,#5555,.F.);
#7452=ORIENTED_EDGE('',*,*,#5554,.T.);
#7453=ORIENTED_EDGE('',*,*,#5556,.F.);
#7454=ORIENTED_EDGE('',*,*,#5557,.F.);
#7455=ORIENTED_EDGE('',*,*,#5558,.F.);
#7456=ORIENTED_EDGE('',*,*,#5557,.T.);
#7457=ORIENTED_EDGE('',*,*,#5559,.F.);
#7458=ORIENTED_EDGE('',*,*,#5560,.F.);
#7459=ORIENTED_EDGE('',*,*,#5561,.F.);
#7460=ORIENTED_EDGE('',*,*,#5560,.T.);
#7461=ORIENTED_EDGE('',*,*,#5562,.F.);
#7462=ORIENTED_EDGE('',*,*,#5563,.F.);
#7463=ORIENTED_EDGE('',*,*,#5564,.F.);
#7464=ORIENTED_EDGE('',*,*,#5563,.T.);
#7465=ORIENTED_EDGE('',*,*,#5565,.F.);
#7466=ORIENTED_EDGE('',*,*,#5543,.F.);
#7467=ORIENTED_EDGE('',*,*,#5566,.F.);
#7468=ORIENTED_EDGE('',*,*,#5567,.T.);
#7469=ORIENTED_EDGE('',*,*,#5568,.F.);
#7470=ORIENTED_EDGE('',*,*,#5569,.F.);
#7471=ORIENTED_EDGE('',*,*,#5570,.F.);
#7472=ORIENTED_EDGE('',*,*,#5569,.T.);
#7473=ORIENTED_EDGE('',*,*,#5571,.F.);
#7474=ORIENTED_EDGE('',*,*,#5572,.F.);
#7475=ORIENTED_EDGE('',*,*,#5573,.F.);
#7476=ORIENTED_EDGE('',*,*,#5572,.T.);
#7477=ORIENTED_EDGE('',*,*,#5574,.F.);
#7478=ORIENTED_EDGE('',*,*,#5575,.F.);
#7479=ORIENTED_EDGE('',*,*,#5576,.F.);
#7480=ORIENTED_EDGE('',*,*,#5575,.T.);
#7481=ORIENTED_EDGE('',*,*,#5577,.F.);
#7482=ORIENTED_EDGE('',*,*,#5578,.F.);
#7483=ORIENTED_EDGE('',*,*,#5579,.F.);
#7484=ORIENTED_EDGE('',*,*,#5578,.T.);
#7485=ORIENTED_EDGE('',*,*,#5580,.F.);
#7486=ORIENTED_EDGE('',*,*,#5581,.F.);
#7487=ORIENTED_EDGE('',*,*,#5582,.F.);
#7488=ORIENTED_EDGE('',*,*,#5581,.T.);
#7489=ORIENTED_EDGE('',*,*,#5583,.F.);
#7490=ORIENTED_EDGE('',*,*,#5584,.F.);
#7491=ORIENTED_EDGE('',*,*,#5585,.F.);
#7492=ORIENTED_EDGE('',*,*,#5584,.T.);
#7493=ORIENTED_EDGE('',*,*,#5586,.F.);
#7494=ORIENTED_EDGE('',*,*,#5587,.F.);
#7495=ORIENTED_EDGE('',*,*,#5588,.F.);
#7496=ORIENTED_EDGE('',*,*,#5587,.T.);
#7497=ORIENTED_EDGE('',*,*,#5589,.F.);
#7498=ORIENTED_EDGE('',*,*,#5590,.F.);
#7499=ORIENTED_EDGE('',*,*,#5591,.F.);
#7500=ORIENTED_EDGE('',*,*,#5590,.T.);
#7501=ORIENTED_EDGE('',*,*,#5592,.F.);
#7502=ORIENTED_EDGE('',*,*,#5593,.F.);
#7503=ORIENTED_EDGE('',*,*,#5594,.F.);
#7504=ORIENTED_EDGE('',*,*,#5593,.T.);
#7505=ORIENTED_EDGE('',*,*,#5595,.F.);
#7506=ORIENTED_EDGE('',*,*,#5596,.F.);
#7507=ORIENTED_EDGE('',*,*,#5597,.F.);
#7508=ORIENTED_EDGE('',*,*,#5596,.T.);
#7509=ORIENTED_EDGE('',*,*,#5598,.F.);
#7510=ORIENTED_EDGE('',*,*,#5567,.F.);
#7511=ORIENTED_EDGE('',*,*,#5598,.T.);
#7512=ORIENTED_EDGE('',*,*,#5595,.T.);
#7513=ORIENTED_EDGE('',*,*,#5592,.T.);
#7514=ORIENTED_EDGE('',*,*,#5589,.T.);
#7515=ORIENTED_EDGE('',*,*,#5586,.T.);
#7516=ORIENTED_EDGE('',*,*,#5583,.T.);
#7517=ORIENTED_EDGE('',*,*,#5580,.T.);
#7518=ORIENTED_EDGE('',*,*,#5577,.T.);
#7519=ORIENTED_EDGE('',*,*,#5574,.T.);
#7520=ORIENTED_EDGE('',*,*,#5571,.T.);
#7521=ORIENTED_EDGE('',*,*,#5568,.T.);
#7522=ORIENTED_EDGE('',*,*,#5565,.T.);
#7523=ORIENTED_EDGE('',*,*,#5562,.T.);
#7524=ORIENTED_EDGE('',*,*,#5559,.T.);
#7525=ORIENTED_EDGE('',*,*,#5556,.T.);
#7526=ORIENTED_EDGE('',*,*,#5553,.T.);
#7527=ORIENTED_EDGE('',*,*,#5550,.T.);
#7528=ORIENTED_EDGE('',*,*,#5547,.T.);
#7529=ORIENTED_EDGE('',*,*,#5544,.T.);
#7530=ORIENTED_EDGE('',*,*,#5597,.T.);
#7531=ORIENTED_EDGE('',*,*,#5566,.T.);
#7532=ORIENTED_EDGE('',*,*,#5570,.T.);
#7533=ORIENTED_EDGE('',*,*,#5573,.T.);
#7534=ORIENTED_EDGE('',*,*,#5576,.T.);
#7535=ORIENTED_EDGE('',*,*,#5579,.T.);
#7536=ORIENTED_EDGE('',*,*,#5582,.T.);
#7537=ORIENTED_EDGE('',*,*,#5585,.T.);
#7538=ORIENTED_EDGE('',*,*,#5588,.T.);
#7539=ORIENTED_EDGE('',*,*,#5591,.T.);
#7540=ORIENTED_EDGE('',*,*,#5594,.T.);
#7541=ORIENTED_EDGE('',*,*,#5564,.T.);
#7542=ORIENTED_EDGE('',*,*,#5542,.T.);
#7543=ORIENTED_EDGE('',*,*,#5546,.T.);
#7544=ORIENTED_EDGE('',*,*,#5549,.T.);
#7545=ORIENTED_EDGE('',*,*,#5552,.T.);
#7546=ORIENTED_EDGE('',*,*,#5555,.T.);
#7547=ORIENTED_EDGE('',*,*,#5558,.T.);
#7548=ORIENTED_EDGE('',*,*,#5561,.T.);
#7549=ORIENTED_EDGE('',*,*,#5599,.F.);
#7550=ORIENTED_EDGE('',*,*,#5600,.T.);
#7551=ORIENTED_EDGE('',*,*,#5601,.F.);
#7552=ORIENTED_EDGE('',*,*,#5602,.F.);
#7553=ORIENTED_EDGE('',*,*,#5603,.F.);
#7554=ORIENTED_EDGE('',*,*,#5602,.T.);
#7555=ORIENTED_EDGE('',*,*,#5604,.F.);
#7556=ORIENTED_EDGE('',*,*,#5605,.F.);
#7557=ORIENTED_EDGE('',*,*,#5606,.F.);
#7558=ORIENTED_EDGE('',*,*,#5605,.T.);
#7559=ORIENTED_EDGE('',*,*,#5607,.F.);
#7560=ORIENTED_EDGE('',*,*,#5608,.F.);
#7561=ORIENTED_EDGE('',*,*,#5609,.F.);
#7562=ORIENTED_EDGE('',*,*,#5608,.T.);
#7563=ORIENTED_EDGE('',*,*,#5610,.F.);
#7564=ORIENTED_EDGE('',*,*,#5611,.F.);
#7565=ORIENTED_EDGE('',*,*,#5612,.F.);
#7566=ORIENTED_EDGE('',*,*,#5611,.T.);
#7567=ORIENTED_EDGE('',*,*,#5613,.F.);
#7568=ORIENTED_EDGE('',*,*,#5614,.F.);
#7569=ORIENTED_EDGE('',*,*,#5615,.F.);
#7570=ORIENTED_EDGE('',*,*,#5614,.T.);
#7571=ORIENTED_EDGE('',*,*,#5616,.F.);
#7572=ORIENTED_EDGE('',*,*,#5617,.F.);
#7573=ORIENTED_EDGE('',*,*,#5618,.F.);
#7574=ORIENTED_EDGE('',*,*,#5617,.T.);
#7575=ORIENTED_EDGE('',*,*,#5619,.F.);
#7576=ORIENTED_EDGE('',*,*,#5620,.F.);
#7577=ORIENTED_EDGE('',*,*,#5621,.F.);
#7578=ORIENTED_EDGE('',*,*,#5620,.T.);
#7579=ORIENTED_EDGE('',*,*,#5622,.F.);
#7580=ORIENTED_EDGE('',*,*,#5623,.F.);
#7581=ORIENTED_EDGE('',*,*,#5624,.F.);
#7582=ORIENTED_EDGE('',*,*,#5623,.T.);
#7583=ORIENTED_EDGE('',*,*,#5625,.F.);
#7584=ORIENTED_EDGE('',*,*,#5626,.F.);
#7585=ORIENTED_EDGE('',*,*,#5627,.F.);
#7586=ORIENTED_EDGE('',*,*,#5626,.T.);
#7587=ORIENTED_EDGE('',*,*,#5628,.F.);
#7588=ORIENTED_EDGE('',*,*,#5629,.F.);
#7589=ORIENTED_EDGE('',*,*,#5630,.F.);
#7590=ORIENTED_EDGE('',*,*,#5629,.T.);
#7591=ORIENTED_EDGE('',*,*,#5631,.F.);
#7592=ORIENTED_EDGE('',*,*,#5632,.F.);
#7593=ORIENTED_EDGE('',*,*,#5633,.F.);
#7594=ORIENTED_EDGE('',*,*,#5632,.T.);
#7595=ORIENTED_EDGE('',*,*,#5634,.F.);
#7596=ORIENTED_EDGE('',*,*,#5635,.F.);
#7597=ORIENTED_EDGE('',*,*,#5636,.F.);
#7598=ORIENTED_EDGE('',*,*,#5635,.T.);
#7599=ORIENTED_EDGE('',*,*,#5637,.F.);
#7600=ORIENTED_EDGE('',*,*,#5638,.F.);
#7601=ORIENTED_EDGE('',*,*,#5639,.F.);
#7602=ORIENTED_EDGE('',*,*,#5638,.T.);
#7603=ORIENTED_EDGE('',*,*,#5640,.F.);
#7604=ORIENTED_EDGE('',*,*,#5641,.F.);
#7605=ORIENTED_EDGE('',*,*,#5642,.F.);
#7606=ORIENTED_EDGE('',*,*,#5641,.T.);
#7607=ORIENTED_EDGE('',*,*,#5643,.F.);
#7608=ORIENTED_EDGE('',*,*,#5644,.F.);
#7609=ORIENTED_EDGE('',*,*,#5645,.F.);
#7610=ORIENTED_EDGE('',*,*,#5644,.T.);
#7611=ORIENTED_EDGE('',*,*,#5646,.F.);
#7612=ORIENTED_EDGE('',*,*,#5647,.F.);
#7613=ORIENTED_EDGE('',*,*,#5648,.F.);
#7614=ORIENTED_EDGE('',*,*,#5647,.T.);
#7615=ORIENTED_EDGE('',*,*,#5649,.F.);
#7616=ORIENTED_EDGE('',*,*,#5650,.F.);
#7617=ORIENTED_EDGE('',*,*,#5651,.F.);
#7618=ORIENTED_EDGE('',*,*,#5650,.T.);
#7619=ORIENTED_EDGE('',*,*,#5652,.F.);
#7620=ORIENTED_EDGE('',*,*,#5653,.F.);
#7621=ORIENTED_EDGE('',*,*,#5654,.F.);
#7622=ORIENTED_EDGE('',*,*,#5653,.T.);
#7623=ORIENTED_EDGE('',*,*,#5655,.F.);
#7624=ORIENTED_EDGE('',*,*,#5656,.F.);
#7625=ORIENTED_EDGE('',*,*,#5657,.F.);
#7626=ORIENTED_EDGE('',*,*,#5656,.T.);
#7627=ORIENTED_EDGE('',*,*,#5658,.F.);
#7628=ORIENTED_EDGE('',*,*,#5659,.F.);
#7629=ORIENTED_EDGE('',*,*,#5660,.F.);
#7630=ORIENTED_EDGE('',*,*,#5659,.T.);
#7631=ORIENTED_EDGE('',*,*,#5661,.F.);
#7632=ORIENTED_EDGE('',*,*,#5600,.F.);
#7633=ORIENTED_EDGE('',*,*,#5661,.T.);
#7634=ORIENTED_EDGE('',*,*,#5658,.T.);
#7635=ORIENTED_EDGE('',*,*,#5655,.T.);
#7636=ORIENTED_EDGE('',*,*,#5652,.T.);
#7637=ORIENTED_EDGE('',*,*,#5649,.T.);
#7638=ORIENTED_EDGE('',*,*,#5646,.T.);
#7639=ORIENTED_EDGE('',*,*,#5643,.T.);
#7640=ORIENTED_EDGE('',*,*,#5640,.T.);
#7641=ORIENTED_EDGE('',*,*,#5637,.T.);
#7642=ORIENTED_EDGE('',*,*,#5634,.T.);
#7643=ORIENTED_EDGE('',*,*,#5631,.T.);
#7644=ORIENTED_EDGE('',*,*,#5628,.T.);
#7645=ORIENTED_EDGE('',*,*,#5625,.T.);
#7646=ORIENTED_EDGE('',*,*,#5622,.T.);
#7647=ORIENTED_EDGE('',*,*,#5619,.T.);
#7648=ORIENTED_EDGE('',*,*,#5616,.T.);
#7649=ORIENTED_EDGE('',*,*,#5613,.T.);
#7650=ORIENTED_EDGE('',*,*,#5610,.T.);
#7651=ORIENTED_EDGE('',*,*,#5607,.T.);
#7652=ORIENTED_EDGE('',*,*,#5604,.T.);
#7653=ORIENTED_EDGE('',*,*,#5601,.T.);
#7654=ORIENTED_EDGE('',*,*,#5660,.T.);
#7655=ORIENTED_EDGE('',*,*,#5599,.T.);
#7656=ORIENTED_EDGE('',*,*,#5603,.T.);
#7657=ORIENTED_EDGE('',*,*,#5606,.T.);
#7658=ORIENTED_EDGE('',*,*,#5609,.T.);
#7659=ORIENTED_EDGE('',*,*,#5612,.T.);
#7660=ORIENTED_EDGE('',*,*,#5615,.T.);
#7661=ORIENTED_EDGE('',*,*,#5618,.T.);
#7662=ORIENTED_EDGE('',*,*,#5621,.T.);
#7663=ORIENTED_EDGE('',*,*,#5624,.T.);
#7664=ORIENTED_EDGE('',*,*,#5627,.T.);
#7665=ORIENTED_EDGE('',*,*,#5630,.T.);
#7666=ORIENTED_EDGE('',*,*,#5633,.T.);
#7667=ORIENTED_EDGE('',*,*,#5636,.T.);
#7668=ORIENTED_EDGE('',*,*,#5639,.T.);
#7669=ORIENTED_EDGE('',*,*,#5642,.T.);
#7670=ORIENTED_EDGE('',*,*,#5645,.T.);
#7671=ORIENTED_EDGE('',*,*,#5648,.T.);
#7672=ORIENTED_EDGE('',*,*,#5651,.T.);
#7673=ORIENTED_EDGE('',*,*,#5654,.T.);
#7674=ORIENTED_EDGE('',*,*,#5657,.T.);
#7675=ORIENTED_EDGE('',*,*,#5662,.F.);
#7676=ORIENTED_EDGE('',*,*,#5663,.T.);
#7677=ORIENTED_EDGE('',*,*,#5664,.F.);
#7678=ORIENTED_EDGE('',*,*,#5665,.F.);
#7679=ORIENTED_EDGE('',*,*,#5666,.F.);
#7680=ORIENTED_EDGE('',*,*,#5665,.T.);
#7681=ORIENTED_EDGE('',*,*,#5667,.F.);
#7682=ORIENTED_EDGE('',*,*,#5668,.F.);
#7683=ORIENTED_EDGE('',*,*,#5669,.F.);
#7684=ORIENTED_EDGE('',*,*,#5668,.T.);
#7685=ORIENTED_EDGE('',*,*,#5670,.F.);
#7686=ORIENTED_EDGE('',*,*,#5671,.F.);
#7687=ORIENTED_EDGE('',*,*,#5672,.F.);
#7688=ORIENTED_EDGE('',*,*,#5671,.T.);
#7689=ORIENTED_EDGE('',*,*,#5673,.F.);
#7690=ORIENTED_EDGE('',*,*,#5674,.F.);
#7691=ORIENTED_EDGE('',*,*,#5675,.F.);
#7692=ORIENTED_EDGE('',*,*,#5674,.T.);
#7693=ORIENTED_EDGE('',*,*,#5676,.F.);
#7694=ORIENTED_EDGE('',*,*,#5677,.F.);
#7695=ORIENTED_EDGE('',*,*,#5678,.F.);
#7696=ORIENTED_EDGE('',*,*,#5677,.T.);
#7697=ORIENTED_EDGE('',*,*,#5679,.F.);
#7698=ORIENTED_EDGE('',*,*,#5680,.F.);
#7699=ORIENTED_EDGE('',*,*,#5681,.F.);
#7700=ORIENTED_EDGE('',*,*,#5680,.T.);
#7701=ORIENTED_EDGE('',*,*,#5682,.F.);
#7702=ORIENTED_EDGE('',*,*,#5663,.F.);
#7703=ORIENTED_EDGE('',*,*,#5682,.T.);
#7704=ORIENTED_EDGE('',*,*,#5679,.T.);
#7705=ORIENTED_EDGE('',*,*,#5676,.T.);
#7706=ORIENTED_EDGE('',*,*,#5673,.T.);
#7707=ORIENTED_EDGE('',*,*,#5670,.T.);
#7708=ORIENTED_EDGE('',*,*,#5667,.T.);
#7709=ORIENTED_EDGE('',*,*,#5664,.T.);
#7710=ORIENTED_EDGE('',*,*,#5681,.T.);
#7711=ORIENTED_EDGE('',*,*,#5662,.T.);
#7712=ORIENTED_EDGE('',*,*,#5666,.T.);
#7713=ORIENTED_EDGE('',*,*,#5669,.T.);
#7714=ORIENTED_EDGE('',*,*,#5672,.T.);
#7715=ORIENTED_EDGE('',*,*,#5675,.T.);
#7716=ORIENTED_EDGE('',*,*,#5678,.T.);
#7717=ORIENTED_EDGE('',*,*,#5683,.F.);
#7718=ORIENTED_EDGE('',*,*,#5684,.T.);
#7719=ORIENTED_EDGE('',*,*,#5685,.F.);
#7720=ORIENTED_EDGE('',*,*,#5686,.F.);
#7721=ORIENTED_EDGE('',*,*,#5687,.F.);
#7722=ORIENTED_EDGE('',*,*,#5686,.T.);
#7723=ORIENTED_EDGE('',*,*,#5688,.F.);
#7724=ORIENTED_EDGE('',*,*,#5689,.F.);
#7725=ORIENTED_EDGE('',*,*,#5690,.F.);
#7726=ORIENTED_EDGE('',*,*,#5689,.T.);
#7727=ORIENTED_EDGE('',*,*,#5691,.F.);
#7728=ORIENTED_EDGE('',*,*,#5692,.F.);
#7729=ORIENTED_EDGE('',*,*,#5693,.F.);
#7730=ORIENTED_EDGE('',*,*,#5692,.T.);
#7731=ORIENTED_EDGE('',*,*,#5694,.F.);
#7732=ORIENTED_EDGE('',*,*,#5695,.F.);
#7733=ORIENTED_EDGE('',*,*,#5696,.F.);
#7734=ORIENTED_EDGE('',*,*,#5695,.T.);
#7735=ORIENTED_EDGE('',*,*,#5697,.F.);
#7736=ORIENTED_EDGE('',*,*,#5698,.F.);
#7737=ORIENTED_EDGE('',*,*,#5699,.F.);
#7738=ORIENTED_EDGE('',*,*,#5698,.T.);
#7739=ORIENTED_EDGE('',*,*,#5700,.F.);
#7740=ORIENTED_EDGE('',*,*,#5701,.F.);
#7741=ORIENTED_EDGE('',*,*,#5702,.F.);
#7742=ORIENTED_EDGE('',*,*,#5701,.T.);
#7743=ORIENTED_EDGE('',*,*,#5703,.F.);
#7744=ORIENTED_EDGE('',*,*,#5704,.F.);
#7745=ORIENTED_EDGE('',*,*,#5705,.F.);
#7746=ORIENTED_EDGE('',*,*,#5704,.T.);
#7747=ORIENTED_EDGE('',*,*,#5706,.F.);
#7748=ORIENTED_EDGE('',*,*,#5684,.F.);
#7749=ORIENTED_EDGE('',*,*,#5707,.F.);
#7750=ORIENTED_EDGE('',*,*,#5708,.T.);
#7751=ORIENTED_EDGE('',*,*,#5709,.F.);
#7752=ORIENTED_EDGE('',*,*,#5710,.F.);
#7753=ORIENTED_EDGE('',*,*,#5711,.F.);
#7754=ORIENTED_EDGE('',*,*,#5710,.T.);
#7755=ORIENTED_EDGE('',*,*,#5712,.F.);
#7756=ORIENTED_EDGE('',*,*,#5713,.F.);
#7757=ORIENTED_EDGE('',*,*,#5714,.F.);
#7758=ORIENTED_EDGE('',*,*,#5713,.T.);
#7759=ORIENTED_EDGE('',*,*,#5715,.F.);
#7760=ORIENTED_EDGE('',*,*,#5716,.F.);
#7761=ORIENTED_EDGE('',*,*,#5717,.F.);
#7762=ORIENTED_EDGE('',*,*,#5716,.T.);
#7763=ORIENTED_EDGE('',*,*,#5718,.F.);
#7764=ORIENTED_EDGE('',*,*,#5719,.F.);
#7765=ORIENTED_EDGE('',*,*,#5720,.F.);
#7766=ORIENTED_EDGE('',*,*,#5719,.T.);
#7767=ORIENTED_EDGE('',*,*,#5721,.F.);
#7768=ORIENTED_EDGE('',*,*,#5722,.F.);
#7769=ORIENTED_EDGE('',*,*,#5723,.F.);
#7770=ORIENTED_EDGE('',*,*,#5722,.T.);
#7771=ORIENTED_EDGE('',*,*,#5724,.F.);
#7772=ORIENTED_EDGE('',*,*,#5725,.F.);
#7773=ORIENTED_EDGE('',*,*,#5726,.F.);
#7774=ORIENTED_EDGE('',*,*,#5725,.T.);
#7775=ORIENTED_EDGE('',*,*,#5727,.F.);
#7776=ORIENTED_EDGE('',*,*,#5728,.F.);
#7777=ORIENTED_EDGE('',*,*,#5729,.F.);
#7778=ORIENTED_EDGE('',*,*,#5728,.T.);
#7779=ORIENTED_EDGE('',*,*,#5730,.F.);
#7780=ORIENTED_EDGE('',*,*,#5731,.F.);
#7781=ORIENTED_EDGE('',*,*,#5732,.F.);
#7782=ORIENTED_EDGE('',*,*,#5731,.T.);
#7783=ORIENTED_EDGE('',*,*,#5733,.F.);
#7784=ORIENTED_EDGE('',*,*,#5734,.F.);
#7785=ORIENTED_EDGE('',*,*,#5735,.F.);
#7786=ORIENTED_EDGE('',*,*,#5734,.T.);
#7787=ORIENTED_EDGE('',*,*,#5736,.F.);
#7788=ORIENTED_EDGE('',*,*,#5708,.F.);
#7789=ORIENTED_EDGE('',*,*,#5736,.T.);
#7790=ORIENTED_EDGE('',*,*,#5733,.T.);
#7791=ORIENTED_EDGE('',*,*,#5730,.T.);
#7792=ORIENTED_EDGE('',*,*,#5727,.T.);
#7793=ORIENTED_EDGE('',*,*,#5724,.T.);
#7794=ORIENTED_EDGE('',*,*,#5721,.T.);
#7795=ORIENTED_EDGE('',*,*,#5718,.T.);
#7796=ORIENTED_EDGE('',*,*,#5715,.T.);
#7797=ORIENTED_EDGE('',*,*,#5712,.T.);
#7798=ORIENTED_EDGE('',*,*,#5709,.T.);
#7799=ORIENTED_EDGE('',*,*,#5706,.T.);
#7800=ORIENTED_EDGE('',*,*,#5703,.T.);
#7801=ORIENTED_EDGE('',*,*,#5700,.T.);
#7802=ORIENTED_EDGE('',*,*,#5697,.T.);
#7803=ORIENTED_EDGE('',*,*,#5694,.T.);
#7804=ORIENTED_EDGE('',*,*,#5691,.T.);
#7805=ORIENTED_EDGE('',*,*,#5688,.T.);
#7806=ORIENTED_EDGE('',*,*,#5685,.T.);
#7807=ORIENTED_EDGE('',*,*,#5735,.T.);
#7808=ORIENTED_EDGE('',*,*,#5707,.T.);
#7809=ORIENTED_EDGE('',*,*,#5711,.T.);
#7810=ORIENTED_EDGE('',*,*,#5714,.T.);
#7811=ORIENTED_EDGE('',*,*,#5717,.T.);
#7812=ORIENTED_EDGE('',*,*,#5720,.T.);
#7813=ORIENTED_EDGE('',*,*,#5723,.T.);
#7814=ORIENTED_EDGE('',*,*,#5726,.T.);
#7815=ORIENTED_EDGE('',*,*,#5729,.T.);
#7816=ORIENTED_EDGE('',*,*,#5732,.T.);
#7817=ORIENTED_EDGE('',*,*,#5705,.T.);
#7818=ORIENTED_EDGE('',*,*,#5683,.T.);
#7819=ORIENTED_EDGE('',*,*,#5687,.T.);
#7820=ORIENTED_EDGE('',*,*,#5690,.T.);
#7821=ORIENTED_EDGE('',*,*,#5693,.T.);
#7822=ORIENTED_EDGE('',*,*,#5696,.T.);
#7823=ORIENTED_EDGE('',*,*,#5699,.T.);
#7824=ORIENTED_EDGE('',*,*,#5702,.T.);
#7825=ORIENTED_EDGE('',*,*,#5737,.F.);
#7826=ORIENTED_EDGE('',*,*,#5738,.T.);
#7827=ORIENTED_EDGE('',*,*,#5739,.F.);
#7828=ORIENTED_EDGE('',*,*,#5740,.F.);
#7829=ORIENTED_EDGE('',*,*,#5741,.F.);
#7830=ORIENTED_EDGE('',*,*,#5740,.T.);
#7831=ORIENTED_EDGE('',*,*,#5742,.F.);
#7832=ORIENTED_EDGE('',*,*,#5743,.F.);
#7833=ORIENTED_EDGE('',*,*,#5744,.F.);
#7834=ORIENTED_EDGE('',*,*,#5743,.T.);
#7835=ORIENTED_EDGE('',*,*,#5745,.F.);
#7836=ORIENTED_EDGE('',*,*,#5746,.F.);
#7837=ORIENTED_EDGE('',*,*,#5747,.F.);
#7838=ORIENTED_EDGE('',*,*,#5746,.T.);
#7839=ORIENTED_EDGE('',*,*,#5748,.F.);
#7840=ORIENTED_EDGE('',*,*,#5749,.F.);
#7841=ORIENTED_EDGE('',*,*,#5750,.F.);
#7842=ORIENTED_EDGE('',*,*,#5749,.T.);
#7843=ORIENTED_EDGE('',*,*,#5751,.F.);
#7844=ORIENTED_EDGE('',*,*,#5752,.F.);
#7845=ORIENTED_EDGE('',*,*,#5753,.F.);
#7846=ORIENTED_EDGE('',*,*,#5752,.T.);
#7847=ORIENTED_EDGE('',*,*,#5754,.F.);
#7848=ORIENTED_EDGE('',*,*,#5738,.F.);
#7849=ORIENTED_EDGE('',*,*,#5754,.T.);
#7850=ORIENTED_EDGE('',*,*,#5751,.T.);
#7851=ORIENTED_EDGE('',*,*,#5748,.T.);
#7852=ORIENTED_EDGE('',*,*,#5745,.T.);
#7853=ORIENTED_EDGE('',*,*,#5742,.T.);
#7854=ORIENTED_EDGE('',*,*,#5739,.T.);
#7855=ORIENTED_EDGE('',*,*,#5753,.T.);
#7856=ORIENTED_EDGE('',*,*,#5737,.T.);
#7857=ORIENTED_EDGE('',*,*,#5741,.T.);
#7858=ORIENTED_EDGE('',*,*,#5744,.T.);
#7859=ORIENTED_EDGE('',*,*,#5747,.T.);
#7860=ORIENTED_EDGE('',*,*,#5750,.T.);
#7861=ORIENTED_EDGE('',*,*,#5755,.F.);
#7862=ORIENTED_EDGE('',*,*,#5756,.T.);
#7863=ORIENTED_EDGE('',*,*,#5757,.F.);
#7864=ORIENTED_EDGE('',*,*,#5758,.F.);
#7865=ORIENTED_EDGE('',*,*,#5759,.F.);
#7866=ORIENTED_EDGE('',*,*,#5758,.T.);
#7867=ORIENTED_EDGE('',*,*,#5760,.F.);
#7868=ORIENTED_EDGE('',*,*,#5761,.F.);
#7869=ORIENTED_EDGE('',*,*,#5762,.F.);
#7870=ORIENTED_EDGE('',*,*,#5761,.T.);
#7871=ORIENTED_EDGE('',*,*,#5763,.F.);
#7872=ORIENTED_EDGE('',*,*,#5764,.F.);
#7873=ORIENTED_EDGE('',*,*,#5765,.F.);
#7874=ORIENTED_EDGE('',*,*,#5764,.T.);
#7875=ORIENTED_EDGE('',*,*,#5766,.F.);
#7876=ORIENTED_EDGE('',*,*,#5767,.F.);
#7877=ORIENTED_EDGE('',*,*,#5768,.F.);
#7878=ORIENTED_EDGE('',*,*,#5767,.T.);
#7879=ORIENTED_EDGE('',*,*,#5769,.F.);
#7880=ORIENTED_EDGE('',*,*,#5770,.F.);
#7881=ORIENTED_EDGE('',*,*,#5771,.F.);
#7882=ORIENTED_EDGE('',*,*,#5770,.T.);
#7883=ORIENTED_EDGE('',*,*,#5772,.F.);
#7884=ORIENTED_EDGE('',*,*,#5773,.F.);
#7885=ORIENTED_EDGE('',*,*,#5774,.F.);
#7886=ORIENTED_EDGE('',*,*,#5773,.T.);
#7887=ORIENTED_EDGE('',*,*,#5775,.F.);
#7888=ORIENTED_EDGE('',*,*,#5776,.F.);
#7889=ORIENTED_EDGE('',*,*,#5777,.F.);
#7890=ORIENTED_EDGE('',*,*,#5776,.T.);
#7891=ORIENTED_EDGE('',*,*,#5778,.F.);
#7892=ORIENTED_EDGE('',*,*,#5779,.F.);
#7893=ORIENTED_EDGE('',*,*,#5780,.F.);
#7894=ORIENTED_EDGE('',*,*,#5779,.T.);
#7895=ORIENTED_EDGE('',*,*,#5781,.F.);
#7896=ORIENTED_EDGE('',*,*,#5782,.F.);
#7897=ORIENTED_EDGE('',*,*,#5783,.F.);
#7898=ORIENTED_EDGE('',*,*,#5782,.T.);
#7899=ORIENTED_EDGE('',*,*,#5784,.F.);
#7900=ORIENTED_EDGE('',*,*,#5785,.F.);
#7901=ORIENTED_EDGE('',*,*,#5786,.F.);
#7902=ORIENTED_EDGE('',*,*,#5785,.T.);
#7903=ORIENTED_EDGE('',*,*,#5787,.F.);
#7904=ORIENTED_EDGE('',*,*,#5788,.F.);
#7905=ORIENTED_EDGE('',*,*,#5789,.F.);
#7906=ORIENTED_EDGE('',*,*,#5788,.T.);
#7907=ORIENTED_EDGE('',*,*,#5790,.F.);
#7908=ORIENTED_EDGE('',*,*,#5791,.F.);
#7909=ORIENTED_EDGE('',*,*,#5792,.F.);
#7910=ORIENTED_EDGE('',*,*,#5791,.T.);
#7911=ORIENTED_EDGE('',*,*,#5793,.F.);
#7912=ORIENTED_EDGE('',*,*,#5794,.F.);
#7913=ORIENTED_EDGE('',*,*,#5795,.F.);
#7914=ORIENTED_EDGE('',*,*,#5794,.T.);
#7915=ORIENTED_EDGE('',*,*,#5796,.F.);
#7916=ORIENTED_EDGE('',*,*,#5797,.F.);
#7917=ORIENTED_EDGE('',*,*,#5798,.F.);
#7918=ORIENTED_EDGE('',*,*,#5797,.T.);
#7919=ORIENTED_EDGE('',*,*,#5799,.F.);
#7920=ORIENTED_EDGE('',*,*,#5800,.F.);
#7921=ORIENTED_EDGE('',*,*,#5801,.F.);
#7922=ORIENTED_EDGE('',*,*,#5800,.T.);
#7923=ORIENTED_EDGE('',*,*,#5802,.F.);
#7924=ORIENTED_EDGE('',*,*,#5803,.F.);
#7925=ORIENTED_EDGE('',*,*,#5804,.F.);
#7926=ORIENTED_EDGE('',*,*,#5803,.T.);
#7927=ORIENTED_EDGE('',*,*,#5805,.F.);
#7928=ORIENTED_EDGE('',*,*,#5806,.F.);
#7929=ORIENTED_EDGE('',*,*,#5807,.F.);
#7930=ORIENTED_EDGE('',*,*,#5806,.T.);
#7931=ORIENTED_EDGE('',*,*,#5808,.F.);
#7932=ORIENTED_EDGE('',*,*,#5809,.F.);
#7933=ORIENTED_EDGE('',*,*,#5810,.F.);
#7934=ORIENTED_EDGE('',*,*,#5809,.T.);
#7935=ORIENTED_EDGE('',*,*,#5811,.F.);
#7936=ORIENTED_EDGE('',*,*,#5812,.F.);
#7937=ORIENTED_EDGE('',*,*,#5813,.F.);
#7938=ORIENTED_EDGE('',*,*,#5812,.T.);
#7939=ORIENTED_EDGE('',*,*,#5814,.F.);
#7940=ORIENTED_EDGE('',*,*,#5815,.F.);
#7941=ORIENTED_EDGE('',*,*,#5816,.F.);
#7942=ORIENTED_EDGE('',*,*,#5815,.T.);
#7943=ORIENTED_EDGE('',*,*,#5817,.F.);
#7944=ORIENTED_EDGE('',*,*,#5756,.F.);
#7945=ORIENTED_EDGE('',*,*,#5817,.T.);
#7946=ORIENTED_EDGE('',*,*,#5814,.T.);
#7947=ORIENTED_EDGE('',*,*,#5811,.T.);
#7948=ORIENTED_EDGE('',*,*,#5808,.T.);
#7949=ORIENTED_EDGE('',*,*,#5805,.T.);
#7950=ORIENTED_EDGE('',*,*,#5802,.T.);
#7951=ORIENTED_EDGE('',*,*,#5799,.T.);
#7952=ORIENTED_EDGE('',*,*,#5796,.T.);
#7953=ORIENTED_EDGE('',*,*,#5793,.T.);
#7954=ORIENTED_EDGE('',*,*,#5790,.T.);
#7955=ORIENTED_EDGE('',*,*,#5787,.T.);
#7956=ORIENTED_EDGE('',*,*,#5784,.T.);
#7957=ORIENTED_EDGE('',*,*,#5781,.T.);
#7958=ORIENTED_EDGE('',*,*,#5778,.T.);
#7959=ORIENTED_EDGE('',*,*,#5775,.T.);
#7960=ORIENTED_EDGE('',*,*,#5772,.T.);
#7961=ORIENTED_EDGE('',*,*,#5769,.T.);
#7962=ORIENTED_EDGE('',*,*,#5766,.T.);
#7963=ORIENTED_EDGE('',*,*,#5763,.T.);
#7964=ORIENTED_EDGE('',*,*,#5760,.T.);
#7965=ORIENTED_EDGE('',*,*,#5757,.T.);
#7966=ORIENTED_EDGE('',*,*,#5816,.T.);
#7967=ORIENTED_EDGE('',*,*,#5755,.T.);
#7968=ORIENTED_EDGE('',*,*,#5759,.T.);
#7969=ORIENTED_EDGE('',*,*,#5762,.T.);
#7970=ORIENTED_EDGE('',*,*,#5765,.T.);
#7971=ORIENTED_EDGE('',*,*,#5768,.T.);
#7972=ORIENTED_EDGE('',*,*,#5771,.T.);
#7973=ORIENTED_EDGE('',*,*,#5774,.T.);
#7974=ORIENTED_EDGE('',*,*,#5777,.T.);
#7975=ORIENTED_EDGE('',*,*,#5780,.T.);
#7976=ORIENTED_EDGE('',*,*,#5783,.T.);
#7977=ORIENTED_EDGE('',*,*,#5786,.T.);
#7978=ORIENTED_EDGE('',*,*,#5789,.T.);
#7979=ORIENTED_EDGE('',*,*,#5792,.T.);
#7980=ORIENTED_EDGE('',*,*,#5795,.T.);
#7981=ORIENTED_EDGE('',*,*,#5798,.T.);
#7982=ORIENTED_EDGE('',*,*,#5801,.T.);
#7983=ORIENTED_EDGE('',*,*,#5804,.T.);
#7984=ORIENTED_EDGE('',*,*,#5807,.T.);
#7985=ORIENTED_EDGE('',*,*,#5810,.T.);
#7986=ORIENTED_EDGE('',*,*,#5813,.T.);
#7987=ORIENTED_EDGE('',*,*,#5818,.F.);
#7988=ORIENTED_EDGE('',*,*,#5819,.T.);
#7989=ORIENTED_EDGE('',*,*,#5820,.T.);
#7990=ORIENTED_EDGE('',*,*,#5819,.F.);
#7991=ORIENTED_EDGE('',*,*,#5820,.F.);
#7992=ORIENTED_EDGE('',*,*,#5821,.T.);
#7993=ORIENTED_EDGE('',*,*,#5822,.T.);
#7994=ORIENTED_EDGE('',*,*,#5823,.F.);
#7995=ORIENTED_EDGE('',*,*,#5824,.F.);
#7996=ORIENTED_EDGE('',*,*,#5825,.T.);
#7997=ORIENTED_EDGE('',*,*,#5826,.T.);
#7998=ORIENTED_EDGE('',*,*,#5827,.F.);
#7999=ORIENTED_EDGE('',*,*,#5822,.F.);
#8000=ORIENTED_EDGE('',*,*,#5828,.T.);
#8001=ORIENTED_EDGE('',*,*,#5829,.T.);
#8002=ORIENTED_EDGE('',*,*,#5830,.F.);
#8003=ORIENTED_EDGE('',*,*,#5826,.F.);
#8004=ORIENTED_EDGE('',*,*,#5831,.T.);
#8005=ORIENTED_EDGE('',*,*,#5824,.T.);
#8006=ORIENTED_EDGE('',*,*,#5832,.F.);
#8007=ORIENTED_EDGE('',*,*,#5829,.F.);
#8008=ORIENTED_EDGE('',*,*,#5832,.T.);
#8009=ORIENTED_EDGE('',*,*,#5823,.T.);
#8010=ORIENTED_EDGE('',*,*,#5827,.T.);
#8011=ORIENTED_EDGE('',*,*,#5830,.T.);
#8012=ORIENTED_EDGE('',*,*,#5818,.T.);
#8013=ORIENTED_EDGE('',*,*,#5833,.T.);
#8014=ORIENTED_EDGE('',*,*,#5834,.T.);
#8015=ORIENTED_EDGE('',*,*,#5835,.T.);
#8016=ORIENTED_EDGE('',*,*,#5836,.T.);
#8017=ORIENTED_EDGE('',*,*,#5821,.F.);
#8018=ORIENTED_EDGE('',*,*,#5837,.F.);
#8019=ORIENTED_EDGE('',*,*,#5836,.F.);
#8020=ORIENTED_EDGE('',*,*,#5838,.T.);
#8021=ORIENTED_EDGE('',*,*,#5825,.F.);
#8022=ORIENTED_EDGE('',*,*,#5838,.F.);
#8023=ORIENTED_EDGE('',*,*,#5835,.F.);
#8024=ORIENTED_EDGE('',*,*,#5839,.T.);
#8025=ORIENTED_EDGE('',*,*,#5828,.F.);
#8026=ORIENTED_EDGE('',*,*,#5839,.F.);
#8027=ORIENTED_EDGE('',*,*,#5834,.F.);
#8028=ORIENTED_EDGE('',*,*,#5840,.T.);
#8029=ORIENTED_EDGE('',*,*,#5831,.F.);
#8030=ORIENTED_EDGE('',*,*,#5840,.F.);
#8031=ORIENTED_EDGE('',*,*,#5833,.F.);
#8032=ORIENTED_EDGE('',*,*,#5837,.T.);
#8033=ORIENTED_EDGE('',*,*,#5841,.F.);
#8034=ORIENTED_EDGE('',*,*,#5842,.T.);
#8035=ORIENTED_EDGE('',*,*,#5843,.F.);
#8036=ORIENTED_EDGE('',*,*,#5844,.F.);
#8037=ORIENTED_EDGE('',*,*,#5845,.T.);
#8038=ORIENTED_EDGE('',*,*,#5844,.T.);
#8039=ORIENTED_EDGE('',*,*,#5846,.F.);
#8040=ORIENTED_EDGE('',*,*,#5847,.F.);
#8041=ORIENTED_EDGE('',*,*,#5848,.T.);
#8042=ORIENTED_EDGE('',*,*,#5847,.T.);
#8043=ORIENTED_EDGE('',*,*,#5849,.F.);
#8044=ORIENTED_EDGE('',*,*,#5850,.F.);
#8045=ORIENTED_EDGE('',*,*,#5851,.T.);
#8046=ORIENTED_EDGE('',*,*,#5850,.T.);
#8047=ORIENTED_EDGE('',*,*,#5852,.F.);
#8048=ORIENTED_EDGE('',*,*,#5853,.F.);
#8049=ORIENTED_EDGE('',*,*,#5854,.F.);
#8050=ORIENTED_EDGE('',*,*,#5853,.T.);
#8051=ORIENTED_EDGE('',*,*,#5855,.F.);
#8052=ORIENTED_EDGE('',*,*,#5856,.F.);
#8053=ORIENTED_EDGE('',*,*,#5857,.F.);
#8054=ORIENTED_EDGE('',*,*,#5856,.T.);
#8055=ORIENTED_EDGE('',*,*,#5858,.F.);
#8056=ORIENTED_EDGE('',*,*,#5859,.F.);
#8057=ORIENTED_EDGE('',*,*,#5860,.T.);
#8058=ORIENTED_EDGE('',*,*,#5859,.T.);
#8059=ORIENTED_EDGE('',*,*,#5861,.F.);
#8060=ORIENTED_EDGE('',*,*,#5862,.F.);
#8061=ORIENTED_EDGE('',*,*,#5863,.T.);
#8062=ORIENTED_EDGE('',*,*,#5862,.T.);
#8063=ORIENTED_EDGE('',*,*,#5864,.F.);
#8064=ORIENTED_EDGE('',*,*,#5865,.F.);
#8065=ORIENTED_EDGE('',*,*,#5866,.T.);
#8066=ORIENTED_EDGE('',*,*,#5865,.T.);
#8067=ORIENTED_EDGE('',*,*,#5867,.F.);
#8068=ORIENTED_EDGE('',*,*,#5868,.F.);
#8069=ORIENTED_EDGE('',*,*,#5869,.F.);
#8070=ORIENTED_EDGE('',*,*,#5868,.T.);
#8071=ORIENTED_EDGE('',*,*,#5870,.F.);
#8072=ORIENTED_EDGE('',*,*,#5842,.F.);
#8073=ORIENTED_EDGE('',*,*,#5869,.T.);
#8074=ORIENTED_EDGE('',*,*,#5841,.T.);
#8075=ORIENTED_EDGE('',*,*,#5845,.F.);
#8076=ORIENTED_EDGE('',*,*,#5848,.F.);
#8077=ORIENTED_EDGE('',*,*,#5851,.F.);
#8078=ORIENTED_EDGE('',*,*,#5854,.T.);
#8079=ORIENTED_EDGE('',*,*,#5857,.T.);
#8080=ORIENTED_EDGE('',*,*,#5860,.F.);
#8081=ORIENTED_EDGE('',*,*,#5863,.F.);
#8082=ORIENTED_EDGE('',*,*,#5866,.F.);
#8083=ORIENTED_EDGE('',*,*,#5870,.T.);
#8084=ORIENTED_EDGE('',*,*,#5867,.T.);
#8085=ORIENTED_EDGE('',*,*,#5864,.T.);
#8086=ORIENTED_EDGE('',*,*,#5861,.T.);
#8087=ORIENTED_EDGE('',*,*,#5858,.T.);
#8088=ORIENTED_EDGE('',*,*,#5855,.T.);
#8089=ORIENTED_EDGE('',*,*,#5852,.T.);
#8090=ORIENTED_EDGE('',*,*,#5849,.T.);
#8091=ORIENTED_EDGE('',*,*,#5846,.T.);
#8092=ORIENTED_EDGE('',*,*,#5843,.T.);
#8093=ORIENTED_EDGE('',*,*,#5871,.F.);
#8094=ORIENTED_EDGE('',*,*,#5872,.T.);
#8095=ORIENTED_EDGE('',*,*,#5873,.F.);
#8096=ORIENTED_EDGE('',*,*,#5874,.F.);
#8097=ORIENTED_EDGE('',*,*,#5875,.T.);
#8098=ORIENTED_EDGE('',*,*,#5874,.T.);
#8099=ORIENTED_EDGE('',*,*,#5876,.F.);
#8100=ORIENTED_EDGE('',*,*,#5877,.F.);
#8101=ORIENTED_EDGE('',*,*,#5878,.T.);
#8102=ORIENTED_EDGE('',*,*,#5877,.T.);
#8103=ORIENTED_EDGE('',*,*,#5879,.F.);
#8104=ORIENTED_EDGE('',*,*,#5880,.F.);
#8105=ORIENTED_EDGE('',*,*,#5881,.T.);
#8106=ORIENTED_EDGE('',*,*,#5880,.T.);
#8107=ORIENTED_EDGE('',*,*,#5882,.F.);
#8108=ORIENTED_EDGE('',*,*,#5883,.F.);
#8109=ORIENTED_EDGE('',*,*,#5884,.F.);
#8110=ORIENTED_EDGE('',*,*,#5883,.T.);
#8111=ORIENTED_EDGE('',*,*,#5885,.F.);
#8112=ORIENTED_EDGE('',*,*,#5886,.F.);
#8113=ORIENTED_EDGE('',*,*,#5887,.F.);
#8114=ORIENTED_EDGE('',*,*,#5886,.T.);
#8115=ORIENTED_EDGE('',*,*,#5888,.F.);
#8116=ORIENTED_EDGE('',*,*,#5889,.F.);
#8117=ORIENTED_EDGE('',*,*,#5890,.T.);
#8118=ORIENTED_EDGE('',*,*,#5889,.T.);
#8119=ORIENTED_EDGE('',*,*,#5891,.F.);
#8120=ORIENTED_EDGE('',*,*,#5892,.F.);
#8121=ORIENTED_EDGE('',*,*,#5893,.T.);
#8122=ORIENTED_EDGE('',*,*,#5892,.T.);
#8123=ORIENTED_EDGE('',*,*,#5894,.F.);
#8124=ORIENTED_EDGE('',*,*,#5895,.F.);
#8125=ORIENTED_EDGE('',*,*,#5896,.T.);
#8126=ORIENTED_EDGE('',*,*,#5895,.T.);
#8127=ORIENTED_EDGE('',*,*,#5897,.F.);
#8128=ORIENTED_EDGE('',*,*,#5898,.F.);
#8129=ORIENTED_EDGE('',*,*,#5899,.F.);
#8130=ORIENTED_EDGE('',*,*,#5898,.T.);
#8131=ORIENTED_EDGE('',*,*,#5900,.F.);
#8132=ORIENTED_EDGE('',*,*,#5872,.F.);
#8133=ORIENTED_EDGE('',*,*,#5899,.T.);
#8134=ORIENTED_EDGE('',*,*,#5871,.T.);
#8135=ORIENTED_EDGE('',*,*,#5875,.F.);
#8136=ORIENTED_EDGE('',*,*,#5878,.F.);
#8137=ORIENTED_EDGE('',*,*,#5881,.F.);
#8138=ORIENTED_EDGE('',*,*,#5884,.T.);
#8139=ORIENTED_EDGE('',*,*,#5887,.T.);
#8140=ORIENTED_EDGE('',*,*,#5890,.F.);
#8141=ORIENTED_EDGE('',*,*,#5893,.F.);
#8142=ORIENTED_EDGE('',*,*,#5896,.F.);
#8143=ORIENTED_EDGE('',*,*,#5900,.T.);
#8144=ORIENTED_EDGE('',*,*,#5897,.T.);
#8145=ORIENTED_EDGE('',*,*,#5894,.T.);
#8146=ORIENTED_EDGE('',*,*,#5891,.T.);
#8147=ORIENTED_EDGE('',*,*,#5888,.T.);
#8148=ORIENTED_EDGE('',*,*,#5885,.T.);
#8149=ORIENTED_EDGE('',*,*,#5882,.T.);
#8150=ORIENTED_EDGE('',*,*,#5879,.T.);
#8151=ORIENTED_EDGE('',*,*,#5876,.T.);
#8152=ORIENTED_EDGE('',*,*,#5873,.T.);
#8153=ORIENTED_EDGE('',*,*,#5901,.F.);
#8154=ORIENTED_EDGE('',*,*,#5902,.T.);
#8155=ORIENTED_EDGE('',*,*,#5903,.F.);
#8156=ORIENTED_EDGE('',*,*,#5904,.F.);
#8157=ORIENTED_EDGE('',*,*,#5905,.T.);
#8158=ORIENTED_EDGE('',*,*,#5904,.T.);
#8159=ORIENTED_EDGE('',*,*,#5906,.F.);
#8160=ORIENTED_EDGE('',*,*,#5907,.F.);
#8161=ORIENTED_EDGE('',*,*,#5908,.T.);
#8162=ORIENTED_EDGE('',*,*,#5907,.T.);
#8163=ORIENTED_EDGE('',*,*,#5909,.F.);
#8164=ORIENTED_EDGE('',*,*,#5910,.F.);
#8165=ORIENTED_EDGE('',*,*,#5911,.T.);
#8166=ORIENTED_EDGE('',*,*,#5910,.T.);
#8167=ORIENTED_EDGE('',*,*,#5912,.F.);
#8168=ORIENTED_EDGE('',*,*,#5913,.F.);
#8169=ORIENTED_EDGE('',*,*,#5914,.F.);
#8170=ORIENTED_EDGE('',*,*,#5913,.T.);
#8171=ORIENTED_EDGE('',*,*,#5915,.F.);
#8172=ORIENTED_EDGE('',*,*,#5916,.F.);
#8173=ORIENTED_EDGE('',*,*,#5917,.F.);
#8174=ORIENTED_EDGE('',*,*,#5916,.T.);
#8175=ORIENTED_EDGE('',*,*,#5918,.F.);
#8176=ORIENTED_EDGE('',*,*,#5919,.F.);
#8177=ORIENTED_EDGE('',*,*,#5920,.T.);
#8178=ORIENTED_EDGE('',*,*,#5919,.T.);
#8179=ORIENTED_EDGE('',*,*,#5921,.F.);
#8180=ORIENTED_EDGE('',*,*,#5922,.F.);
#8181=ORIENTED_EDGE('',*,*,#5923,.T.);
#8182=ORIENTED_EDGE('',*,*,#5922,.T.);
#8183=ORIENTED_EDGE('',*,*,#5924,.F.);
#8184=ORIENTED_EDGE('',*,*,#5925,.F.);
#8185=ORIENTED_EDGE('',*,*,#5926,.T.);
#8186=ORIENTED_EDGE('',*,*,#5925,.T.);
#8187=ORIENTED_EDGE('',*,*,#5927,.F.);
#8188=ORIENTED_EDGE('',*,*,#5928,.F.);
#8189=ORIENTED_EDGE('',*,*,#5929,.F.);
#8190=ORIENTED_EDGE('',*,*,#5928,.T.);
#8191=ORIENTED_EDGE('',*,*,#5930,.F.);
#8192=ORIENTED_EDGE('',*,*,#5902,.F.);
#8193=ORIENTED_EDGE('',*,*,#5929,.T.);
#8194=ORIENTED_EDGE('',*,*,#5901,.T.);
#8195=ORIENTED_EDGE('',*,*,#5905,.F.);
#8196=ORIENTED_EDGE('',*,*,#5908,.F.);
#8197=ORIENTED_EDGE('',*,*,#5911,.F.);
#8198=ORIENTED_EDGE('',*,*,#5914,.T.);
#8199=ORIENTED_EDGE('',*,*,#5917,.T.);
#8200=ORIENTED_EDGE('',*,*,#5920,.F.);
#8201=ORIENTED_EDGE('',*,*,#5923,.F.);
#8202=ORIENTED_EDGE('',*,*,#5926,.F.);
#8203=ORIENTED_EDGE('',*,*,#5930,.T.);
#8204=ORIENTED_EDGE('',*,*,#5927,.T.);
#8205=ORIENTED_EDGE('',*,*,#5924,.T.);
#8206=ORIENTED_EDGE('',*,*,#5921,.T.);
#8207=ORIENTED_EDGE('',*,*,#5918,.T.);
#8208=ORIENTED_EDGE('',*,*,#5915,.T.);
#8209=ORIENTED_EDGE('',*,*,#5912,.T.);
#8210=ORIENTED_EDGE('',*,*,#5909,.T.);
#8211=ORIENTED_EDGE('',*,*,#5906,.T.);
#8212=ORIENTED_EDGE('',*,*,#5903,.T.);
#8213=ORIENTED_EDGE('',*,*,#5931,.F.);
#8214=ORIENTED_EDGE('',*,*,#5932,.T.);
#8215=ORIENTED_EDGE('',*,*,#5933,.F.);
#8216=ORIENTED_EDGE('',*,*,#5934,.F.);
#8217=ORIENTED_EDGE('',*,*,#5935,.T.);
#8218=ORIENTED_EDGE('',*,*,#5934,.T.);
#8219=ORIENTED_EDGE('',*,*,#5936,.F.);
#8220=ORIENTED_EDGE('',*,*,#5937,.F.);
#8221=ORIENTED_EDGE('',*,*,#5938,.T.);
#8222=ORIENTED_EDGE('',*,*,#5937,.T.);
#8223=ORIENTED_EDGE('',*,*,#5939,.F.);
#8224=ORIENTED_EDGE('',*,*,#5940,.F.);
#8225=ORIENTED_EDGE('',*,*,#5941,.T.);
#8226=ORIENTED_EDGE('',*,*,#5940,.T.);
#8227=ORIENTED_EDGE('',*,*,#5942,.F.);
#8228=ORIENTED_EDGE('',*,*,#5943,.F.);
#8229=ORIENTED_EDGE('',*,*,#5944,.F.);
#8230=ORIENTED_EDGE('',*,*,#5943,.T.);
#8231=ORIENTED_EDGE('',*,*,#5945,.F.);
#8232=ORIENTED_EDGE('',*,*,#5946,.F.);
#8233=ORIENTED_EDGE('',*,*,#5947,.F.);
#8234=ORIENTED_EDGE('',*,*,#5946,.T.);
#8235=ORIENTED_EDGE('',*,*,#5948,.F.);
#8236=ORIENTED_EDGE('',*,*,#5949,.F.);
#8237=ORIENTED_EDGE('',*,*,#5950,.T.);
#8238=ORIENTED_EDGE('',*,*,#5949,.T.);
#8239=ORIENTED_EDGE('',*,*,#5951,.F.);
#8240=ORIENTED_EDGE('',*,*,#5952,.F.);
#8241=ORIENTED_EDGE('',*,*,#5953,.T.);
#8242=ORIENTED_EDGE('',*,*,#5952,.T.);
#8243=ORIENTED_EDGE('',*,*,#5954,.F.);
#8244=ORIENTED_EDGE('',*,*,#5955,.F.);
#8245=ORIENTED_EDGE('',*,*,#5956,.T.);
#8246=ORIENTED_EDGE('',*,*,#5955,.T.);
#8247=ORIENTED_EDGE('',*,*,#5957,.F.);
#8248=ORIENTED_EDGE('',*,*,#5958,.F.);
#8249=ORIENTED_EDGE('',*,*,#5959,.F.);
#8250=ORIENTED_EDGE('',*,*,#5958,.T.);
#8251=ORIENTED_EDGE('',*,*,#5960,.F.);
#8252=ORIENTED_EDGE('',*,*,#5932,.F.);
#8253=ORIENTED_EDGE('',*,*,#5959,.T.);
#8254=ORIENTED_EDGE('',*,*,#5931,.T.);
#8255=ORIENTED_EDGE('',*,*,#5935,.F.);
#8256=ORIENTED_EDGE('',*,*,#5938,.F.);
#8257=ORIENTED_EDGE('',*,*,#5941,.F.);
#8258=ORIENTED_EDGE('',*,*,#5944,.T.);
#8259=ORIENTED_EDGE('',*,*,#5947,.T.);
#8260=ORIENTED_EDGE('',*,*,#5950,.F.);
#8261=ORIENTED_EDGE('',*,*,#5953,.F.);
#8262=ORIENTED_EDGE('',*,*,#5956,.F.);
#8263=ORIENTED_EDGE('',*,*,#5960,.T.);
#8264=ORIENTED_EDGE('',*,*,#5957,.T.);
#8265=ORIENTED_EDGE('',*,*,#5954,.T.);
#8266=ORIENTED_EDGE('',*,*,#5951,.T.);
#8267=ORIENTED_EDGE('',*,*,#5948,.T.);
#8268=ORIENTED_EDGE('',*,*,#5945,.T.);
#8269=ORIENTED_EDGE('',*,*,#5942,.T.);
#8270=ORIENTED_EDGE('',*,*,#5939,.T.);
#8271=ORIENTED_EDGE('',*,*,#5936,.T.);
#8272=ORIENTED_EDGE('',*,*,#5933,.T.);
#8273=ORIENTED_EDGE('',*,*,#5961,.F.);
#8274=ORIENTED_EDGE('',*,*,#5962,.T.);
#8275=ORIENTED_EDGE('',*,*,#5963,.F.);
#8276=ORIENTED_EDGE('',*,*,#5964,.F.);
#8277=ORIENTED_EDGE('',*,*,#5965,.T.);
#8278=ORIENTED_EDGE('',*,*,#5964,.T.);
#8279=ORIENTED_EDGE('',*,*,#5966,.F.);
#8280=ORIENTED_EDGE('',*,*,#5967,.F.);
#8281=ORIENTED_EDGE('',*,*,#5968,.T.);
#8282=ORIENTED_EDGE('',*,*,#5967,.T.);
#8283=ORIENTED_EDGE('',*,*,#5969,.F.);
#8284=ORIENTED_EDGE('',*,*,#5970,.F.);
#8285=ORIENTED_EDGE('',*,*,#5971,.T.);
#8286=ORIENTED_EDGE('',*,*,#5970,.T.);
#8287=ORIENTED_EDGE('',*,*,#5972,.F.);
#8288=ORIENTED_EDGE('',*,*,#5973,.F.);
#8289=ORIENTED_EDGE('',*,*,#5974,.F.);
#8290=ORIENTED_EDGE('',*,*,#5973,.T.);
#8291=ORIENTED_EDGE('',*,*,#5975,.F.);
#8292=ORIENTED_EDGE('',*,*,#5976,.F.);
#8293=ORIENTED_EDGE('',*,*,#5977,.F.);
#8294=ORIENTED_EDGE('',*,*,#5976,.T.);
#8295=ORIENTED_EDGE('',*,*,#5978,.F.);
#8296=ORIENTED_EDGE('',*,*,#5979,.F.);
#8297=ORIENTED_EDGE('',*,*,#5980,.T.);
#8298=ORIENTED_EDGE('',*,*,#5979,.T.);
#8299=ORIENTED_EDGE('',*,*,#5981,.F.);
#8300=ORIENTED_EDGE('',*,*,#5982,.F.);
#8301=ORIENTED_EDGE('',*,*,#5983,.T.);
#8302=ORIENTED_EDGE('',*,*,#5982,.T.);
#8303=ORIENTED_EDGE('',*,*,#5984,.F.);
#8304=ORIENTED_EDGE('',*,*,#5985,.F.);
#8305=ORIENTED_EDGE('',*,*,#5986,.T.);
#8306=ORIENTED_EDGE('',*,*,#5985,.T.);
#8307=ORIENTED_EDGE('',*,*,#5987,.F.);
#8308=ORIENTED_EDGE('',*,*,#5988,.F.);
#8309=ORIENTED_EDGE('',*,*,#5989,.F.);
#8310=ORIENTED_EDGE('',*,*,#5988,.T.);
#8311=ORIENTED_EDGE('',*,*,#5990,.F.);
#8312=ORIENTED_EDGE('',*,*,#5962,.F.);
#8313=ORIENTED_EDGE('',*,*,#5989,.T.);
#8314=ORIENTED_EDGE('',*,*,#5961,.T.);
#8315=ORIENTED_EDGE('',*,*,#5965,.F.);
#8316=ORIENTED_EDGE('',*,*,#5968,.F.);
#8317=ORIENTED_EDGE('',*,*,#5971,.F.);
#8318=ORIENTED_EDGE('',*,*,#5974,.T.);
#8319=ORIENTED_EDGE('',*,*,#5977,.T.);
#8320=ORIENTED_EDGE('',*,*,#5980,.F.);
#8321=ORIENTED_EDGE('',*,*,#5983,.F.);
#8322=ORIENTED_EDGE('',*,*,#5986,.F.);
#8323=ORIENTED_EDGE('',*,*,#5990,.T.);
#8324=ORIENTED_EDGE('',*,*,#5987,.T.);
#8325=ORIENTED_EDGE('',*,*,#5984,.T.);
#8326=ORIENTED_EDGE('',*,*,#5981,.T.);
#8327=ORIENTED_EDGE('',*,*,#5978,.T.);
#8328=ORIENTED_EDGE('',*,*,#5975,.T.);
#8329=ORIENTED_EDGE('',*,*,#5972,.T.);
#8330=ORIENTED_EDGE('',*,*,#5969,.T.);
#8331=ORIENTED_EDGE('',*,*,#5966,.T.);
#8332=ORIENTED_EDGE('',*,*,#5963,.T.);
#8333=ORIENTED_EDGE('',*,*,#5991,.F.);
#8334=ORIENTED_EDGE('',*,*,#5992,.T.);
#8335=ORIENTED_EDGE('',*,*,#5993,.F.);
#8336=ORIENTED_EDGE('',*,*,#5994,.F.);
#8337=ORIENTED_EDGE('',*,*,#5995,.T.);
#8338=ORIENTED_EDGE('',*,*,#5994,.T.);
#8339=ORIENTED_EDGE('',*,*,#5996,.F.);
#8340=ORIENTED_EDGE('',*,*,#5997,.F.);
#8341=ORIENTED_EDGE('',*,*,#5998,.T.);
#8342=ORIENTED_EDGE('',*,*,#5997,.T.);
#8343=ORIENTED_EDGE('',*,*,#5999,.F.);
#8344=ORIENTED_EDGE('',*,*,#6000,.F.);
#8345=ORIENTED_EDGE('',*,*,#6001,.T.);
#8346=ORIENTED_EDGE('',*,*,#6000,.T.);
#8347=ORIENTED_EDGE('',*,*,#6002,.F.);
#8348=ORIENTED_EDGE('',*,*,#6003,.F.);
#8349=ORIENTED_EDGE('',*,*,#6004,.F.);
#8350=ORIENTED_EDGE('',*,*,#6003,.T.);
#8351=ORIENTED_EDGE('',*,*,#6005,.F.);
#8352=ORIENTED_EDGE('',*,*,#6006,.F.);
#8353=ORIENTED_EDGE('',*,*,#6007,.F.);
#8354=ORIENTED_EDGE('',*,*,#6006,.T.);
#8355=ORIENTED_EDGE('',*,*,#6008,.F.);
#8356=ORIENTED_EDGE('',*,*,#6009,.F.);
#8357=ORIENTED_EDGE('',*,*,#6010,.T.);
#8358=ORIENTED_EDGE('',*,*,#6009,.T.);
#8359=ORIENTED_EDGE('',*,*,#6011,.F.);
#8360=ORIENTED_EDGE('',*,*,#6012,.F.);
#8361=ORIENTED_EDGE('',*,*,#6013,.T.);
#8362=ORIENTED_EDGE('',*,*,#6012,.T.);
#8363=ORIENTED_EDGE('',*,*,#6014,.F.);
#8364=ORIENTED_EDGE('',*,*,#6015,.F.);
#8365=ORIENTED_EDGE('',*,*,#6016,.T.);
#8366=ORIENTED_EDGE('',*,*,#6015,.T.);
#8367=ORIENTED_EDGE('',*,*,#6017,.F.);
#8368=ORIENTED_EDGE('',*,*,#6018,.F.);
#8369=ORIENTED_EDGE('',*,*,#6019,.F.);
#8370=ORIENTED_EDGE('',*,*,#6018,.T.);
#8371=ORIENTED_EDGE('',*,*,#6020,.F.);
#8372=ORIENTED_EDGE('',*,*,#5992,.F.);
#8373=ORIENTED_EDGE('',*,*,#6019,.T.);
#8374=ORIENTED_EDGE('',*,*,#5991,.T.);
#8375=ORIENTED_EDGE('',*,*,#5995,.F.);
#8376=ORIENTED_EDGE('',*,*,#5998,.F.);
#8377=ORIENTED_EDGE('',*,*,#6001,.F.);
#8378=ORIENTED_EDGE('',*,*,#6004,.T.);
#8379=ORIENTED_EDGE('',*,*,#6007,.T.);
#8380=ORIENTED_EDGE('',*,*,#6010,.F.);
#8381=ORIENTED_EDGE('',*,*,#6013,.F.);
#8382=ORIENTED_EDGE('',*,*,#6016,.F.);
#8383=ORIENTED_EDGE('',*,*,#6020,.T.);
#8384=ORIENTED_EDGE('',*,*,#6017,.T.);
#8385=ORIENTED_EDGE('',*,*,#6014,.T.);
#8386=ORIENTED_EDGE('',*,*,#6011,.T.);
#8387=ORIENTED_EDGE('',*,*,#6008,.T.);
#8388=ORIENTED_EDGE('',*,*,#6005,.T.);
#8389=ORIENTED_EDGE('',*,*,#6002,.T.);
#8390=ORIENTED_EDGE('',*,*,#5999,.T.);
#8391=ORIENTED_EDGE('',*,*,#5996,.T.);
#8392=ORIENTED_EDGE('',*,*,#5993,.T.);
#8393=ORIENTED_EDGE('',*,*,#6021,.F.);
#8394=ORIENTED_EDGE('',*,*,#6022,.T.);
#8395=ORIENTED_EDGE('',*,*,#6023,.F.);
#8396=ORIENTED_EDGE('',*,*,#6024,.F.);
#8397=ORIENTED_EDGE('',*,*,#6025,.T.);
#8398=ORIENTED_EDGE('',*,*,#6024,.T.);
#8399=ORIENTED_EDGE('',*,*,#6026,.F.);
#8400=ORIENTED_EDGE('',*,*,#6027,.F.);
#8401=ORIENTED_EDGE('',*,*,#6028,.T.);
#8402=ORIENTED_EDGE('',*,*,#6027,.T.);
#8403=ORIENTED_EDGE('',*,*,#6029,.F.);
#8404=ORIENTED_EDGE('',*,*,#6030,.F.);
#8405=ORIENTED_EDGE('',*,*,#6031,.T.);
#8406=ORIENTED_EDGE('',*,*,#6030,.T.);
#8407=ORIENTED_EDGE('',*,*,#6032,.F.);
#8408=ORIENTED_EDGE('',*,*,#6033,.F.);
#8409=ORIENTED_EDGE('',*,*,#6034,.F.);
#8410=ORIENTED_EDGE('',*,*,#6033,.T.);
#8411=ORIENTED_EDGE('',*,*,#6035,.F.);
#8412=ORIENTED_EDGE('',*,*,#6036,.F.);
#8413=ORIENTED_EDGE('',*,*,#6037,.F.);
#8414=ORIENTED_EDGE('',*,*,#6036,.T.);
#8415=ORIENTED_EDGE('',*,*,#6038,.F.);
#8416=ORIENTED_EDGE('',*,*,#6039,.F.);
#8417=ORIENTED_EDGE('',*,*,#6040,.T.);
#8418=ORIENTED_EDGE('',*,*,#6039,.T.);
#8419=ORIENTED_EDGE('',*,*,#6041,.F.);
#8420=ORIENTED_EDGE('',*,*,#6042,.F.);
#8421=ORIENTED_EDGE('',*,*,#6043,.T.);
#8422=ORIENTED_EDGE('',*,*,#6042,.T.);
#8423=ORIENTED_EDGE('',*,*,#6044,.F.);
#8424=ORIENTED_EDGE('',*,*,#6045,.F.);
#8425=ORIENTED_EDGE('',*,*,#6046,.T.);
#8426=ORIENTED_EDGE('',*,*,#6045,.T.);
#8427=ORIENTED_EDGE('',*,*,#6047,.F.);
#8428=ORIENTED_EDGE('',*,*,#6048,.F.);
#8429=ORIENTED_EDGE('',*,*,#6049,.F.);
#8430=ORIENTED_EDGE('',*,*,#6048,.T.);
#8431=ORIENTED_EDGE('',*,*,#6050,.F.);
#8432=ORIENTED_EDGE('',*,*,#6022,.F.);
#8433=ORIENTED_EDGE('',*,*,#6049,.T.);
#8434=ORIENTED_EDGE('',*,*,#6021,.T.);
#8435=ORIENTED_EDGE('',*,*,#6025,.F.);
#8436=ORIENTED_EDGE('',*,*,#6028,.F.);
#8437=ORIENTED_EDGE('',*,*,#6031,.F.);
#8438=ORIENTED_EDGE('',*,*,#6034,.T.);
#8439=ORIENTED_EDGE('',*,*,#6037,.T.);
#8440=ORIENTED_EDGE('',*,*,#6040,.F.);
#8441=ORIENTED_EDGE('',*,*,#6043,.F.);
#8442=ORIENTED_EDGE('',*,*,#6046,.F.);
#8443=ORIENTED_EDGE('',*,*,#6050,.T.);
#8444=ORIENTED_EDGE('',*,*,#6047,.T.);
#8445=ORIENTED_EDGE('',*,*,#6044,.T.);
#8446=ORIENTED_EDGE('',*,*,#6041,.T.);
#8447=ORIENTED_EDGE('',*,*,#6038,.T.);
#8448=ORIENTED_EDGE('',*,*,#6035,.T.);
#8449=ORIENTED_EDGE('',*,*,#6032,.T.);
#8450=ORIENTED_EDGE('',*,*,#6029,.T.);
#8451=ORIENTED_EDGE('',*,*,#6026,.T.);
#8452=ORIENTED_EDGE('',*,*,#6023,.T.);
#8453=ORIENTED_EDGE('',*,*,#6051,.F.);
#8454=ORIENTED_EDGE('',*,*,#6052,.T.);
#8455=ORIENTED_EDGE('',*,*,#6053,.F.);
#8456=ORIENTED_EDGE('',*,*,#6054,.F.);
#8457=ORIENTED_EDGE('',*,*,#6055,.T.);
#8458=ORIENTED_EDGE('',*,*,#6054,.T.);
#8459=ORIENTED_EDGE('',*,*,#6056,.F.);
#8460=ORIENTED_EDGE('',*,*,#6057,.F.);
#8461=ORIENTED_EDGE('',*,*,#6058,.T.);
#8462=ORIENTED_EDGE('',*,*,#6057,.T.);
#8463=ORIENTED_EDGE('',*,*,#6059,.F.);
#8464=ORIENTED_EDGE('',*,*,#6060,.F.);
#8465=ORIENTED_EDGE('',*,*,#6061,.T.);
#8466=ORIENTED_EDGE('',*,*,#6060,.T.);
#8467=ORIENTED_EDGE('',*,*,#6062,.F.);
#8468=ORIENTED_EDGE('',*,*,#6063,.F.);
#8469=ORIENTED_EDGE('',*,*,#6064,.F.);
#8470=ORIENTED_EDGE('',*,*,#6063,.T.);
#8471=ORIENTED_EDGE('',*,*,#6065,.F.);
#8472=ORIENTED_EDGE('',*,*,#6066,.F.);
#8473=ORIENTED_EDGE('',*,*,#6067,.F.);
#8474=ORIENTED_EDGE('',*,*,#6066,.T.);
#8475=ORIENTED_EDGE('',*,*,#6068,.F.);
#8476=ORIENTED_EDGE('',*,*,#6069,.F.);
#8477=ORIENTED_EDGE('',*,*,#6070,.T.);
#8478=ORIENTED_EDGE('',*,*,#6069,.T.);
#8479=ORIENTED_EDGE('',*,*,#6071,.F.);
#8480=ORIENTED_EDGE('',*,*,#6072,.F.);
#8481=ORIENTED_EDGE('',*,*,#6073,.T.);
#8482=ORIENTED_EDGE('',*,*,#6072,.T.);
#8483=ORIENTED_EDGE('',*,*,#6074,.F.);
#8484=ORIENTED_EDGE('',*,*,#6075,.F.);
#8485=ORIENTED_EDGE('',*,*,#6076,.T.);
#8486=ORIENTED_EDGE('',*,*,#6075,.T.);
#8487=ORIENTED_EDGE('',*,*,#6077,.F.);
#8488=ORIENTED_EDGE('',*,*,#6078,.F.);
#8489=ORIENTED_EDGE('',*,*,#6079,.F.);
#8490=ORIENTED_EDGE('',*,*,#6078,.T.);
#8491=ORIENTED_EDGE('',*,*,#6080,.F.);
#8492=ORIENTED_EDGE('',*,*,#6052,.F.);
#8493=ORIENTED_EDGE('',*,*,#6079,.T.);
#8494=ORIENTED_EDGE('',*,*,#6051,.T.);
#8495=ORIENTED_EDGE('',*,*,#6055,.F.);
#8496=ORIENTED_EDGE('',*,*,#6058,.F.);
#8497=ORIENTED_EDGE('',*,*,#6061,.F.);
#8498=ORIENTED_EDGE('',*,*,#6064,.T.);
#8499=ORIENTED_EDGE('',*,*,#6067,.T.);
#8500=ORIENTED_EDGE('',*,*,#6070,.F.);
#8501=ORIENTED_EDGE('',*,*,#6073,.F.);
#8502=ORIENTED_EDGE('',*,*,#6076,.F.);
#8503=ORIENTED_EDGE('',*,*,#6080,.T.);
#8504=ORIENTED_EDGE('',*,*,#6077,.T.);
#8505=ORIENTED_EDGE('',*,*,#6074,.T.);
#8506=ORIENTED_EDGE('',*,*,#6071,.T.);
#8507=ORIENTED_EDGE('',*,*,#6068,.T.);
#8508=ORIENTED_EDGE('',*,*,#6065,.T.);
#8509=ORIENTED_EDGE('',*,*,#6062,.T.);
#8510=ORIENTED_EDGE('',*,*,#6059,.T.);
#8511=ORIENTED_EDGE('',*,*,#6056,.T.);
#8512=ORIENTED_EDGE('',*,*,#6053,.T.);
#8513=ORIENTED_EDGE('',*,*,#6081,.F.);
#8514=ORIENTED_EDGE('',*,*,#6082,.T.);
#8515=ORIENTED_EDGE('',*,*,#6083,.F.);
#8516=ORIENTED_EDGE('',*,*,#6084,.F.);
#8517=ORIENTED_EDGE('',*,*,#6085,.T.);
#8518=ORIENTED_EDGE('',*,*,#6084,.T.);
#8519=ORIENTED_EDGE('',*,*,#6086,.F.);
#8520=ORIENTED_EDGE('',*,*,#6087,.F.);
#8521=ORIENTED_EDGE('',*,*,#6088,.T.);
#8522=ORIENTED_EDGE('',*,*,#6087,.T.);
#8523=ORIENTED_EDGE('',*,*,#6089,.F.);
#8524=ORIENTED_EDGE('',*,*,#6090,.F.);
#8525=ORIENTED_EDGE('',*,*,#6091,.T.);
#8526=ORIENTED_EDGE('',*,*,#6090,.T.);
#8527=ORIENTED_EDGE('',*,*,#6092,.F.);
#8528=ORIENTED_EDGE('',*,*,#6093,.F.);
#8529=ORIENTED_EDGE('',*,*,#6094,.F.);
#8530=ORIENTED_EDGE('',*,*,#6093,.T.);
#8531=ORIENTED_EDGE('',*,*,#6095,.F.);
#8532=ORIENTED_EDGE('',*,*,#6096,.F.);
#8533=ORIENTED_EDGE('',*,*,#6097,.F.);
#8534=ORIENTED_EDGE('',*,*,#6096,.T.);
#8535=ORIENTED_EDGE('',*,*,#6098,.F.);
#8536=ORIENTED_EDGE('',*,*,#6099,.F.);
#8537=ORIENTED_EDGE('',*,*,#6100,.T.);
#8538=ORIENTED_EDGE('',*,*,#6099,.T.);
#8539=ORIENTED_EDGE('',*,*,#6101,.F.);
#8540=ORIENTED_EDGE('',*,*,#6102,.F.);
#8541=ORIENTED_EDGE('',*,*,#6103,.T.);
#8542=ORIENTED_EDGE('',*,*,#6102,.T.);
#8543=ORIENTED_EDGE('',*,*,#6104,.F.);
#8544=ORIENTED_EDGE('',*,*,#6105,.F.);
#8545=ORIENTED_EDGE('',*,*,#6106,.T.);
#8546=ORIENTED_EDGE('',*,*,#6105,.T.);
#8547=ORIENTED_EDGE('',*,*,#6107,.F.);
#8548=ORIENTED_EDGE('',*,*,#6108,.F.);
#8549=ORIENTED_EDGE('',*,*,#6109,.F.);
#8550=ORIENTED_EDGE('',*,*,#6108,.T.);
#8551=ORIENTED_EDGE('',*,*,#6110,.F.);
#8552=ORIENTED_EDGE('',*,*,#6082,.F.);
#8553=ORIENTED_EDGE('',*,*,#6109,.T.);
#8554=ORIENTED_EDGE('',*,*,#6081,.T.);
#8555=ORIENTED_EDGE('',*,*,#6085,.F.);
#8556=ORIENTED_EDGE('',*,*,#6088,.F.);
#8557=ORIENTED_EDGE('',*,*,#6091,.F.);
#8558=ORIENTED_EDGE('',*,*,#6094,.T.);
#8559=ORIENTED_EDGE('',*,*,#6097,.T.);
#8560=ORIENTED_EDGE('',*,*,#6100,.F.);
#8561=ORIENTED_EDGE('',*,*,#6103,.F.);
#8562=ORIENTED_EDGE('',*,*,#6106,.F.);
#8563=ORIENTED_EDGE('',*,*,#6110,.T.);
#8564=ORIENTED_EDGE('',*,*,#6107,.T.);
#8565=ORIENTED_EDGE('',*,*,#6104,.T.);
#8566=ORIENTED_EDGE('',*,*,#6101,.T.);
#8567=ORIENTED_EDGE('',*,*,#6098,.T.);
#8568=ORIENTED_EDGE('',*,*,#6095,.T.);
#8569=ORIENTED_EDGE('',*,*,#6092,.T.);
#8570=ORIENTED_EDGE('',*,*,#6089,.T.);
#8571=ORIENTED_EDGE('',*,*,#6086,.T.);
#8572=ORIENTED_EDGE('',*,*,#6083,.T.);
#8573=ORIENTED_EDGE('',*,*,#6111,.F.);
#8574=ORIENTED_EDGE('',*,*,#6112,.T.);
#8575=ORIENTED_EDGE('',*,*,#6113,.F.);
#8576=ORIENTED_EDGE('',*,*,#6114,.F.);
#8577=ORIENTED_EDGE('',*,*,#6115,.T.);
#8578=ORIENTED_EDGE('',*,*,#6114,.T.);
#8579=ORIENTED_EDGE('',*,*,#6116,.F.);
#8580=ORIENTED_EDGE('',*,*,#6117,.F.);
#8581=ORIENTED_EDGE('',*,*,#6118,.T.);
#8582=ORIENTED_EDGE('',*,*,#6117,.T.);
#8583=ORIENTED_EDGE('',*,*,#6119,.F.);
#8584=ORIENTED_EDGE('',*,*,#6120,.F.);
#8585=ORIENTED_EDGE('',*,*,#6121,.T.);
#8586=ORIENTED_EDGE('',*,*,#6120,.T.);
#8587=ORIENTED_EDGE('',*,*,#6122,.F.);
#8588=ORIENTED_EDGE('',*,*,#6123,.F.);
#8589=ORIENTED_EDGE('',*,*,#6124,.F.);
#8590=ORIENTED_EDGE('',*,*,#6123,.T.);
#8591=ORIENTED_EDGE('',*,*,#6125,.F.);
#8592=ORIENTED_EDGE('',*,*,#6126,.F.);
#8593=ORIENTED_EDGE('',*,*,#6127,.F.);
#8594=ORIENTED_EDGE('',*,*,#6126,.T.);
#8595=ORIENTED_EDGE('',*,*,#6128,.F.);
#8596=ORIENTED_EDGE('',*,*,#6129,.F.);
#8597=ORIENTED_EDGE('',*,*,#6130,.T.);
#8598=ORIENTED_EDGE('',*,*,#6129,.T.);
#8599=ORIENTED_EDGE('',*,*,#6131,.F.);
#8600=ORIENTED_EDGE('',*,*,#6132,.F.);
#8601=ORIENTED_EDGE('',*,*,#6133,.T.);
#8602=ORIENTED_EDGE('',*,*,#6132,.T.);
#8603=ORIENTED_EDGE('',*,*,#6134,.F.);
#8604=ORIENTED_EDGE('',*,*,#6135,.F.);
#8605=ORIENTED_EDGE('',*,*,#6136,.T.);
#8606=ORIENTED_EDGE('',*,*,#6135,.T.);
#8607=ORIENTED_EDGE('',*,*,#6137,.F.);
#8608=ORIENTED_EDGE('',*,*,#6138,.F.);
#8609=ORIENTED_EDGE('',*,*,#6139,.F.);
#8610=ORIENTED_EDGE('',*,*,#6138,.T.);
#8611=ORIENTED_EDGE('',*,*,#6140,.F.);
#8612=ORIENTED_EDGE('',*,*,#6112,.F.);
#8613=ORIENTED_EDGE('',*,*,#6139,.T.);
#8614=ORIENTED_EDGE('',*,*,#6111,.T.);
#8615=ORIENTED_EDGE('',*,*,#6115,.F.);
#8616=ORIENTED_EDGE('',*,*,#6118,.F.);
#8617=ORIENTED_EDGE('',*,*,#6121,.F.);
#8618=ORIENTED_EDGE('',*,*,#6124,.T.);
#8619=ORIENTED_EDGE('',*,*,#6127,.T.);
#8620=ORIENTED_EDGE('',*,*,#6130,.F.);
#8621=ORIENTED_EDGE('',*,*,#6133,.F.);
#8622=ORIENTED_EDGE('',*,*,#6136,.F.);
#8623=ORIENTED_EDGE('',*,*,#6140,.T.);
#8624=ORIENTED_EDGE('',*,*,#6137,.T.);
#8625=ORIENTED_EDGE('',*,*,#6134,.T.);
#8626=ORIENTED_EDGE('',*,*,#6131,.T.);
#8627=ORIENTED_EDGE('',*,*,#6128,.T.);
#8628=ORIENTED_EDGE('',*,*,#6125,.T.);
#8629=ORIENTED_EDGE('',*,*,#6122,.T.);
#8630=ORIENTED_EDGE('',*,*,#6119,.T.);
#8631=ORIENTED_EDGE('',*,*,#6116,.T.);
#8632=ORIENTED_EDGE('',*,*,#6113,.T.);
#8633=ORIENTED_EDGE('',*,*,#6141,.T.);
#8634=ORIENTED_EDGE('',*,*,#6142,.T.);
#8635=ORIENTED_EDGE('',*,*,#6143,.T.);
#8636=ORIENTED_EDGE('',*,*,#6144,.F.);
#8637=ORIENTED_EDGE('',*,*,#6145,.F.);
#8638=ORIENTED_EDGE('',*,*,#6146,.T.);
#8639=ORIENTED_EDGE('',*,*,#6147,.T.);
#8640=ORIENTED_EDGE('',*,*,#6142,.F.);
#8641=ORIENTED_EDGE('',*,*,#6148,.F.);
#8642=ORIENTED_EDGE('',*,*,#6149,.T.);
#8643=ORIENTED_EDGE('',*,*,#6150,.T.);
#8644=ORIENTED_EDGE('',*,*,#6146,.F.);
#8645=ORIENTED_EDGE('',*,*,#6151,.F.);
#8646=ORIENTED_EDGE('',*,*,#6152,.T.);
#8647=ORIENTED_EDGE('',*,*,#6153,.T.);
#8648=ORIENTED_EDGE('',*,*,#6149,.F.);
#8649=ORIENTED_EDGE('',*,*,#6154,.T.);
#8650=ORIENTED_EDGE('',*,*,#6155,.T.);
#8651=ORIENTED_EDGE('',*,*,#6156,.T.);
#8652=ORIENTED_EDGE('',*,*,#6152,.F.);
#8653=ORIENTED_EDGE('',*,*,#6157,.T.);
#8654=ORIENTED_EDGE('',*,*,#6158,.T.);
#8655=ORIENTED_EDGE('',*,*,#6159,.T.);
#8656=ORIENTED_EDGE('',*,*,#6155,.F.);
#8657=ORIENTED_EDGE('',*,*,#6160,.F.);
#8658=ORIENTED_EDGE('',*,*,#6161,.T.);
#8659=ORIENTED_EDGE('',*,*,#6162,.T.);
#8660=ORIENTED_EDGE('',*,*,#6158,.F.);
#8661=ORIENTED_EDGE('',*,*,#6163,.F.);
#8662=ORIENTED_EDGE('',*,*,#6164,.T.);
#8663=ORIENTED_EDGE('',*,*,#6165,.T.);
#8664=ORIENTED_EDGE('',*,*,#6161,.F.);
#8665=ORIENTED_EDGE('',*,*,#6166,.F.);
#8666=ORIENTED_EDGE('',*,*,#6167,.T.);
#8667=ORIENTED_EDGE('',*,*,#6168,.T.);
#8668=ORIENTED_EDGE('',*,*,#6164,.F.);
#8669=ORIENTED_EDGE('',*,*,#6169,.T.);
#8670=ORIENTED_EDGE('',*,*,#6144,.T.);
#8671=ORIENTED_EDGE('',*,*,#6170,.T.);
#8672=ORIENTED_EDGE('',*,*,#6167,.F.);
#8673=ORIENTED_EDGE('',*,*,#6169,.F.);
#8674=ORIENTED_EDGE('',*,*,#6166,.T.);
#8675=ORIENTED_EDGE('',*,*,#6163,.T.);
#8676=ORIENTED_EDGE('',*,*,#6160,.T.);
#8677=ORIENTED_EDGE('',*,*,#6157,.F.);
#8678=ORIENTED_EDGE('',*,*,#6154,.F.);
#8679=ORIENTED_EDGE('',*,*,#6151,.T.);
#8680=ORIENTED_EDGE('',*,*,#6148,.T.);
#8681=ORIENTED_EDGE('',*,*,#6145,.T.);
#8682=ORIENTED_EDGE('',*,*,#6141,.F.);
#8683=ORIENTED_EDGE('',*,*,#6170,.F.);
#8684=ORIENTED_EDGE('',*,*,#6143,.F.);
#8685=ORIENTED_EDGE('',*,*,#6147,.F.);
#8686=ORIENTED_EDGE('',*,*,#6150,.F.);
#8687=ORIENTED_EDGE('',*,*,#6153,.F.);
#8688=ORIENTED_EDGE('',*,*,#6156,.F.);
#8689=ORIENTED_EDGE('',*,*,#6159,.F.);
#8690=ORIENTED_EDGE('',*,*,#6162,.F.);
#8691=ORIENTED_EDGE('',*,*,#6165,.F.);
#8692=ORIENTED_EDGE('',*,*,#6168,.F.);
#8693=ORIENTED_EDGE('',*,*,#6171,.T.);
#8694=ORIENTED_EDGE('',*,*,#6172,.T.);
#8695=ORIENTED_EDGE('',*,*,#6173,.T.);
#8696=ORIENTED_EDGE('',*,*,#6174,.F.);
#8697=ORIENTED_EDGE('',*,*,#6175,.F.);
#8698=ORIENTED_EDGE('',*,*,#6176,.T.);
#8699=ORIENTED_EDGE('',*,*,#6177,.T.);
#8700=ORIENTED_EDGE('',*,*,#6172,.F.);
#8701=ORIENTED_EDGE('',*,*,#6178,.F.);
#8702=ORIENTED_EDGE('',*,*,#6179,.T.);
#8703=ORIENTED_EDGE('',*,*,#6180,.T.);
#8704=ORIENTED_EDGE('',*,*,#6176,.F.);
#8705=ORIENTED_EDGE('',*,*,#6181,.F.);
#8706=ORIENTED_EDGE('',*,*,#6182,.T.);
#8707=ORIENTED_EDGE('',*,*,#6183,.T.);
#8708=ORIENTED_EDGE('',*,*,#6179,.F.);
#8709=ORIENTED_EDGE('',*,*,#6184,.T.);
#8710=ORIENTED_EDGE('',*,*,#6185,.T.);
#8711=ORIENTED_EDGE('',*,*,#6186,.T.);
#8712=ORIENTED_EDGE('',*,*,#6182,.F.);
#8713=ORIENTED_EDGE('',*,*,#6187,.T.);
#8714=ORIENTED_EDGE('',*,*,#6188,.T.);
#8715=ORIENTED_EDGE('',*,*,#6189,.T.);
#8716=ORIENTED_EDGE('',*,*,#6185,.F.);
#8717=ORIENTED_EDGE('',*,*,#6190,.F.);
#8718=ORIENTED_EDGE('',*,*,#6191,.T.);
#8719=ORIENTED_EDGE('',*,*,#6192,.T.);
#8720=ORIENTED_EDGE('',*,*,#6188,.F.);
#8721=ORIENTED_EDGE('',*,*,#6193,.F.);
#8722=ORIENTED_EDGE('',*,*,#6194,.T.);
#8723=ORIENTED_EDGE('',*,*,#6195,.T.);
#8724=ORIENTED_EDGE('',*,*,#6191,.F.);
#8725=ORIENTED_EDGE('',*,*,#6196,.F.);
#8726=ORIENTED_EDGE('',*,*,#6197,.T.);
#8727=ORIENTED_EDGE('',*,*,#6198,.T.);
#8728=ORIENTED_EDGE('',*,*,#6194,.F.);
#8729=ORIENTED_EDGE('',*,*,#6199,.T.);
#8730=ORIENTED_EDGE('',*,*,#6174,.T.);
#8731=ORIENTED_EDGE('',*,*,#6200,.T.);
#8732=ORIENTED_EDGE('',*,*,#6197,.F.);
#8733=ORIENTED_EDGE('',*,*,#6199,.F.);
#8734=ORIENTED_EDGE('',*,*,#6196,.T.);
#8735=ORIENTED_EDGE('',*,*,#6193,.T.);
#8736=ORIENTED_EDGE('',*,*,#6190,.T.);
#8737=ORIENTED_EDGE('',*,*,#6187,.F.);
#8738=ORIENTED_EDGE('',*,*,#6184,.F.);
#8739=ORIENTED_EDGE('',*,*,#6181,.T.);
#8740=ORIENTED_EDGE('',*,*,#6178,.T.);
#8741=ORIENTED_EDGE('',*,*,#6175,.T.);
#8742=ORIENTED_EDGE('',*,*,#6171,.F.);
#8743=ORIENTED_EDGE('',*,*,#6200,.F.);
#8744=ORIENTED_EDGE('',*,*,#6173,.F.);
#8745=ORIENTED_EDGE('',*,*,#6177,.F.);
#8746=ORIENTED_EDGE('',*,*,#6180,.F.);
#8747=ORIENTED_EDGE('',*,*,#6183,.F.);
#8748=ORIENTED_EDGE('',*,*,#6186,.F.);
#8749=ORIENTED_EDGE('',*,*,#6189,.F.);
#8750=ORIENTED_EDGE('',*,*,#6192,.F.);
#8751=ORIENTED_EDGE('',*,*,#6195,.F.);
#8752=ORIENTED_EDGE('',*,*,#6198,.F.);
#8753=ORIENTED_EDGE('',*,*,#6201,.T.);
#8754=ORIENTED_EDGE('',*,*,#6202,.T.);
#8755=ORIENTED_EDGE('',*,*,#6203,.T.);
#8756=ORIENTED_EDGE('',*,*,#6204,.F.);
#8757=ORIENTED_EDGE('',*,*,#6205,.F.);
#8758=ORIENTED_EDGE('',*,*,#6206,.T.);
#8759=ORIENTED_EDGE('',*,*,#6207,.T.);
#8760=ORIENTED_EDGE('',*,*,#6202,.F.);
#8761=ORIENTED_EDGE('',*,*,#6208,.F.);
#8762=ORIENTED_EDGE('',*,*,#6209,.T.);
#8763=ORIENTED_EDGE('',*,*,#6210,.T.);
#8764=ORIENTED_EDGE('',*,*,#6206,.F.);
#8765=ORIENTED_EDGE('',*,*,#6211,.F.);
#8766=ORIENTED_EDGE('',*,*,#6212,.T.);
#8767=ORIENTED_EDGE('',*,*,#6213,.T.);
#8768=ORIENTED_EDGE('',*,*,#6209,.F.);
#8769=ORIENTED_EDGE('',*,*,#6214,.T.);
#8770=ORIENTED_EDGE('',*,*,#6215,.T.);
#8771=ORIENTED_EDGE('',*,*,#6216,.T.);
#8772=ORIENTED_EDGE('',*,*,#6212,.F.);
#8773=ORIENTED_EDGE('',*,*,#6217,.T.);
#8774=ORIENTED_EDGE('',*,*,#6218,.T.);
#8775=ORIENTED_EDGE('',*,*,#6219,.T.);
#8776=ORIENTED_EDGE('',*,*,#6215,.F.);
#8777=ORIENTED_EDGE('',*,*,#6220,.F.);
#8778=ORIENTED_EDGE('',*,*,#6221,.T.);
#8779=ORIENTED_EDGE('',*,*,#6222,.T.);
#8780=ORIENTED_EDGE('',*,*,#6218,.F.);
#8781=ORIENTED_EDGE('',*,*,#6223,.F.);
#8782=ORIENTED_EDGE('',*,*,#6224,.T.);
#8783=ORIENTED_EDGE('',*,*,#6225,.T.);
#8784=ORIENTED_EDGE('',*,*,#6221,.F.);
#8785=ORIENTED_EDGE('',*,*,#6226,.F.);
#8786=ORIENTED_EDGE('',*,*,#6227,.T.);
#8787=ORIENTED_EDGE('',*,*,#6228,.T.);
#8788=ORIENTED_EDGE('',*,*,#6224,.F.);
#8789=ORIENTED_EDGE('',*,*,#6229,.T.);
#8790=ORIENTED_EDGE('',*,*,#6204,.T.);
#8791=ORIENTED_EDGE('',*,*,#6230,.T.);
#8792=ORIENTED_EDGE('',*,*,#6227,.F.);
#8793=ORIENTED_EDGE('',*,*,#6229,.F.);
#8794=ORIENTED_EDGE('',*,*,#6226,.T.);
#8795=ORIENTED_EDGE('',*,*,#6223,.T.);
#8796=ORIENTED_EDGE('',*,*,#6220,.T.);
#8797=ORIENTED_EDGE('',*,*,#6217,.F.);
#8798=ORIENTED_EDGE('',*,*,#6214,.F.);
#8799=ORIENTED_EDGE('',*,*,#6211,.T.);
#8800=ORIENTED_EDGE('',*,*,#6208,.T.);
#8801=ORIENTED_EDGE('',*,*,#6205,.T.);
#8802=ORIENTED_EDGE('',*,*,#6201,.F.);
#8803=ORIENTED_EDGE('',*,*,#6230,.F.);
#8804=ORIENTED_EDGE('',*,*,#6203,.F.);
#8805=ORIENTED_EDGE('',*,*,#6207,.F.);
#8806=ORIENTED_EDGE('',*,*,#6210,.F.);
#8807=ORIENTED_EDGE('',*,*,#6213,.F.);
#8808=ORIENTED_EDGE('',*,*,#6216,.F.);
#8809=ORIENTED_EDGE('',*,*,#6219,.F.);
#8810=ORIENTED_EDGE('',*,*,#6222,.F.);
#8811=ORIENTED_EDGE('',*,*,#6225,.F.);
#8812=ORIENTED_EDGE('',*,*,#6228,.F.);
#8813=ORIENTED_EDGE('',*,*,#6231,.T.);
#8814=ORIENTED_EDGE('',*,*,#6232,.T.);
#8815=ORIENTED_EDGE('',*,*,#6233,.T.);
#8816=ORIENTED_EDGE('',*,*,#6234,.F.);
#8817=ORIENTED_EDGE('',*,*,#6235,.F.);
#8818=ORIENTED_EDGE('',*,*,#6236,.T.);
#8819=ORIENTED_EDGE('',*,*,#6237,.T.);
#8820=ORIENTED_EDGE('',*,*,#6232,.F.);
#8821=ORIENTED_EDGE('',*,*,#6238,.F.);
#8822=ORIENTED_EDGE('',*,*,#6239,.T.);
#8823=ORIENTED_EDGE('',*,*,#6240,.T.);
#8824=ORIENTED_EDGE('',*,*,#6236,.F.);
#8825=ORIENTED_EDGE('',*,*,#6241,.F.);
#8826=ORIENTED_EDGE('',*,*,#6242,.T.);
#8827=ORIENTED_EDGE('',*,*,#6243,.T.);
#8828=ORIENTED_EDGE('',*,*,#6239,.F.);
#8829=ORIENTED_EDGE('',*,*,#6244,.T.);
#8830=ORIENTED_EDGE('',*,*,#6245,.T.);
#8831=ORIENTED_EDGE('',*,*,#6246,.T.);
#8832=ORIENTED_EDGE('',*,*,#6242,.F.);
#8833=ORIENTED_EDGE('',*,*,#6247,.T.);
#8834=ORIENTED_EDGE('',*,*,#6248,.T.);
#8835=ORIENTED_EDGE('',*,*,#6249,.T.);
#8836=ORIENTED_EDGE('',*,*,#6245,.F.);
#8837=ORIENTED_EDGE('',*,*,#6250,.F.);
#8838=ORIENTED_EDGE('',*,*,#6251,.T.);
#8839=ORIENTED_EDGE('',*,*,#6252,.T.);
#8840=ORIENTED_EDGE('',*,*,#6248,.F.);
#8841=ORIENTED_EDGE('',*,*,#6253,.F.);
#8842=ORIENTED_EDGE('',*,*,#6254,.T.);
#8843=ORIENTED_EDGE('',*,*,#6255,.T.);
#8844=ORIENTED_EDGE('',*,*,#6251,.F.);
#8845=ORIENTED_EDGE('',*,*,#6256,.F.);
#8846=ORIENTED_EDGE('',*,*,#6257,.T.);
#8847=ORIENTED_EDGE('',*,*,#6258,.T.);
#8848=ORIENTED_EDGE('',*,*,#6254,.F.);
#8849=ORIENTED_EDGE('',*,*,#6259,.T.);
#8850=ORIENTED_EDGE('',*,*,#6234,.T.);
#8851=ORIENTED_EDGE('',*,*,#6260,.T.);
#8852=ORIENTED_EDGE('',*,*,#6257,.F.);
#8853=ORIENTED_EDGE('',*,*,#6259,.F.);
#8854=ORIENTED_EDGE('',*,*,#6256,.T.);
#8855=ORIENTED_EDGE('',*,*,#6253,.T.);
#8856=ORIENTED_EDGE('',*,*,#6250,.T.);
#8857=ORIENTED_EDGE('',*,*,#6247,.F.);
#8858=ORIENTED_EDGE('',*,*,#6244,.F.);
#8859=ORIENTED_EDGE('',*,*,#6241,.T.);
#8860=ORIENTED_EDGE('',*,*,#6238,.T.);
#8861=ORIENTED_EDGE('',*,*,#6235,.T.);
#8862=ORIENTED_EDGE('',*,*,#6231,.F.);
#8863=ORIENTED_EDGE('',*,*,#6260,.F.);
#8864=ORIENTED_EDGE('',*,*,#6233,.F.);
#8865=ORIENTED_EDGE('',*,*,#6237,.F.);
#8866=ORIENTED_EDGE('',*,*,#6240,.F.);
#8867=ORIENTED_EDGE('',*,*,#6243,.F.);
#8868=ORIENTED_EDGE('',*,*,#6246,.F.);
#8869=ORIENTED_EDGE('',*,*,#6249,.F.);
#8870=ORIENTED_EDGE('',*,*,#6252,.F.);
#8871=ORIENTED_EDGE('',*,*,#6255,.F.);
#8872=ORIENTED_EDGE('',*,*,#6258,.F.);
#8873=ORIENTED_EDGE('',*,*,#6261,.T.);
#8874=ORIENTED_EDGE('',*,*,#6262,.T.);
#8875=ORIENTED_EDGE('',*,*,#6263,.T.);
#8876=ORIENTED_EDGE('',*,*,#6264,.F.);
#8877=ORIENTED_EDGE('',*,*,#6265,.F.);
#8878=ORIENTED_EDGE('',*,*,#6266,.T.);
#8879=ORIENTED_EDGE('',*,*,#6267,.T.);
#8880=ORIENTED_EDGE('',*,*,#6262,.F.);
#8881=ORIENTED_EDGE('',*,*,#6268,.F.);
#8882=ORIENTED_EDGE('',*,*,#6269,.T.);
#8883=ORIENTED_EDGE('',*,*,#6270,.T.);
#8884=ORIENTED_EDGE('',*,*,#6266,.F.);
#8885=ORIENTED_EDGE('',*,*,#6271,.F.);
#8886=ORIENTED_EDGE('',*,*,#6272,.T.);
#8887=ORIENTED_EDGE('',*,*,#6273,.T.);
#8888=ORIENTED_EDGE('',*,*,#6269,.F.);
#8889=ORIENTED_EDGE('',*,*,#6274,.T.);
#8890=ORIENTED_EDGE('',*,*,#6275,.T.);
#8891=ORIENTED_EDGE('',*,*,#6276,.T.);
#8892=ORIENTED_EDGE('',*,*,#6272,.F.);
#8893=ORIENTED_EDGE('',*,*,#6277,.T.);
#8894=ORIENTED_EDGE('',*,*,#6278,.T.);
#8895=ORIENTED_EDGE('',*,*,#6279,.T.);
#8896=ORIENTED_EDGE('',*,*,#6275,.F.);
#8897=ORIENTED_EDGE('',*,*,#6280,.F.);
#8898=ORIENTED_EDGE('',*,*,#6281,.T.);
#8899=ORIENTED_EDGE('',*,*,#6282,.T.);
#8900=ORIENTED_EDGE('',*,*,#6278,.F.);
#8901=ORIENTED_EDGE('',*,*,#6283,.F.);
#8902=ORIENTED_EDGE('',*,*,#6284,.T.);
#8903=ORIENTED_EDGE('',*,*,#6285,.T.);
#8904=ORIENTED_EDGE('',*,*,#6281,.F.);
#8905=ORIENTED_EDGE('',*,*,#6286,.F.);
#8906=ORIENTED_EDGE('',*,*,#6287,.T.);
#8907=ORIENTED_EDGE('',*,*,#6288,.T.);
#8908=ORIENTED_EDGE('',*,*,#6284,.F.);
#8909=ORIENTED_EDGE('',*,*,#6289,.T.);
#8910=ORIENTED_EDGE('',*,*,#6264,.T.);
#8911=ORIENTED_EDGE('',*,*,#6290,.T.);
#8912=ORIENTED_EDGE('',*,*,#6287,.F.);
#8913=ORIENTED_EDGE('',*,*,#6289,.F.);
#8914=ORIENTED_EDGE('',*,*,#6286,.T.);
#8915=ORIENTED_EDGE('',*,*,#6283,.T.);
#8916=ORIENTED_EDGE('',*,*,#6280,.T.);
#8917=ORIENTED_EDGE('',*,*,#6277,.F.);
#8918=ORIENTED_EDGE('',*,*,#6274,.F.);
#8919=ORIENTED_EDGE('',*,*,#6271,.T.);
#8920=ORIENTED_EDGE('',*,*,#6268,.T.);
#8921=ORIENTED_EDGE('',*,*,#6265,.T.);
#8922=ORIENTED_EDGE('',*,*,#6261,.F.);
#8923=ORIENTED_EDGE('',*,*,#6290,.F.);
#8924=ORIENTED_EDGE('',*,*,#6263,.F.);
#8925=ORIENTED_EDGE('',*,*,#6267,.F.);
#8926=ORIENTED_EDGE('',*,*,#6270,.F.);
#8927=ORIENTED_EDGE('',*,*,#6273,.F.);
#8928=ORIENTED_EDGE('',*,*,#6276,.F.);
#8929=ORIENTED_EDGE('',*,*,#6279,.F.);
#8930=ORIENTED_EDGE('',*,*,#6282,.F.);
#8931=ORIENTED_EDGE('',*,*,#6285,.F.);
#8932=ORIENTED_EDGE('',*,*,#6288,.F.);
#8933=ORIENTED_EDGE('',*,*,#6291,.T.);
#8934=ORIENTED_EDGE('',*,*,#6292,.T.);
#8935=ORIENTED_EDGE('',*,*,#6293,.T.);
#8936=ORIENTED_EDGE('',*,*,#6294,.F.);
#8937=ORIENTED_EDGE('',*,*,#6295,.F.);
#8938=ORIENTED_EDGE('',*,*,#6296,.T.);
#8939=ORIENTED_EDGE('',*,*,#6297,.T.);
#8940=ORIENTED_EDGE('',*,*,#6292,.F.);
#8941=ORIENTED_EDGE('',*,*,#6298,.F.);
#8942=ORIENTED_EDGE('',*,*,#6299,.T.);
#8943=ORIENTED_EDGE('',*,*,#6300,.T.);
#8944=ORIENTED_EDGE('',*,*,#6296,.F.);
#8945=ORIENTED_EDGE('',*,*,#6301,.F.);
#8946=ORIENTED_EDGE('',*,*,#6302,.T.);
#8947=ORIENTED_EDGE('',*,*,#6303,.T.);
#8948=ORIENTED_EDGE('',*,*,#6299,.F.);
#8949=ORIENTED_EDGE('',*,*,#6304,.T.);
#8950=ORIENTED_EDGE('',*,*,#6305,.T.);
#8951=ORIENTED_EDGE('',*,*,#6306,.T.);
#8952=ORIENTED_EDGE('',*,*,#6302,.F.);
#8953=ORIENTED_EDGE('',*,*,#6307,.T.);
#8954=ORIENTED_EDGE('',*,*,#6308,.T.);
#8955=ORIENTED_EDGE('',*,*,#6309,.T.);
#8956=ORIENTED_EDGE('',*,*,#6305,.F.);
#8957=ORIENTED_EDGE('',*,*,#6310,.F.);
#8958=ORIENTED_EDGE('',*,*,#6311,.T.);
#8959=ORIENTED_EDGE('',*,*,#6312,.T.);
#8960=ORIENTED_EDGE('',*,*,#6308,.F.);
#8961=ORIENTED_EDGE('',*,*,#6313,.F.);
#8962=ORIENTED_EDGE('',*,*,#6314,.T.);
#8963=ORIENTED_EDGE('',*,*,#6315,.T.);
#8964=ORIENTED_EDGE('',*,*,#6311,.F.);
#8965=ORIENTED_EDGE('',*,*,#6316,.F.);
#8966=ORIENTED_EDGE('',*,*,#6317,.T.);
#8967=ORIENTED_EDGE('',*,*,#6318,.T.);
#8968=ORIENTED_EDGE('',*,*,#6314,.F.);
#8969=ORIENTED_EDGE('',*,*,#6319,.T.);
#8970=ORIENTED_EDGE('',*,*,#6294,.T.);
#8971=ORIENTED_EDGE('',*,*,#6320,.T.);
#8972=ORIENTED_EDGE('',*,*,#6317,.F.);
#8973=ORIENTED_EDGE('',*,*,#6319,.F.);
#8974=ORIENTED_EDGE('',*,*,#6316,.T.);
#8975=ORIENTED_EDGE('',*,*,#6313,.T.);
#8976=ORIENTED_EDGE('',*,*,#6310,.T.);
#8977=ORIENTED_EDGE('',*,*,#6307,.F.);
#8978=ORIENTED_EDGE('',*,*,#6304,.F.);
#8979=ORIENTED_EDGE('',*,*,#6301,.T.);
#8980=ORIENTED_EDGE('',*,*,#6298,.T.);
#8981=ORIENTED_EDGE('',*,*,#6295,.T.);
#8982=ORIENTED_EDGE('',*,*,#6291,.F.);
#8983=ORIENTED_EDGE('',*,*,#6320,.F.);
#8984=ORIENTED_EDGE('',*,*,#6293,.F.);
#8985=ORIENTED_EDGE('',*,*,#6297,.F.);
#8986=ORIENTED_EDGE('',*,*,#6300,.F.);
#8987=ORIENTED_EDGE('',*,*,#6303,.F.);
#8988=ORIENTED_EDGE('',*,*,#6306,.F.);
#8989=ORIENTED_EDGE('',*,*,#6309,.F.);
#8990=ORIENTED_EDGE('',*,*,#6312,.F.);
#8991=ORIENTED_EDGE('',*,*,#6315,.F.);
#8992=ORIENTED_EDGE('',*,*,#6318,.F.);
#8993=ORIENTED_EDGE('',*,*,#6321,.T.);
#8994=ORIENTED_EDGE('',*,*,#6322,.T.);
#8995=ORIENTED_EDGE('',*,*,#6323,.T.);
#8996=ORIENTED_EDGE('',*,*,#6324,.F.);
#8997=ORIENTED_EDGE('',*,*,#6325,.F.);
#8998=ORIENTED_EDGE('',*,*,#6326,.T.);
#8999=ORIENTED_EDGE('',*,*,#6327,.T.);
#9000=ORIENTED_EDGE('',*,*,#6322,.F.);
#9001=ORIENTED_EDGE('',*,*,#6328,.F.);
#9002=ORIENTED_EDGE('',*,*,#6329,.T.);
#9003=ORIENTED_EDGE('',*,*,#6330,.T.);
#9004=ORIENTED_EDGE('',*,*,#6326,.F.);
#9005=ORIENTED_EDGE('',*,*,#6331,.F.);
#9006=ORIENTED_EDGE('',*,*,#6332,.T.);
#9007=ORIENTED_EDGE('',*,*,#6333,.T.);
#9008=ORIENTED_EDGE('',*,*,#6329,.F.);
#9009=ORIENTED_EDGE('',*,*,#6334,.T.);
#9010=ORIENTED_EDGE('',*,*,#6335,.T.);
#9011=ORIENTED_EDGE('',*,*,#6336,.T.);
#9012=ORIENTED_EDGE('',*,*,#6332,.F.);
#9013=ORIENTED_EDGE('',*,*,#6337,.T.);
#9014=ORIENTED_EDGE('',*,*,#6338,.T.);
#9015=ORIENTED_EDGE('',*,*,#6339,.T.);
#9016=ORIENTED_EDGE('',*,*,#6335,.F.);
#9017=ORIENTED_EDGE('',*,*,#6340,.F.);
#9018=ORIENTED_EDGE('',*,*,#6341,.T.);
#9019=ORIENTED_EDGE('',*,*,#6342,.T.);
#9020=ORIENTED_EDGE('',*,*,#6338,.F.);
#9021=ORIENTED_EDGE('',*,*,#6343,.F.);
#9022=ORIENTED_EDGE('',*,*,#6344,.T.);
#9023=ORIENTED_EDGE('',*,*,#6345,.T.);
#9024=ORIENTED_EDGE('',*,*,#6341,.F.);
#9025=ORIENTED_EDGE('',*,*,#6346,.F.);
#9026=ORIENTED_EDGE('',*,*,#6347,.T.);
#9027=ORIENTED_EDGE('',*,*,#6348,.T.);
#9028=ORIENTED_EDGE('',*,*,#6344,.F.);
#9029=ORIENTED_EDGE('',*,*,#6349,.T.);
#9030=ORIENTED_EDGE('',*,*,#6324,.T.);
#9031=ORIENTED_EDGE('',*,*,#6350,.T.);
#9032=ORIENTED_EDGE('',*,*,#6347,.F.);
#9033=ORIENTED_EDGE('',*,*,#6349,.F.);
#9034=ORIENTED_EDGE('',*,*,#6346,.T.);
#9035=ORIENTED_EDGE('',*,*,#6343,.T.);
#9036=ORIENTED_EDGE('',*,*,#6340,.T.);
#9037=ORIENTED_EDGE('',*,*,#6337,.F.);
#9038=ORIENTED_EDGE('',*,*,#6334,.F.);
#9039=ORIENTED_EDGE('',*,*,#6331,.T.);
#9040=ORIENTED_EDGE('',*,*,#6328,.T.);
#9041=ORIENTED_EDGE('',*,*,#6325,.T.);
#9042=ORIENTED_EDGE('',*,*,#6321,.F.);
#9043=ORIENTED_EDGE('',*,*,#6350,.F.);
#9044=ORIENTED_EDGE('',*,*,#6323,.F.);
#9045=ORIENTED_EDGE('',*,*,#6327,.F.);
#9046=ORIENTED_EDGE('',*,*,#6330,.F.);
#9047=ORIENTED_EDGE('',*,*,#6333,.F.);
#9048=ORIENTED_EDGE('',*,*,#6336,.F.);
#9049=ORIENTED_EDGE('',*,*,#6339,.F.);
#9050=ORIENTED_EDGE('',*,*,#6342,.F.);
#9051=ORIENTED_EDGE('',*,*,#6345,.F.);
#9052=ORIENTED_EDGE('',*,*,#6348,.F.);
#9053=ORIENTED_EDGE('',*,*,#6351,.T.);
#9054=ORIENTED_EDGE('',*,*,#6352,.T.);
#9055=ORIENTED_EDGE('',*,*,#6353,.T.);
#9056=ORIENTED_EDGE('',*,*,#6354,.F.);
#9057=ORIENTED_EDGE('',*,*,#6355,.F.);
#9058=ORIENTED_EDGE('',*,*,#6356,.T.);
#9059=ORIENTED_EDGE('',*,*,#6357,.T.);
#9060=ORIENTED_EDGE('',*,*,#6352,.F.);
#9061=ORIENTED_EDGE('',*,*,#6358,.F.);
#9062=ORIENTED_EDGE('',*,*,#6359,.T.);
#9063=ORIENTED_EDGE('',*,*,#6360,.T.);
#9064=ORIENTED_EDGE('',*,*,#6356,.F.);
#9065=ORIENTED_EDGE('',*,*,#6361,.F.);
#9066=ORIENTED_EDGE('',*,*,#6362,.T.);
#9067=ORIENTED_EDGE('',*,*,#6363,.T.);
#9068=ORIENTED_EDGE('',*,*,#6359,.F.);
#9069=ORIENTED_EDGE('',*,*,#6364,.T.);
#9070=ORIENTED_EDGE('',*,*,#6365,.T.);
#9071=ORIENTED_EDGE('',*,*,#6366,.T.);
#9072=ORIENTED_EDGE('',*,*,#6362,.F.);
#9073=ORIENTED_EDGE('',*,*,#6367,.T.);
#9074=ORIENTED_EDGE('',*,*,#6368,.T.);
#9075=ORIENTED_EDGE('',*,*,#6369,.T.);
#9076=ORIENTED_EDGE('',*,*,#6365,.F.);
#9077=ORIENTED_EDGE('',*,*,#6370,.F.);
#9078=ORIENTED_EDGE('',*,*,#6371,.T.);
#9079=ORIENTED_EDGE('',*,*,#6372,.T.);
#9080=ORIENTED_EDGE('',*,*,#6368,.F.);
#9081=ORIENTED_EDGE('',*,*,#6373,.F.);
#9082=ORIENTED_EDGE('',*,*,#6374,.T.);
#9083=ORIENTED_EDGE('',*,*,#6375,.T.);
#9084=ORIENTED_EDGE('',*,*,#6371,.F.);
#9085=ORIENTED_EDGE('',*,*,#6376,.F.);
#9086=ORIENTED_EDGE('',*,*,#6377,.T.);
#9087=ORIENTED_EDGE('',*,*,#6378,.T.);
#9088=ORIENTED_EDGE('',*,*,#6374,.F.);
#9089=ORIENTED_EDGE('',*,*,#6379,.T.);
#9090=ORIENTED_EDGE('',*,*,#6354,.T.);
#9091=ORIENTED_EDGE('',*,*,#6380,.T.);
#9092=ORIENTED_EDGE('',*,*,#6377,.F.);
#9093=ORIENTED_EDGE('',*,*,#6379,.F.);
#9094=ORIENTED_EDGE('',*,*,#6376,.T.);
#9095=ORIENTED_EDGE('',*,*,#6373,.T.);
#9096=ORIENTED_EDGE('',*,*,#6370,.T.);
#9097=ORIENTED_EDGE('',*,*,#6367,.F.);
#9098=ORIENTED_EDGE('',*,*,#6364,.F.);
#9099=ORIENTED_EDGE('',*,*,#6361,.T.);
#9100=ORIENTED_EDGE('',*,*,#6358,.T.);
#9101=ORIENTED_EDGE('',*,*,#6355,.T.);
#9102=ORIENTED_EDGE('',*,*,#6351,.F.);
#9103=ORIENTED_EDGE('',*,*,#6380,.F.);
#9104=ORIENTED_EDGE('',*,*,#6353,.F.);
#9105=ORIENTED_EDGE('',*,*,#6357,.F.);
#9106=ORIENTED_EDGE('',*,*,#6360,.F.);
#9107=ORIENTED_EDGE('',*,*,#6363,.F.);
#9108=ORIENTED_EDGE('',*,*,#6366,.F.);
#9109=ORIENTED_EDGE('',*,*,#6369,.F.);
#9110=ORIENTED_EDGE('',*,*,#6372,.F.);
#9111=ORIENTED_EDGE('',*,*,#6375,.F.);
#9112=ORIENTED_EDGE('',*,*,#6378,.F.);
#9113=ORIENTED_EDGE('',*,*,#6381,.T.);
#9114=ORIENTED_EDGE('',*,*,#6382,.T.);
#9115=ORIENTED_EDGE('',*,*,#6383,.T.);
#9116=ORIENTED_EDGE('',*,*,#6384,.F.);
#9117=ORIENTED_EDGE('',*,*,#6385,.F.);
#9118=ORIENTED_EDGE('',*,*,#6386,.T.);
#9119=ORIENTED_EDGE('',*,*,#6387,.T.);
#9120=ORIENTED_EDGE('',*,*,#6382,.F.);
#9121=ORIENTED_EDGE('',*,*,#6388,.F.);
#9122=ORIENTED_EDGE('',*,*,#6389,.T.);
#9123=ORIENTED_EDGE('',*,*,#6390,.T.);
#9124=ORIENTED_EDGE('',*,*,#6386,.F.);
#9125=ORIENTED_EDGE('',*,*,#6391,.F.);
#9126=ORIENTED_EDGE('',*,*,#6392,.T.);
#9127=ORIENTED_EDGE('',*,*,#6393,.T.);
#9128=ORIENTED_EDGE('',*,*,#6389,.F.);
#9129=ORIENTED_EDGE('',*,*,#6394,.T.);
#9130=ORIENTED_EDGE('',*,*,#6395,.T.);
#9131=ORIENTED_EDGE('',*,*,#6396,.T.);
#9132=ORIENTED_EDGE('',*,*,#6392,.F.);
#9133=ORIENTED_EDGE('',*,*,#6397,.T.);
#9134=ORIENTED_EDGE('',*,*,#6398,.T.);
#9135=ORIENTED_EDGE('',*,*,#6399,.T.);
#9136=ORIENTED_EDGE('',*,*,#6395,.F.);
#9137=ORIENTED_EDGE('',*,*,#6400,.F.);
#9138=ORIENTED_EDGE('',*,*,#6401,.T.);
#9139=ORIENTED_EDGE('',*,*,#6402,.T.);
#9140=ORIENTED_EDGE('',*,*,#6398,.F.);
#9141=ORIENTED_EDGE('',*,*,#6403,.F.);
#9142=ORIENTED_EDGE('',*,*,#6404,.T.);
#9143=ORIENTED_EDGE('',*,*,#6405,.T.);
#9144=ORIENTED_EDGE('',*,*,#6401,.F.);
#9145=ORIENTED_EDGE('',*,*,#6406,.F.);
#9146=ORIENTED_EDGE('',*,*,#6407,.T.);
#9147=ORIENTED_EDGE('',*,*,#6408,.T.);
#9148=ORIENTED_EDGE('',*,*,#6404,.F.);
#9149=ORIENTED_EDGE('',*,*,#6409,.T.);
#9150=ORIENTED_EDGE('',*,*,#6384,.T.);
#9151=ORIENTED_EDGE('',*,*,#6410,.T.);
#9152=ORIENTED_EDGE('',*,*,#6407,.F.);
#9153=ORIENTED_EDGE('',*,*,#6409,.F.);
#9154=ORIENTED_EDGE('',*,*,#6406,.T.);
#9155=ORIENTED_EDGE('',*,*,#6403,.T.);
#9156=ORIENTED_EDGE('',*,*,#6400,.T.);
#9157=ORIENTED_EDGE('',*,*,#6397,.F.);
#9158=ORIENTED_EDGE('',*,*,#6394,.F.);
#9159=ORIENTED_EDGE('',*,*,#6391,.T.);
#9160=ORIENTED_EDGE('',*,*,#6388,.T.);
#9161=ORIENTED_EDGE('',*,*,#6385,.T.);
#9162=ORIENTED_EDGE('',*,*,#6381,.F.);
#9163=ORIENTED_EDGE('',*,*,#6410,.F.);
#9164=ORIENTED_EDGE('',*,*,#6383,.F.);
#9165=ORIENTED_EDGE('',*,*,#6387,.F.);
#9166=ORIENTED_EDGE('',*,*,#6390,.F.);
#9167=ORIENTED_EDGE('',*,*,#6393,.F.);
#9168=ORIENTED_EDGE('',*,*,#6396,.F.);
#9169=ORIENTED_EDGE('',*,*,#6399,.F.);
#9170=ORIENTED_EDGE('',*,*,#6402,.F.);
#9171=ORIENTED_EDGE('',*,*,#6405,.F.);
#9172=ORIENTED_EDGE('',*,*,#6408,.F.);
#9173=ORIENTED_EDGE('',*,*,#6411,.T.);
#9174=ORIENTED_EDGE('',*,*,#6412,.T.);
#9175=ORIENTED_EDGE('',*,*,#6413,.T.);
#9176=ORIENTED_EDGE('',*,*,#6414,.F.);
#9177=ORIENTED_EDGE('',*,*,#6415,.F.);
#9178=ORIENTED_EDGE('',*,*,#6416,.T.);
#9179=ORIENTED_EDGE('',*,*,#6417,.T.);
#9180=ORIENTED_EDGE('',*,*,#6412,.F.);
#9181=ORIENTED_EDGE('',*,*,#6418,.F.);
#9182=ORIENTED_EDGE('',*,*,#6419,.T.);
#9183=ORIENTED_EDGE('',*,*,#6420,.T.);
#9184=ORIENTED_EDGE('',*,*,#6416,.F.);
#9185=ORIENTED_EDGE('',*,*,#6421,.F.);
#9186=ORIENTED_EDGE('',*,*,#6422,.T.);
#9187=ORIENTED_EDGE('',*,*,#6423,.T.);
#9188=ORIENTED_EDGE('',*,*,#6419,.F.);
#9189=ORIENTED_EDGE('',*,*,#6424,.T.);
#9190=ORIENTED_EDGE('',*,*,#6425,.T.);
#9191=ORIENTED_EDGE('',*,*,#6426,.T.);
#9192=ORIENTED_EDGE('',*,*,#6422,.F.);
#9193=ORIENTED_EDGE('',*,*,#6427,.T.);
#9194=ORIENTED_EDGE('',*,*,#6428,.T.);
#9195=ORIENTED_EDGE('',*,*,#6429,.T.);
#9196=ORIENTED_EDGE('',*,*,#6425,.F.);
#9197=ORIENTED_EDGE('',*,*,#6430,.F.);
#9198=ORIENTED_EDGE('',*,*,#6431,.T.);
#9199=ORIENTED_EDGE('',*,*,#6432,.T.);
#9200=ORIENTED_EDGE('',*,*,#6428,.F.);
#9201=ORIENTED_EDGE('',*,*,#6433,.F.);
#9202=ORIENTED_EDGE('',*,*,#6434,.T.);
#9203=ORIENTED_EDGE('',*,*,#6435,.T.);
#9204=ORIENTED_EDGE('',*,*,#6431,.F.);
#9205=ORIENTED_EDGE('',*,*,#6436,.F.);
#9206=ORIENTED_EDGE('',*,*,#6437,.T.);
#9207=ORIENTED_EDGE('',*,*,#6438,.T.);
#9208=ORIENTED_EDGE('',*,*,#6434,.F.);
#9209=ORIENTED_EDGE('',*,*,#6439,.T.);
#9210=ORIENTED_EDGE('',*,*,#6414,.T.);
#9211=ORIENTED_EDGE('',*,*,#6440,.T.);
#9212=ORIENTED_EDGE('',*,*,#6437,.F.);
#9213=ORIENTED_EDGE('',*,*,#6439,.F.);
#9214=ORIENTED_EDGE('',*,*,#6436,.T.);
#9215=ORIENTED_EDGE('',*,*,#6433,.T.);
#9216=ORIENTED_EDGE('',*,*,#6430,.T.);
#9217=ORIENTED_EDGE('',*,*,#6427,.F.);
#9218=ORIENTED_EDGE('',*,*,#6424,.F.);
#9219=ORIENTED_EDGE('',*,*,#6421,.T.);
#9220=ORIENTED_EDGE('',*,*,#6418,.T.);
#9221=ORIENTED_EDGE('',*,*,#6415,.T.);
#9222=ORIENTED_EDGE('',*,*,#6411,.F.);
#9223=ORIENTED_EDGE('',*,*,#6440,.F.);
#9224=ORIENTED_EDGE('',*,*,#6413,.F.);
#9225=ORIENTED_EDGE('',*,*,#6417,.F.);
#9226=ORIENTED_EDGE('',*,*,#6420,.F.);
#9227=ORIENTED_EDGE('',*,*,#6423,.F.);
#9228=ORIENTED_EDGE('',*,*,#6426,.F.);
#9229=ORIENTED_EDGE('',*,*,#6429,.F.);
#9230=ORIENTED_EDGE('',*,*,#6432,.F.);
#9231=ORIENTED_EDGE('',*,*,#6435,.F.);
#9232=ORIENTED_EDGE('',*,*,#6438,.F.);
#9233=ORIENTED_EDGE('',*,*,#6441,.F.);
#9234=ORIENTED_EDGE('',*,*,#6442,.F.);
#9235=ORIENTED_EDGE('',*,*,#6443,.F.);
#9236=ORIENTED_EDGE('',*,*,#6444,.F.);
#9237=ORIENTED_EDGE('',*,*,#6445,.F.);
#9238=ORIENTED_EDGE('',*,*,#6444,.T.);
#9239=ORIENTED_EDGE('',*,*,#6446,.F.);
#9240=ORIENTED_EDGE('',*,*,#6447,.T.);
#9241=ORIENTED_EDGE('',*,*,#6448,.F.);
#9242=ORIENTED_EDGE('',*,*,#6447,.F.);
#9243=ORIENTED_EDGE('',*,*,#6449,.F.);
#9244=ORIENTED_EDGE('',*,*,#6450,.F.);
#9245=ORIENTED_EDGE('',*,*,#6451,.F.);
#9246=ORIENTED_EDGE('',*,*,#6450,.T.);
#9247=ORIENTED_EDGE('',*,*,#6452,.F.);
#9248=ORIENTED_EDGE('',*,*,#6453,.T.);
#9249=ORIENTED_EDGE('',*,*,#6454,.F.);
#9250=ORIENTED_EDGE('',*,*,#6455,.T.);
#9251=ORIENTED_EDGE('',*,*,#6456,.F.);
#9252=ORIENTED_EDGE('',*,*,#6442,.T.);
#9253=ORIENTED_EDGE('',*,*,#6457,.F.);
#9254=ORIENTED_EDGE('',*,*,#6453,.F.);
#9255=ORIENTED_EDGE('',*,*,#6458,.F.);
#9256=ORIENTED_EDGE('',*,*,#6459,.F.);
#9257=ORIENTED_EDGE('',*,*,#6460,.F.);
#9258=ORIENTED_EDGE('',*,*,#6459,.T.);
#9259=ORIENTED_EDGE('',*,*,#6461,.F.);
#9260=ORIENTED_EDGE('',*,*,#6462,.T.);
#9261=ORIENTED_EDGE('',*,*,#6463,.F.);
#9262=ORIENTED_EDGE('',*,*,#6462,.F.);
#9263=ORIENTED_EDGE('',*,*,#6464,.F.);
#9264=ORIENTED_EDGE('',*,*,#6455,.F.);
#9265=ORIENTED_EDGE('',*,*,#6465,.F.);
#9266=ORIENTED_EDGE('',*,*,#6466,.T.);
#9267=ORIENTED_EDGE('',*,*,#6467,.F.);
#9268=ORIENTED_EDGE('',*,*,#6468,.F.);
#9269=ORIENTED_EDGE('',*,*,#6469,.T.);
#9270=ORIENTED_EDGE('',*,*,#6468,.T.);
#9271=ORIENTED_EDGE('',*,*,#6470,.F.);
#9272=ORIENTED_EDGE('',*,*,#6471,.F.);
#9273=ORIENTED_EDGE('',*,*,#6472,.F.);
#9274=ORIENTED_EDGE('',*,*,#6471,.T.);
#9275=ORIENTED_EDGE('',*,*,#6473,.F.);
#9276=ORIENTED_EDGE('',*,*,#6474,.F.);
#9277=ORIENTED_EDGE('',*,*,#6475,.T.);
#9278=ORIENTED_EDGE('',*,*,#6474,.T.);
#9279=ORIENTED_EDGE('',*,*,#6476,.F.);
#9280=ORIENTED_EDGE('',*,*,#6477,.F.);
#9281=ORIENTED_EDGE('',*,*,#6478,.T.);
#9282=ORIENTED_EDGE('',*,*,#6477,.T.);
#9283=ORIENTED_EDGE('',*,*,#6479,.F.);
#9284=ORIENTED_EDGE('',*,*,#6480,.F.);
#9285=ORIENTED_EDGE('',*,*,#6481,.T.);
#9286=ORIENTED_EDGE('',*,*,#6480,.T.);
#9287=ORIENTED_EDGE('',*,*,#6482,.F.);
#9288=ORIENTED_EDGE('',*,*,#6483,.F.);
#9289=ORIENTED_EDGE('',*,*,#6484,.T.);
#9290=ORIENTED_EDGE('',*,*,#6483,.T.);
#9291=ORIENTED_EDGE('',*,*,#6485,.F.);
#9292=ORIENTED_EDGE('',*,*,#6486,.F.);
#9293=ORIENTED_EDGE('',*,*,#6487,.T.);
#9294=ORIENTED_EDGE('',*,*,#6486,.T.);
#9295=ORIENTED_EDGE('',*,*,#6488,.F.);
#9296=ORIENTED_EDGE('',*,*,#6466,.F.);
#9297=ORIENTED_EDGE('',*,*,#6488,.T.);
#9298=ORIENTED_EDGE('',*,*,#6485,.T.);
#9299=ORIENTED_EDGE('',*,*,#6482,.T.);
#9300=ORIENTED_EDGE('',*,*,#6479,.T.);
#9301=ORIENTED_EDGE('',*,*,#6476,.T.);
#9302=ORIENTED_EDGE('',*,*,#6473,.T.);
#9303=ORIENTED_EDGE('',*,*,#6470,.T.);
#9304=ORIENTED_EDGE('',*,*,#6467,.T.);
#9305=ORIENTED_EDGE('',*,*,#6457,.T.);
#9306=ORIENTED_EDGE('',*,*,#6460,.T.);
#9307=ORIENTED_EDGE('',*,*,#6463,.T.);
#9308=ORIENTED_EDGE('',*,*,#6454,.T.);
#9309=ORIENTED_EDGE('',*,*,#6441,.T.);
#9310=ORIENTED_EDGE('',*,*,#6445,.T.);
#9311=ORIENTED_EDGE('',*,*,#6448,.T.);
#9312=ORIENTED_EDGE('',*,*,#6451,.T.);
#9313=ORIENTED_EDGE('',*,*,#6487,.F.);
#9314=ORIENTED_EDGE('',*,*,#6465,.T.);
#9315=ORIENTED_EDGE('',*,*,#6469,.F.);
#9316=ORIENTED_EDGE('',*,*,#6472,.T.);
#9317=ORIENTED_EDGE('',*,*,#6475,.F.);
#9318=ORIENTED_EDGE('',*,*,#6478,.F.);
#9319=ORIENTED_EDGE('',*,*,#6481,.F.);
#9320=ORIENTED_EDGE('',*,*,#6484,.F.);
#9321=ORIENTED_EDGE('',*,*,#6458,.T.);
#9322=ORIENTED_EDGE('',*,*,#6452,.T.);
#9323=ORIENTED_EDGE('',*,*,#6449,.T.);
#9324=ORIENTED_EDGE('',*,*,#6446,.T.);
#9325=ORIENTED_EDGE('',*,*,#6443,.T.);
#9326=ORIENTED_EDGE('',*,*,#6456,.T.);
#9327=ORIENTED_EDGE('',*,*,#6464,.T.);
#9328=ORIENTED_EDGE('',*,*,#6461,.T.);
#9329=ORIENTED_EDGE('',*,*,#6489,.T.);
#9330=ORIENTED_EDGE('',*,*,#6490,.T.);
#9331=ORIENTED_EDGE('',*,*,#6491,.T.);
#9332=ORIENTED_EDGE('',*,*,#6492,.T.);
#9333=ORIENTED_EDGE('',*,*,#6493,.T.);
#9334=ORIENTED_EDGE('',*,*,#6494,.T.);
#9335=ORIENTED_EDGE('',*,*,#6495,.T.);
#9336=ORIENTED_EDGE('',*,*,#6496,.T.);
#9337=ORIENTED_EDGE('',*,*,#6497,.T.);
#9338=ORIENTED_EDGE('',*,*,#6498,.T.);
#9339=ORIENTED_EDGE('',*,*,#6499,.T.);
#9340=ORIENTED_EDGE('',*,*,#6500,.T.);
#9341=ORIENTED_EDGE('',*,*,#6499,.F.);
#9342=ORIENTED_EDGE('',*,*,#6501,.T.);
#9343=ORIENTED_EDGE('',*,*,#6495,.F.);
#9344=ORIENTED_EDGE('',*,*,#6502,.T.);
#9345=ORIENTED_EDGE('',*,*,#6503,.T.);
#9346=ORIENTED_EDGE('',*,*,#6504,.T.);
#9347=ORIENTED_EDGE('',*,*,#6505,.T.);
#9348=ORIENTED_EDGE('',*,*,#6502,.F.);
#9349=ORIENTED_EDGE('',*,*,#6506,.T.);
#9350=ORIENTED_EDGE('',*,*,#6497,.F.);
#9351=ORIENTED_EDGE('',*,*,#6504,.F.);
#9352=ORIENTED_EDGE('',*,*,#6489,.F.);
#9353=ORIENTED_EDGE('',*,*,#6507,.T.);
#9354=ORIENTED_EDGE('',*,*,#6491,.F.);
#9355=ORIENTED_EDGE('',*,*,#6493,.F.);
#9356=ORIENTED_EDGE('',*,*,#6508,.T.);
#9357=ORIENTED_EDGE('',*,*,#6501,.F.);
#9358=ORIENTED_EDGE('',*,*,#6509,.T.);
#9359=ORIENTED_EDGE('',*,*,#6510,.F.);
#9360=ORIENTED_EDGE('',*,*,#6511,.T.);
#9361=ORIENTED_EDGE('',*,*,#6498,.F.);
#9362=ORIENTED_EDGE('',*,*,#6512,.F.);
#9363=ORIENTED_EDGE('',*,*,#6513,.F.);
#9364=ORIENTED_EDGE('',*,*,#6514,.F.);
#9365=ORIENTED_EDGE('',*,*,#6515,.F.);
#9366=ORIENTED_EDGE('',*,*,#6516,.F.);
#9367=ORIENTED_EDGE('',*,*,#6517,.F.);
#9368=ORIENTED_EDGE('',*,*,#6509,.F.);
#9369=ORIENTED_EDGE('',*,*,#6506,.F.);
#9370=ORIENTED_EDGE('',*,*,#6518,.T.);
#9371=ORIENTED_EDGE('',*,*,#6519,.T.);
#9372=ORIENTED_EDGE('',*,*,#6512,.T.);
#9373=ORIENTED_EDGE('',*,*,#6505,.F.);
#9374=ORIENTED_EDGE('',*,*,#6520,.F.);
#9375=ORIENTED_EDGE('',*,*,#6521,.T.);
#9376=ORIENTED_EDGE('',*,*,#6518,.F.);
#9377=ORIENTED_EDGE('',*,*,#6490,.F.);
#9378=ORIENTED_EDGE('',*,*,#6503,.F.);
#9379=ORIENTED_EDGE('',*,*,#6500,.F.);
#9380=ORIENTED_EDGE('',*,*,#6494,.F.);
#9381=ORIENTED_EDGE('',*,*,#6508,.F.);
#9382=ORIENTED_EDGE('',*,*,#6522,.T.);
#9383=ORIENTED_EDGE('',*,*,#6523,.F.);
#9384=ORIENTED_EDGE('',*,*,#6524,.T.);
#9385=ORIENTED_EDGE('',*,*,#6507,.F.);
#9386=ORIENTED_EDGE('',*,*,#6525,.T.);
#9387=ORIENTED_EDGE('',*,*,#6526,.T.);
#9388=ORIENTED_EDGE('',*,*,#6520,.T.);
#9389=ORIENTED_EDGE('',*,*,#6496,.F.);
#9390=ORIENTED_EDGE('',*,*,#6511,.F.);
#9391=ORIENTED_EDGE('',*,*,#6527,.T.);
#9392=ORIENTED_EDGE('',*,*,#6522,.F.);
#9393=ORIENTED_EDGE('',*,*,#6528,.T.);
#9394=ORIENTED_EDGE('',*,*,#6529,.T.);
#9395=ORIENTED_EDGE('',*,*,#6530,.T.);
#9396=ORIENTED_EDGE('',*,*,#6531,.T.);
#9397=ORIENTED_EDGE('',*,*,#6532,.T.);
#9398=ORIENTED_EDGE('',*,*,#6533,.T.);
#9399=ORIENTED_EDGE('',*,*,#6534,.T.);
#9400=ORIENTED_EDGE('',*,*,#6535,.T.);
#9401=ORIENTED_EDGE('',*,*,#6534,.F.);
#9402=ORIENTED_EDGE('',*,*,#6528,.F.);
#9403=ORIENTED_EDGE('',*,*,#6536,.T.);
#9404=ORIENTED_EDGE('',*,*,#6537,.T.);
#9405=ORIENTED_EDGE('',*,*,#6538,.T.);
#9406=ORIENTED_EDGE('',*,*,#6539,.T.);
#9407=ORIENTED_EDGE('',*,*,#6540,.T.);
#9408=ORIENTED_EDGE('',*,*,#6539,.F.);
#9409=ORIENTED_EDGE('',*,*,#6532,.F.);
#9410=ORIENTED_EDGE('',*,*,#6541,.T.);
#9411=ORIENTED_EDGE('',*,*,#6542,.T.);
#9412=ORIENTED_EDGE('',*,*,#6543,.T.);
#9413=ORIENTED_EDGE('',*,*,#6544,.T.);
#9414=ORIENTED_EDGE('',*,*,#6515,.T.);
#9415=ORIENTED_EDGE('',*,*,#6544,.F.);
#9416=ORIENTED_EDGE('',*,*,#6537,.F.);
#9417=ORIENTED_EDGE('',*,*,#6545,.T.);
#9418=ORIENTED_EDGE('',*,*,#6530,.F.);
#9419=ORIENTED_EDGE('',*,*,#6542,.F.);
#9420=ORIENTED_EDGE('',*,*,#6546,.T.);
#9421=ORIENTED_EDGE('',*,*,#6536,.F.);
#9422=ORIENTED_EDGE('',*,*,#6547,.T.);
#9423=ORIENTED_EDGE('',*,*,#6548,.F.);
#9424=ORIENTED_EDGE('',*,*,#6549,.T.);
#9425=ORIENTED_EDGE('',*,*,#6531,.F.);
#9426=ORIENTED_EDGE('',*,*,#6550,.F.);
#9427=ORIENTED_EDGE('',*,*,#6551,.F.);
#9428=ORIENTED_EDGE('',*,*,#6547,.F.);
#9429=ORIENTED_EDGE('',*,*,#6546,.F.);
#9430=ORIENTED_EDGE('',*,*,#6514,.T.);
#9431=ORIENTED_EDGE('',*,*,#6552,.F.);
#9432=ORIENTED_EDGE('',*,*,#6550,.T.);
#9433=ORIENTED_EDGE('',*,*,#6529,.F.);
#9434=ORIENTED_EDGE('',*,*,#6533,.F.);
#9435=ORIENTED_EDGE('',*,*,#6538,.F.);
#9436=ORIENTED_EDGE('',*,*,#6543,.F.);
#9437=ORIENTED_EDGE('',*,*,#6541,.F.);
#9438=ORIENTED_EDGE('',*,*,#6553,.T.);
#9439=ORIENTED_EDGE('',*,*,#6554,.T.);
#9440=ORIENTED_EDGE('',*,*,#6555,.T.);
#9441=ORIENTED_EDGE('',*,*,#6540,.F.);
#9442=ORIENTED_EDGE('',*,*,#6555,.F.);
#9443=ORIENTED_EDGE('',*,*,#6556,.F.);
#9444=ORIENTED_EDGE('',*,*,#6557,.F.);
#9445=ORIENTED_EDGE('',*,*,#6545,.F.);
#9446=ORIENTED_EDGE('',*,*,#6557,.T.);
#9447=ORIENTED_EDGE('',*,*,#6558,.T.);
#9448=ORIENTED_EDGE('',*,*,#6516,.T.);
#9449=ORIENTED_EDGE('',*,*,#6492,.F.);
#9450=ORIENTED_EDGE('',*,*,#6524,.F.);
#9451=ORIENTED_EDGE('',*,*,#6559,.F.);
#9452=ORIENTED_EDGE('',*,*,#6553,.F.);
#9453=ORIENTED_EDGE('',*,*,#6535,.F.);
#9454=ORIENTED_EDGE('',*,*,#6549,.F.);
#9455=ORIENTED_EDGE('',*,*,#6560,.F.);
#9456=ORIENTED_EDGE('',*,*,#6525,.F.);
#9457=ORIENTED_EDGE('',*,*,#6552,.T.);
#9458=ORIENTED_EDGE('',*,*,#6513,.T.);
#9459=ORIENTED_EDGE('',*,*,#6519,.F.);
#9460=ORIENTED_EDGE('',*,*,#6561,.T.);
#9461=ORIENTED_EDGE('',*,*,#6510,.T.);
#9462=ORIENTED_EDGE('',*,*,#6517,.T.);
#9463=ORIENTED_EDGE('',*,*,#6558,.F.);
#9464=ORIENTED_EDGE('',*,*,#6562,.T.);
#9465=ORIENTED_EDGE('',*,*,#6548,.T.);
#9466=ORIENTED_EDGE('',*,*,#6563,.T.);
#9467=ORIENTED_EDGE('',*,*,#6526,.F.);
#9468=ORIENTED_EDGE('',*,*,#6560,.T.);
#9469=ORIENTED_EDGE('',*,*,#6523,.T.);
#9470=ORIENTED_EDGE('',*,*,#6564,.T.);
#9471=ORIENTED_EDGE('',*,*,#6554,.F.);
#9472=ORIENTED_EDGE('',*,*,#6559,.T.);
#9473=ORIENTED_EDGE('',*,*,#6561,.F.);
#9474=ORIENTED_EDGE('',*,*,#6521,.F.);
#9475=ORIENTED_EDGE('',*,*,#6563,.F.);
#9476=ORIENTED_EDGE('',*,*,#6551,.T.);
#9477=ORIENTED_EDGE('',*,*,#6562,.F.);
#9478=ORIENTED_EDGE('',*,*,#6556,.T.);
#9479=ORIENTED_EDGE('',*,*,#6564,.F.);
#9480=ORIENTED_EDGE('',*,*,#6527,.F.);
#9481=PLANE('',#10563);
#9482=PLANE('',#10564);
#9483=PLANE('',#10565);
#9484=PLANE('',#10566);
#9485=PLANE('',#10567);
#9486=PLANE('',#10568);
#9487=PLANE('',#10571);
#9488=PLANE('',#10572);
#9489=PLANE('',#10573);
#9490=PLANE('',#10574);
#9491=PLANE('',#10575);
#9492=PLANE('',#10576);
#9493=PLANE('',#10577);
#9494=PLANE('',#10578);
#9495=PLANE('',#10579);
#9496=PLANE('',#10580);
#9497=PLANE('',#10581);
#9498=PLANE('',#10582);
#9499=PLANE('',#10583);
#9500=PLANE('',#10584);
#9501=PLANE('',#10585);
#9502=PLANE('',#10586);
#9503=PLANE('',#10587);
#9504=PLANE('',#10588);
#9505=PLANE('',#10589);
#9506=PLANE('',#10590);
#9507=PLANE('',#10591);
#9508=PLANE('',#10592);
#9509=PLANE('',#10593);
#9510=PLANE('',#10594);
#9511=PLANE('',#10595);
#9512=PLANE('',#10596);
#9513=PLANE('',#10597);
#9514=PLANE('',#10598);
#9515=PLANE('',#10599);
#9516=PLANE('',#10600);
#9517=PLANE('',#10601);
#9518=PLANE('',#10602);
#9519=PLANE('',#10603);
#9520=PLANE('',#10604);
#9521=PLANE('',#10605);
#9522=PLANE('',#10606);
#9523=PLANE('',#10607);
#9524=PLANE('',#10608);
#9525=PLANE('',#10609);
#9526=PLANE('',#10610);
#9527=PLANE('',#10611);
#9528=PLANE('',#10612);
#9529=PLANE('',#10613);
#9530=PLANE('',#10614);
#9531=PLANE('',#10615);
#9532=PLANE('',#10616);
#9533=PLANE('',#10617);
#9534=PLANE('',#10618);
#9535=PLANE('',#10641);
#9536=PLANE('',#10649);
#9537=PLANE('',#10654);
#9538=PLANE('',#10665);
#9539=PLANE('',#10666);
#9540=PLANE('',#10667);
#9541=PLANE('',#10669);
#9542=PLANE('',#10670);
#9543=PLANE('',#10671);
#9544=PLANE('',#10672);
#9545=PLANE('',#10673);
#9546=PLANE('',#10674);
#9547=PLANE('',#10675);
#9548=PLANE('',#10676);
#9549=PLANE('',#10677);
#9550=PLANE('',#10678);
#9551=PLANE('',#10679);
#9552=PLANE('',#10680);
#9553=PLANE('',#10681);
#9554=PLANE('',#10682);
#9555=PLANE('',#10683);
#9556=PLANE('',#10684);
#9557=PLANE('',#10685);
#9558=PLANE('',#10686);
#9559=PLANE('',#10687);
#9560=PLANE('',#10688);
#9561=PLANE('',#10689);
#9562=PLANE('',#10690);
#9563=PLANE('',#10691);
#9564=PLANE('',#10692);
#9565=PLANE('',#10693);
#9566=PLANE('',#10694);
#9567=PLANE('',#10695);
#9568=PLANE('',#10696);
#9569=PLANE('',#10697);
#9570=PLANE('',#10698);
#9571=PLANE('',#10699);
#9572=PLANE('',#10700);
#9573=PLANE('',#10701);
#9574=PLANE('',#10702);
#9575=PLANE('',#10703);
#9576=PLANE('',#10704);
#9577=PLANE('',#10705);
#9578=PLANE('',#10706);
#9579=PLANE('',#10707);
#9580=PLANE('',#10708);
#9581=PLANE('',#10709);
#9582=PLANE('',#10710);
#9583=PLANE('',#10711);
#9584=PLANE('',#10712);
#9585=PLANE('',#10713);
#9586=PLANE('',#10714);
#9587=PLANE('',#10715);
#9588=PLANE('',#10716);
#9589=PLANE('',#10717);
#9590=PLANE('',#10718);
#9591=PLANE('',#10719);
#9592=PLANE('',#10720);
#9593=PLANE('',#10721);
#9594=PLANE('',#10722);
#9595=PLANE('',#10723);
#9596=PLANE('',#10724);
#9597=PLANE('',#10725);
#9598=PLANE('',#10726);
#9599=PLANE('',#10727);
#9600=PLANE('',#10728);
#9601=PLANE('',#10729);
#9602=PLANE('',#10730);
#9603=PLANE('',#10731);
#9604=PLANE('',#10732);
#9605=PLANE('',#10733);
#9606=PLANE('',#10734);
#9607=PLANE('',#10735);
#9608=PLANE('',#10736);
#9609=PLANE('',#10737);
#9610=PLANE('',#10738);
#9611=PLANE('',#10739);
#9612=PLANE('',#10740);
#9613=PLANE('',#10741);
#9614=PLANE('',#10742);
#9615=PLANE('',#10743);
#9616=PLANE('',#10744);
#9617=PLANE('',#10745);
#9618=PLANE('',#10746);
#9619=PLANE('',#10747);
#9620=PLANE('',#10748);
#9621=PLANE('',#10749);
#9622=PLANE('',#10750);
#9623=PLANE('',#10751);
#9624=PLANE('',#10752);
#9625=PLANE('',#10753);
#9626=PLANE('',#10754);
#9627=PLANE('',#10755);
#9628=PLANE('',#10761);
#9629=PLANE('',#10762);
#9630=PLANE('',#10763);
#9631=PLANE('',#10764);
#9632=PLANE('',#10765);
#9633=PLANE('',#10766);
#9634=PLANE('',#10767);
#9635=PLANE('',#10768);
#9636=PLANE('',#10769);
#9637=PLANE('',#10770);
#9638=PLANE('',#10771);
#9639=PLANE('',#10779);
#9640=PLANE('',#10780);
#9641=PLANE('',#10781);
#9642=PLANE('',#10788);
#9643=PLANE('',#10789);
#9644=PLANE('',#10790);
#9645=PLANE('',#10791);
#9646=PLANE('',#10792);
#9647=PLANE('',#10799);
#9648=PLANE('',#10800);
#9649=PLANE('',#10801);
#9650=PLANE('',#10808);
#9651=PLANE('',#10809);
#9652=PLANE('',#10810);
#9653=PLANE('',#10811);
#9654=PLANE('',#10812);
#9655=PLANE('',#10819);
#9656=PLANE('',#10820);
#9657=PLANE('',#10821);
#9658=PLANE('',#10828);
#9659=PLANE('',#10829);
#9660=PLANE('',#10830);
#9661=PLANE('',#10831);
#9662=PLANE('',#10832);
#9663=PLANE('',#10839);
#9664=PLANE('',#10840);
#9665=PLANE('',#10841);
#9666=PLANE('',#10848);
#9667=PLANE('',#10849);
#9668=PLANE('',#10850);
#9669=PLANE('',#10851);
#9670=PLANE('',#10852);
#9671=PLANE('',#10859);
#9672=PLANE('',#10860);
#9673=PLANE('',#10861);
#9674=PLANE('',#10868);
#9675=PLANE('',#10869);
#9676=PLANE('',#10870);
#9677=PLANE('',#10871);
#9678=PLANE('',#10872);
#9679=PLANE('',#10879);
#9680=PLANE('',#10880);
#9681=PLANE('',#10881);
#9682=PLANE('',#10888);
#9683=PLANE('',#10889);
#9684=PLANE('',#10890);
#9685=PLANE('',#10891);
#9686=PLANE('',#10892);
#9687=PLANE('',#10899);
#9688=PLANE('',#10900);
#9689=PLANE('',#10901);
#9690=PLANE('',#10908);
#9691=PLANE('',#10909);
#9692=PLANE('',#10910);
#9693=PLANE('',#10911);
#9694=PLANE('',#10912);
#9695=PLANE('',#10919);
#9696=PLANE('',#10920);
#9697=PLANE('',#10921);
#9698=PLANE('',#10928);
#9699=PLANE('',#10929);
#9700=PLANE('',#10930);
#9701=PLANE('',#10931);
#9702=PLANE('',#10932);
#9703=PLANE('',#10939);
#9704=PLANE('',#10940);
#9705=PLANE('',#10941);
#9706=PLANE('',#10948);
#9707=PLANE('',#10949);
#9708=PLANE('',#10950);
#9709=PLANE('',#10951);
#9710=PLANE('',#10952);
#9711=PLANE('',#10959);
#9712=PLANE('',#10960);
#9713=PLANE('',#10961);
#9714=PLANE('',#10968);
#9715=PLANE('',#10969);
#9716=PLANE('',#10970);
#9717=PLANE('',#10971);
#9718=PLANE('',#10972);
#9719=PLANE('',#10980);
#9720=PLANE('',#10981);
#9721=PLANE('',#10982);
#9722=PLANE('',#10989);
#9723=PLANE('',#10990);
#9724=PLANE('',#10991);
#9725=PLANE('',#10992);
#9726=PLANE('',#10993);
#9727=PLANE('',#11000);
#9728=PLANE('',#11001);
#9729=PLANE('',#11002);
#9730=PLANE('',#11009);
#9731=PLANE('',#11010);
#9732=PLANE('',#11011);
#9733=PLANE('',#11012);
#9734=PLANE('',#11013);
#9735=PLANE('',#11020);
#9736=PLANE('',#11021);
#9737=PLANE('',#11022);
#9738=PLANE('',#11029);
#9739=PLANE('',#11030);
#9740=PLANE('',#11031);
#9741=PLANE('',#11032);
#9742=PLANE('',#11033);
#9743=PLANE('',#11040);
#9744=PLANE('',#11041);
#9745=PLANE('',#11042);
#9746=PLANE('',#11049);
#9747=PLANE('',#11050);
#9748=PLANE('',#11051);
#9749=PLANE('',#11052);
#9750=PLANE('',#11053);
#9751=PLANE('',#11060);
#9752=PLANE('',#11061);
#9753=PLANE('',#11062);
#9754=PLANE('',#11069);
#9755=PLANE('',#11070);
#9756=PLANE('',#11071);
#9757=PLANE('',#11072);
#9758=PLANE('',#11073);
#9759=PLANE('',#11080);
#9760=PLANE('',#11081);
#9761=PLANE('',#11082);
#9762=PLANE('',#11089);
#9763=PLANE('',#11090);
#9764=PLANE('',#11091);
#9765=PLANE('',#11092);
#9766=PLANE('',#11093);
#9767=PLANE('',#11100);
#9768=PLANE('',#11101);
#9769=PLANE('',#11102);
#9770=PLANE('',#11109);
#9771=PLANE('',#11110);
#9772=PLANE('',#11111);
#9773=PLANE('',#11112);
#9774=PLANE('',#11113);
#9775=PLANE('',#11120);
#9776=PLANE('',#11121);
#9777=PLANE('',#11122);
#9778=PLANE('',#11129);
#9779=PLANE('',#11130);
#9780=PLANE('',#11131);
#9781=PLANE('',#11132);
#9782=PLANE('',#11133);
#9783=PLANE('',#11140);
#9784=PLANE('',#11141);
#9785=PLANE('',#11142);
#9786=PLANE('',#11149);
#9787=PLANE('',#11150);
#9788=PLANE('',#11151);
#9789=PLANE('',#11152);
#9790=PLANE('',#11153);
#9791=PLANE('',#11160);
#9792=PLANE('',#11161);
#9793=PLANE('',#11162);
#9794=PLANE('',#11169);
#9795=PLANE('',#11170);
#9796=PLANE('',#11171);
#9797=PLANE('',#11172);
#9798=PLANE('',#11173);
#9799=PLANE('',#11186);
#9800=PLANE('',#11190);
#9801=PLANE('',#11191);
#9802=PLANE('',#11195);
#9803=PLANE('',#11199);
#9804=PLANE('',#11200);
#9805=PLANE('',#11201);
#9806=PLANE('',#11202);
#9807=PLANE('',#11203);
#9808=PLANE('',#11204);
#9809=PLANE('',#11205);
#9810=PLANE('',#11206);
#9811=PLANE('',#11207);
#9812=PLANE('',#11208);
#9813=PLANE('',#11210);
#9814=PLANE('',#11211);
#9815=PLANE('',#11212);
#9816=PLANE('',#11215);
#9817=PLANE('',#11224);
#9818=PLANE('',#11229);
#9819=PLANE('',#11230);
#9820=PLANE('',#11235);
#9821=PLANE('',#11236);
#9822=PLANE('',#11237);
#9823=PLANE('',#11240);
#9824=PLANE('',#11243);
#9825=PLANE('',#11250);
#9826=PLANE('',#11253);
#9827=PLANE('',#11256);
#9828=PLANE('',#11259);
#9829=ADVANCED_FACE('',(#948),#9481,.T.);
#9830=ADVANCED_FACE('',(#949),#9482,.T.);
#9831=ADVANCED_FACE('',(#950),#9483,.T.);
#9832=ADVANCED_FACE('',(#951),#9484,.T.);
#9833=ADVANCED_FACE('',(#952),#9485,.T.);
#9834=ADVANCED_FACE('',(#953),#9486,.F.);
#9835=ADVANCED_FACE('',(#954),#9487,.T.);
#9836=ADVANCED_FACE('',(#955),#9488,.T.);
#9837=ADVANCED_FACE('',(#956),#9489,.T.);
#9838=ADVANCED_FACE('',(#957),#9490,.T.);
#9839=ADVANCED_FACE('',(#958),#9491,.T.);
#9840=ADVANCED_FACE('',(#959),#9492,.F.);
#9841=ADVANCED_FACE('',(#960),#9493,.T.);
#9842=ADVANCED_FACE('',(#961),#9494,.T.);
#9843=ADVANCED_FACE('',(#962),#9495,.T.);
#9844=ADVANCED_FACE('',(#963),#9496,.T.);
#9845=ADVANCED_FACE('',(#964),#9497,.T.);
#9846=ADVANCED_FACE('',(#965),#9498,.T.);
#9847=ADVANCED_FACE('',(#966),#9499,.T.);
#9848=ADVANCED_FACE('',(#967),#9500,.F.);
#9849=ADVANCED_FACE('',(#968),#9501,.T.);
#9850=ADVANCED_FACE('',(#969),#9502,.T.);
#9851=ADVANCED_FACE('',(#970),#9503,.T.);
#9852=ADVANCED_FACE('',(#971),#9504,.T.);
#9853=ADVANCED_FACE('',(#972),#9505,.T.);
#9854=ADVANCED_FACE('',(#973),#9506,.T.);
#9855=ADVANCED_FACE('',(#974),#9507,.T.);
#9856=ADVANCED_FACE('',(#975),#9508,.F.);
#9857=ADVANCED_FACE('',(#976),#9509,.T.);
#9858=ADVANCED_FACE('',(#977),#9510,.T.);
#9859=ADVANCED_FACE('',(#978),#9511,.T.);
#9860=ADVANCED_FACE('',(#979),#9512,.T.);
#9861=ADVANCED_FACE('',(#980),#9513,.T.);
#9862=ADVANCED_FACE('',(#981),#9514,.T.);
#9863=ADVANCED_FACE('',(#982),#9515,.T.);
#9864=ADVANCED_FACE('',(#983),#9516,.F.);
#9865=ADVANCED_FACE('',(#984),#9517,.T.);
#9866=ADVANCED_FACE('',(#985),#9518,.T.);
#9867=ADVANCED_FACE('',(#986),#9519,.T.);
#9868=ADVANCED_FACE('',(#987),#9520,.T.);
#9869=ADVANCED_FACE('',(#988),#9521,.T.);
#9870=ADVANCED_FACE('',(#989),#9522,.F.);
#9871=ADVANCED_FACE('',(#990),#9523,.T.);
#9872=ADVANCED_FACE('',(#991),#9524,.T.);
#9873=ADVANCED_FACE('',(#992),#9525,.T.);
#9874=ADVANCED_FACE('',(#993),#9526,.T.);
#9875=ADVANCED_FACE('',(#994),#9527,.T.);
#9876=ADVANCED_FACE('',(#995),#9528,.F.);
#9877=ADVANCED_FACE('',(#996),#9529,.T.);
#9878=ADVANCED_FACE('',(#997),#9530,.T.);
#9879=ADVANCED_FACE('',(#998),#9531,.T.);
#9880=ADVANCED_FACE('',(#999),#9532,.T.);
#9881=ADVANCED_FACE('',(#1000),#9533,.T.);
#9882=ADVANCED_FACE('',(#1001),#9534,.F.);
#9883=ADVANCED_FACE('',(#1002),#630,.F.);
#9884=ADVANCED_FACE('',(#1003),#631,.F.);
#9885=ADVANCED_FACE('',(#1004),#632,.F.);
#9886=ADVANCED_FACE('',(#1005),#633,.F.);
#9887=ADVANCED_FACE('',(#1006),#634,.T.);
#9888=ADVANCED_FACE('',(#1007,#387,#388,#389,#390,#391,#392,#393,#394),
#9535,.F.);
#9889=ADVANCED_FACE('',(#1008),#9536,.T.);
#9890=ADVANCED_FACE('',(#1009),#635,.T.);
#9891=ADVANCED_FACE('',(#1010),#636,.T.);
#9892=ADVANCED_FACE('',(#1011),#9537,.T.);
#9893=ADVANCED_FACE('',(#1012),#637,.T.);
#9894=ADVANCED_FACE('',(#1013),#638,.F.);
#9895=ADVANCED_FACE('',(#1014),#639,.F.);
#9896=ADVANCED_FACE('',(#1015),#640,.F.);
#9897=ADVANCED_FACE('',(#1016),#641,.F.);
#9898=ADVANCED_FACE('',(#1017),#9538,.T.);
#9899=ADVANCED_FACE('',(#1018),#9539,.T.);
#9900=ADVANCED_FACE('',(#1019,#395,#396,#397,#398,#399,#400,#401,#402),
#9540,.T.);
#9901=ADVANCED_FACE('',(#1020),#9541,.T.);
#9902=ADVANCED_FACE('',(#1021),#9542,.T.);
#9903=ADVANCED_FACE('',(#1022),#9543,.T.);
#9904=ADVANCED_FACE('',(#1023),#9544,.T.);
#9905=ADVANCED_FACE('',(#1024),#9545,.T.);
#9906=ADVANCED_FACE('',(#1025),#9546,.T.);
#9907=ADVANCED_FACE('',(#1026),#9547,.T.);
#9908=ADVANCED_FACE('',(#1027),#9548,.T.);
#9909=ADVANCED_FACE('',(#1028),#9549,.T.);
#9910=ADVANCED_FACE('',(#1029),#9550,.T.);
#9911=ADVANCED_FACE('',(#1030),#9551,.T.);
#9912=ADVANCED_FACE('',(#1031),#9552,.T.);
#9913=ADVANCED_FACE('',(#1032),#9553,.T.);
#9914=ADVANCED_FACE('',(#1033),#9554,.F.);
#9915=ADVANCED_FACE('',(#1034),#9555,.T.);
#9916=ADVANCED_FACE('',(#1035),#9556,.T.);
#9917=ADVANCED_FACE('',(#1036),#267,.T.);
#9918=ADVANCED_FACE('',(#1037),#268,.T.);
#9919=ADVANCED_FACE('',(#1038),#269,.T.);
#9920=ADVANCED_FACE('',(#1039),#270,.T.);
#9921=ADVANCED_FACE('',(#1040),#271,.T.);
#9922=ADVANCED_FACE('',(#1041),#9557,.T.);
#9923=ADVANCED_FACE('',(#1042),#9558,.T.);
#9924=ADVANCED_FACE('',(#1043),#272,.T.);
#9925=ADVANCED_FACE('',(#1044),#273,.T.);
#9926=ADVANCED_FACE('',(#1045),#274,.T.);
#9927=ADVANCED_FACE('',(#1046),#275,.T.);
#9928=ADVANCED_FACE('',(#1047),#276,.T.);
#9929=ADVANCED_FACE('',(#1048),#277,.T.);
#9930=ADVANCED_FACE('',(#1049),#278,.T.);
#9931=ADVANCED_FACE('',(#1050),#279,.T.);
#9932=ADVANCED_FACE('',(#1051),#9559,.T.);
#9933=ADVANCED_FACE('',(#1052),#9560,.T.);
#9934=ADVANCED_FACE('',(#1053,#403),#9561,.T.);
#9935=ADVANCED_FACE('',(#1054,#404),#9562,.F.);
#9936=ADVANCED_FACE('',(#1055),#9563,.T.);
#9937=ADVANCED_FACE('',(#1056),#9564,.T.);
#9938=ADVANCED_FACE('',(#1057),#9565,.T.);
#9939=ADVANCED_FACE('',(#1058),#9566,.T.);
#9940=ADVANCED_FACE('',(#1059),#9567,.T.);
#9941=ADVANCED_FACE('',(#1060),#9568,.F.);
#9942=ADVANCED_FACE('',(#1061),#9569,.T.);
#9943=ADVANCED_FACE('',(#1062),#280,.T.);
#9944=ADVANCED_FACE('',(#1063),#281,.T.);
#9945=ADVANCED_FACE('',(#1064),#282,.T.);
#9946=ADVANCED_FACE('',(#1065),#283,.T.);
#9947=ADVANCED_FACE('',(#1066),#284,.T.);
#9948=ADVANCED_FACE('',(#1067),#285,.T.);
#9949=ADVANCED_FACE('',(#1068),#286,.T.);
#9950=ADVANCED_FACE('',(#1069),#287,.T.);
#9951=ADVANCED_FACE('',(#1070),#288,.T.);
#9952=ADVANCED_FACE('',(#1071),#289,.T.);
#9953=ADVANCED_FACE('',(#1072),#9570,.T.);
#9954=ADVANCED_FACE('',(#1073),#290,.T.);
#9955=ADVANCED_FACE('',(#1074),#291,.T.);
#9956=ADVANCED_FACE('',(#1075),#292,.T.);
#9957=ADVANCED_FACE('',(#1076),#293,.T.);
#9958=ADVANCED_FACE('',(#1077),#294,.T.);
#9959=ADVANCED_FACE('',(#1078),#295,.T.);
#9960=ADVANCED_FACE('',(#1079),#296,.T.);
#9961=ADVANCED_FACE('',(#1080),#297,.T.);
#9962=ADVANCED_FACE('',(#1081),#298,.T.);
#9963=ADVANCED_FACE('',(#1082),#9571,.T.);
#9964=ADVANCED_FACE('',(#1083),#9572,.F.);
#9965=ADVANCED_FACE('',(#1084),#9573,.T.);
#9966=ADVANCED_FACE('',(#1085),#9574,.T.);
#9967=ADVANCED_FACE('',(#1086),#9575,.T.);
#9968=ADVANCED_FACE('',(#1087),#299,.T.);
#9969=ADVANCED_FACE('',(#1088),#300,.T.);
#9970=ADVANCED_FACE('',(#1089),#301,.T.);
#9971=ADVANCED_FACE('',(#1090),#302,.T.);
#9972=ADVANCED_FACE('',(#1091),#303,.T.);
#9973=ADVANCED_FACE('',(#1092),#304,.T.);
#9974=ADVANCED_FACE('',(#1093),#305,.T.);
#9975=ADVANCED_FACE('',(#1094),#306,.T.);
#9976=ADVANCED_FACE('',(#1095),#307,.T.);
#9977=ADVANCED_FACE('',(#1096),#308,.T.);
#9978=ADVANCED_FACE('',(#1097),#309,.T.);
#9979=ADVANCED_FACE('',(#1098),#9576,.T.);
#9980=ADVANCED_FACE('',(#1099),#310,.T.);
#9981=ADVANCED_FACE('',(#1100),#311,.T.);
#9982=ADVANCED_FACE('',(#1101),#312,.T.);
#9983=ADVANCED_FACE('',(#1102),#313,.T.);
#9984=ADVANCED_FACE('',(#1103),#314,.T.);
#9985=ADVANCED_FACE('',(#1104),#315,.T.);
#9986=ADVANCED_FACE('',(#1105),#316,.T.);
#9987=ADVANCED_FACE('',(#1106),#317,.T.);
#9988=ADVANCED_FACE('',(#1107),#9577,.T.);
#9989=ADVANCED_FACE('',(#1108),#9578,.T.);
#9990=ADVANCED_FACE('',(#1109),#9579,.T.);
#9991=ADVANCED_FACE('',(#1110),#9580,.F.);
#9992=ADVANCED_FACE('',(#1111),#9581,.T.);
#9993=ADVANCED_FACE('',(#1112),#9582,.T.);
#9994=ADVANCED_FACE('',(#1113),#9583,.T.);
#9995=ADVANCED_FACE('',(#1114),#9584,.T.);
#9996=ADVANCED_FACE('',(#1115),#9585,.T.);
#9997=ADVANCED_FACE('',(#1116),#9586,.T.);
#9998=ADVANCED_FACE('',(#1117),#9587,.T.);
#9999=ADVANCED_FACE('',(#1118),#9588,.T.);
#10000=ADVANCED_FACE('',(#1119),#9589,.T.);
#10001=ADVANCED_FACE('',(#1120),#9590,.T.);
#10002=ADVANCED_FACE('',(#1121),#9591,.T.);
#10003=ADVANCED_FACE('',(#1122),#9592,.F.);
#10004=ADVANCED_FACE('',(#1123),#9593,.T.);
#10005=ADVANCED_FACE('',(#1124),#9594,.T.);
#10006=ADVANCED_FACE('',(#1125),#318,.T.);
#10007=ADVANCED_FACE('',(#1126),#319,.T.);
#10008=ADVANCED_FACE('',(#1127),#320,.T.);
#10009=ADVANCED_FACE('',(#1128),#321,.T.);
#10010=ADVANCED_FACE('',(#1129),#322,.T.);
#10011=ADVANCED_FACE('',(#1130),#9595,.T.);
#10012=ADVANCED_FACE('',(#1131),#9596,.T.);
#10013=ADVANCED_FACE('',(#1132),#323,.T.);
#10014=ADVANCED_FACE('',(#1133),#324,.T.);
#10015=ADVANCED_FACE('',(#1134),#325,.T.);
#10016=ADVANCED_FACE('',(#1135),#326,.T.);
#10017=ADVANCED_FACE('',(#1136),#327,.T.);
#10018=ADVANCED_FACE('',(#1137),#328,.T.);
#10019=ADVANCED_FACE('',(#1138),#329,.T.);
#10020=ADVANCED_FACE('',(#1139),#330,.T.);
#10021=ADVANCED_FACE('',(#1140),#9597,.T.);
#10022=ADVANCED_FACE('',(#1141),#9598,.T.);
#10023=ADVANCED_FACE('',(#1142,#405),#9599,.T.);
#10024=ADVANCED_FACE('',(#1143,#406),#9600,.F.);
#10025=ADVANCED_FACE('',(#1144),#9601,.T.);
#10026=ADVANCED_FACE('',(#1145),#331,.T.);
#10027=ADVANCED_FACE('',(#1146),#332,.T.);
#10028=ADVANCED_FACE('',(#1147),#333,.T.);
#10029=ADVANCED_FACE('',(#1148),#334,.T.);
#10030=ADVANCED_FACE('',(#1149),#335,.T.);
#10031=ADVANCED_FACE('',(#1150),#336,.T.);
#10032=ADVANCED_FACE('',(#1151),#337,.T.);
#10033=ADVANCED_FACE('',(#1152),#338,.T.);
#10034=ADVANCED_FACE('',(#1153),#339,.T.);
#10035=ADVANCED_FACE('',(#1154),#340,.T.);
#10036=ADVANCED_FACE('',(#1155),#9602,.T.);
#10037=ADVANCED_FACE('',(#1156),#341,.T.);
#10038=ADVANCED_FACE('',(#1157),#342,.T.);
#10039=ADVANCED_FACE('',(#1158),#343,.T.);
#10040=ADVANCED_FACE('',(#1159),#344,.T.);
#10041=ADVANCED_FACE('',(#1160),#345,.T.);
#10042=ADVANCED_FACE('',(#1161),#346,.T.);
#10043=ADVANCED_FACE('',(#1162),#347,.T.);
#10044=ADVANCED_FACE('',(#1163),#348,.T.);
#10045=ADVANCED_FACE('',(#1164),#349,.T.);
#10046=ADVANCED_FACE('',(#1165),#9603,.T.);
#10047=ADVANCED_FACE('',(#1166),#9604,.F.);
#10048=ADVANCED_FACE('',(#1167),#9605,.T.);
#10049=ADVANCED_FACE('',(#1168),#9606,.T.);
#10050=ADVANCED_FACE('',(#1169),#9607,.T.);
#10051=ADVANCED_FACE('',(#1170),#9608,.T.);
#10052=ADVANCED_FACE('',(#1171),#9609,.T.);
#10053=ADVANCED_FACE('',(#1172),#9610,.T.);
#10054=ADVANCED_FACE('',(#1173),#9611,.T.);
#10055=ADVANCED_FACE('',(#1174),#9612,.T.);
#10056=ADVANCED_FACE('',(#1175),#9613,.F.);
#10057=ADVANCED_FACE('',(#1176),#350,.T.);
#10058=ADVANCED_FACE('',(#1177),#351,.T.);
#10059=ADVANCED_FACE('',(#1178),#352,.T.);
#10060=ADVANCED_FACE('',(#1179),#353,.T.);
#10061=ADVANCED_FACE('',(#1180),#354,.T.);
#10062=ADVANCED_FACE('',(#1181),#355,.T.);
#10063=ADVANCED_FACE('',(#1182),#356,.T.);
#10064=ADVANCED_FACE('',(#1183),#357,.T.);
#10065=ADVANCED_FACE('',(#1184),#358,.T.);
#10066=ADVANCED_FACE('',(#1185),#359,.T.);
#10067=ADVANCED_FACE('',(#1186),#360,.T.);
#10068=ADVANCED_FACE('',(#1187),#361,.T.);
#10069=ADVANCED_FACE('',(#1188),#362,.T.);
#10070=ADVANCED_FACE('',(#1189),#363,.T.);
#10071=ADVANCED_FACE('',(#1190),#364,.T.);
#10072=ADVANCED_FACE('',(#1191),#365,.T.);
#10073=ADVANCED_FACE('',(#1192),#366,.T.);
#10074=ADVANCED_FACE('',(#1193),#367,.T.);
#10075=ADVANCED_FACE('',(#1194,#407),#9614,.T.);
#10076=ADVANCED_FACE('',(#1195,#408),#9615,.F.);
#10077=ADVANCED_FACE('',(#1196),#9616,.T.);
#10078=ADVANCED_FACE('',(#1197),#9617,.T.);
#10079=ADVANCED_FACE('',(#1198),#9618,.T.);
#10080=ADVANCED_FACE('',(#1199),#9619,.T.);
#10081=ADVANCED_FACE('',(#1200),#9620,.T.);
#10082=ADVANCED_FACE('',(#1201),#9621,.T.);
#10083=ADVANCED_FACE('',(#1202),#9622,.T.);
#10084=ADVANCED_FACE('',(#1203),#9623,.F.);
#10085=ADVANCED_FACE('',(#1204),#9624,.T.);
#10086=ADVANCED_FACE('',(#1205),#368,.T.);
#10087=ADVANCED_FACE('',(#1206),#369,.T.);
#10088=ADVANCED_FACE('',(#1207),#370,.T.);
#10089=ADVANCED_FACE('',(#1208),#371,.T.);
#10090=ADVANCED_FACE('',(#1209),#372,.T.);
#10091=ADVANCED_FACE('',(#1210),#373,.T.);
#10092=ADVANCED_FACE('',(#1211),#374,.T.);
#10093=ADVANCED_FACE('',(#1212),#375,.T.);
#10094=ADVANCED_FACE('',(#1213),#376,.T.);
#10095=ADVANCED_FACE('',(#1214),#377,.T.);
#10096=ADVANCED_FACE('',(#1215),#9625,.T.);
#10097=ADVANCED_FACE('',(#1216),#378,.T.);
#10098=ADVANCED_FACE('',(#1217),#379,.T.);
#10099=ADVANCED_FACE('',(#1218),#380,.T.);
#10100=ADVANCED_FACE('',(#1219),#381,.T.);
#10101=ADVANCED_FACE('',(#1220),#382,.T.);
#10102=ADVANCED_FACE('',(#1221),#383,.T.);
#10103=ADVANCED_FACE('',(#1222),#384,.T.);
#10104=ADVANCED_FACE('',(#1223),#385,.T.);
#10105=ADVANCED_FACE('',(#1224),#386,.T.);
#10106=ADVANCED_FACE('',(#1225),#9626,.T.);
#10107=ADVANCED_FACE('',(#1226),#9627,.F.);
#10108=ADVANCED_FACE('',(#1227),#642,.F.);
#10109=ADVANCED_FACE('',(#1228),#9628,.T.);
#10110=ADVANCED_FACE('',(#1229),#9629,.T.);
#10111=ADVANCED_FACE('',(#1230),#9630,.T.);
#10112=ADVANCED_FACE('',(#1231),#9631,.T.);
#10113=ADVANCED_FACE('',(#1232),#9632,.T.);
#10114=ADVANCED_FACE('',(#1233,#409),#9633,.T.);
#10115=ADVANCED_FACE('',(#1234),#9634,.F.);
#10116=ADVANCED_FACE('',(#1235),#9635,.T.);
#10117=ADVANCED_FACE('',(#1236),#9636,.T.);
#10118=ADVANCED_FACE('',(#1237),#9637,.T.);
#10119=ADVANCED_FACE('',(#1238),#9638,.T.);
#10120=ADVANCED_FACE('',(#1239),#643,.T.);
#10121=ADVANCED_FACE('',(#1240),#644,.F.);
#10122=ADVANCED_FACE('',(#1241),#9639,.T.);
#10123=ADVANCED_FACE('',(#1242),#9640,.T.);
#10124=ADVANCED_FACE('',(#1243),#9641,.T.);
#10125=ADVANCED_FACE('',(#1244),#645,.T.);
#10126=ADVANCED_FACE('',(#1245),#646,.F.);
#10127=ADVANCED_FACE('',(#1246),#9642,.T.);
#10128=ADVANCED_FACE('',(#1247),#9643,.T.);
#10129=ADVANCED_FACE('',(#1248),#9644,.T.);
#10130=ADVANCED_FACE('',(#1249),#9645,.T.);
#10131=ADVANCED_FACE('',(#1250),#9646,.F.);
#10132=ADVANCED_FACE('',(#1251),#647,.T.);
#10133=ADVANCED_FACE('',(#1252),#648,.F.);
#10134=ADVANCED_FACE('',(#1253),#9647,.T.);
#10135=ADVANCED_FACE('',(#1254),#9648,.T.);
#10136=ADVANCED_FACE('',(#1255),#9649,.T.);
#10137=ADVANCED_FACE('',(#1256),#649,.T.);
#10138=ADVANCED_FACE('',(#1257),#650,.F.);
#10139=ADVANCED_FACE('',(#1258),#9650,.T.);
#10140=ADVANCED_FACE('',(#1259),#9651,.T.);
#10141=ADVANCED_FACE('',(#1260),#9652,.T.);
#10142=ADVANCED_FACE('',(#1261),#9653,.T.);
#10143=ADVANCED_FACE('',(#1262),#9654,.F.);
#10144=ADVANCED_FACE('',(#1263),#651,.T.);
#10145=ADVANCED_FACE('',(#1264),#652,.F.);
#10146=ADVANCED_FACE('',(#1265),#9655,.T.);
#10147=ADVANCED_FACE('',(#1266),#9656,.T.);
#10148=ADVANCED_FACE('',(#1267),#9657,.T.);
#10149=ADVANCED_FACE('',(#1268),#653,.T.);
#10150=ADVANCED_FACE('',(#1269),#654,.F.);
#10151=ADVANCED_FACE('',(#1270),#9658,.T.);
#10152=ADVANCED_FACE('',(#1271),#9659,.T.);
#10153=ADVANCED_FACE('',(#1272),#9660,.T.);
#10154=ADVANCED_FACE('',(#1273),#9661,.T.);
#10155=ADVANCED_FACE('',(#1274),#9662,.F.);
#10156=ADVANCED_FACE('',(#1275),#655,.T.);
#10157=ADVANCED_FACE('',(#1276),#656,.F.);
#10158=ADVANCED_FACE('',(#1277),#9663,.T.);
#10159=ADVANCED_FACE('',(#1278),#9664,.T.);
#10160=ADVANCED_FACE('',(#1279),#9665,.T.);
#10161=ADVANCED_FACE('',(#1280),#657,.T.);
#10162=ADVANCED_FACE('',(#1281),#658,.F.);
#10163=ADVANCED_FACE('',(#1282),#9666,.T.);
#10164=ADVANCED_FACE('',(#1283),#9667,.T.);
#10165=ADVANCED_FACE('',(#1284),#9668,.T.);
#10166=ADVANCED_FACE('',(#1285),#9669,.T.);
#10167=ADVANCED_FACE('',(#1286),#9670,.F.);
#10168=ADVANCED_FACE('',(#1287),#659,.T.);
#10169=ADVANCED_FACE('',(#1288),#660,.F.);
#10170=ADVANCED_FACE('',(#1289),#9671,.T.);
#10171=ADVANCED_FACE('',(#1290),#9672,.T.);
#10172=ADVANCED_FACE('',(#1291),#9673,.T.);
#10173=ADVANCED_FACE('',(#1292),#661,.T.);
#10174=ADVANCED_FACE('',(#1293),#662,.F.);
#10175=ADVANCED_FACE('',(#1294),#9674,.T.);
#10176=ADVANCED_FACE('',(#1295),#9675,.T.);
#10177=ADVANCED_FACE('',(#1296),#9676,.T.);
#10178=ADVANCED_FACE('',(#1297),#9677,.T.);
#10179=ADVANCED_FACE('',(#1298),#9678,.F.);
#10180=ADVANCED_FACE('',(#1299),#663,.T.);
#10181=ADVANCED_FACE('',(#1300),#664,.F.);
#10182=ADVANCED_FACE('',(#1301),#9679,.T.);
#10183=ADVANCED_FACE('',(#1302),#9680,.T.);
#10184=ADVANCED_FACE('',(#1303),#9681,.T.);
#10185=ADVANCED_FACE('',(#1304),#665,.T.);
#10186=ADVANCED_FACE('',(#1305),#666,.F.);
#10187=ADVANCED_FACE('',(#1306),#9682,.T.);
#10188=ADVANCED_FACE('',(#1307),#9683,.T.);
#10189=ADVANCED_FACE('',(#1308),#9684,.T.);
#10190=ADVANCED_FACE('',(#1309),#9685,.T.);
#10191=ADVANCED_FACE('',(#1310),#9686,.F.);
#10192=ADVANCED_FACE('',(#1311),#667,.T.);
#10193=ADVANCED_FACE('',(#1312),#668,.F.);
#10194=ADVANCED_FACE('',(#1313),#9687,.T.);
#10195=ADVANCED_FACE('',(#1314),#9688,.T.);
#10196=ADVANCED_FACE('',(#1315),#9689,.T.);
#10197=ADVANCED_FACE('',(#1316),#669,.T.);
#10198=ADVANCED_FACE('',(#1317),#670,.F.);
#10199=ADVANCED_FACE('',(#1318),#9690,.T.);
#10200=ADVANCED_FACE('',(#1319),#9691,.T.);
#10201=ADVANCED_FACE('',(#1320),#9692,.T.);
#10202=ADVANCED_FACE('',(#1321),#9693,.T.);
#10203=ADVANCED_FACE('',(#1322),#9694,.F.);
#10204=ADVANCED_FACE('',(#1323),#671,.T.);
#10205=ADVANCED_FACE('',(#1324),#672,.F.);
#10206=ADVANCED_FACE('',(#1325),#9695,.T.);
#10207=ADVANCED_FACE('',(#1326),#9696,.T.);
#10208=ADVANCED_FACE('',(#1327),#9697,.T.);
#10209=ADVANCED_FACE('',(#1328),#673,.T.);
#10210=ADVANCED_FACE('',(#1329),#674,.F.);
#10211=ADVANCED_FACE('',(#1330),#9698,.T.);
#10212=ADVANCED_FACE('',(#1331),#9699,.T.);
#10213=ADVANCED_FACE('',(#1332),#9700,.T.);
#10214=ADVANCED_FACE('',(#1333),#9701,.T.);
#10215=ADVANCED_FACE('',(#1334),#9702,.F.);
#10216=ADVANCED_FACE('',(#1335),#675,.T.);
#10217=ADVANCED_FACE('',(#1336),#676,.F.);
#10218=ADVANCED_FACE('',(#1337),#9703,.T.);
#10219=ADVANCED_FACE('',(#1338),#9704,.T.);
#10220=ADVANCED_FACE('',(#1339),#9705,.T.);
#10221=ADVANCED_FACE('',(#1340),#677,.T.);
#10222=ADVANCED_FACE('',(#1341),#678,.F.);
#10223=ADVANCED_FACE('',(#1342),#9706,.T.);
#10224=ADVANCED_FACE('',(#1343),#9707,.T.);
#10225=ADVANCED_FACE('',(#1344),#9708,.T.);
#10226=ADVANCED_FACE('',(#1345),#9709,.T.);
#10227=ADVANCED_FACE('',(#1346),#9710,.F.);
#10228=ADVANCED_FACE('',(#1347),#679,.T.);
#10229=ADVANCED_FACE('',(#1348),#680,.F.);
#10230=ADVANCED_FACE('',(#1349),#9711,.T.);
#10231=ADVANCED_FACE('',(#1350),#9712,.T.);
#10232=ADVANCED_FACE('',(#1351),#9713,.T.);
#10233=ADVANCED_FACE('',(#1352),#681,.T.);
#10234=ADVANCED_FACE('',(#1353),#682,.F.);
#10235=ADVANCED_FACE('',(#1354),#9714,.T.);
#10236=ADVANCED_FACE('',(#1355),#9715,.T.);
#10237=ADVANCED_FACE('',(#1356),#9716,.T.);
#10238=ADVANCED_FACE('',(#1357),#9717,.T.);
#10239=ADVANCED_FACE('',(#1358),#9718,.F.);
#10240=ADVANCED_FACE('',(#1359),#683,.T.);
#10241=ADVANCED_FACE('',(#1360),#684,.F.);
#10242=ADVANCED_FACE('',(#1361),#9719,.F.);
#10243=ADVANCED_FACE('',(#1362),#9720,.F.);
#10244=ADVANCED_FACE('',(#1363),#9721,.F.);
#10245=ADVANCED_FACE('',(#1364),#685,.T.);
#10246=ADVANCED_FACE('',(#1365),#686,.F.);
#10247=ADVANCED_FACE('',(#1366),#9722,.F.);
#10248=ADVANCED_FACE('',(#1367),#9723,.F.);
#10249=ADVANCED_FACE('',(#1368),#9724,.F.);
#10250=ADVANCED_FACE('',(#1369),#9725,.F.);
#10251=ADVANCED_FACE('',(#1370),#9726,.T.);
#10252=ADVANCED_FACE('',(#1371),#687,.T.);
#10253=ADVANCED_FACE('',(#1372),#688,.F.);
#10254=ADVANCED_FACE('',(#1373),#9727,.F.);
#10255=ADVANCED_FACE('',(#1374),#9728,.F.);
#10256=ADVANCED_FACE('',(#1375),#9729,.F.);
#10257=ADVANCED_FACE('',(#1376),#689,.T.);
#10258=ADVANCED_FACE('',(#1377),#690,.F.);
#10259=ADVANCED_FACE('',(#1378),#9730,.F.);
#10260=ADVANCED_FACE('',(#1379),#9731,.F.);
#10261=ADVANCED_FACE('',(#1380),#9732,.F.);
#10262=ADVANCED_FACE('',(#1381),#9733,.F.);
#10263=ADVANCED_FACE('',(#1382),#9734,.T.);
#10264=ADVANCED_FACE('',(#1383),#691,.T.);
#10265=ADVANCED_FACE('',(#1384),#692,.F.);
#10266=ADVANCED_FACE('',(#1385),#9735,.F.);
#10267=ADVANCED_FACE('',(#1386),#9736,.F.);
#10268=ADVANCED_FACE('',(#1387),#9737,.F.);
#10269=ADVANCED_FACE('',(#1388),#693,.T.);
#10270=ADVANCED_FACE('',(#1389),#694,.F.);
#10271=ADVANCED_FACE('',(#1390),#9738,.F.);
#10272=ADVANCED_FACE('',(#1391),#9739,.F.);
#10273=ADVANCED_FACE('',(#1392),#9740,.F.);
#10274=ADVANCED_FACE('',(#1393),#9741,.F.);
#10275=ADVANCED_FACE('',(#1394),#9742,.T.);
#10276=ADVANCED_FACE('',(#1395),#695,.T.);
#10277=ADVANCED_FACE('',(#1396),#696,.F.);
#10278=ADVANCED_FACE('',(#1397),#9743,.F.);
#10279=ADVANCED_FACE('',(#1398),#9744,.F.);
#10280=ADVANCED_FACE('',(#1399),#9745,.F.);
#10281=ADVANCED_FACE('',(#1400),#697,.T.);
#10282=ADVANCED_FACE('',(#1401),#698,.F.);
#10283=ADVANCED_FACE('',(#1402),#9746,.F.);
#10284=ADVANCED_FACE('',(#1403),#9747,.F.);
#10285=ADVANCED_FACE('',(#1404),#9748,.F.);
#10286=ADVANCED_FACE('',(#1405),#9749,.F.);
#10287=ADVANCED_FACE('',(#1406),#9750,.T.);
#10288=ADVANCED_FACE('',(#1407),#699,.T.);
#10289=ADVANCED_FACE('',(#1408),#700,.F.);
#10290=ADVANCED_FACE('',(#1409),#9751,.F.);
#10291=ADVANCED_FACE('',(#1410),#9752,.F.);
#10292=ADVANCED_FACE('',(#1411),#9753,.F.);
#10293=ADVANCED_FACE('',(#1412),#701,.T.);
#10294=ADVANCED_FACE('',(#1413),#702,.F.);
#10295=ADVANCED_FACE('',(#1414),#9754,.F.);
#10296=ADVANCED_FACE('',(#1415),#9755,.F.);
#10297=ADVANCED_FACE('',(#1416),#9756,.F.);
#10298=ADVANCED_FACE('',(#1417),#9757,.F.);
#10299=ADVANCED_FACE('',(#1418),#9758,.T.);
#10300=ADVANCED_FACE('',(#1419),#703,.T.);
#10301=ADVANCED_FACE('',(#1420),#704,.F.);
#10302=ADVANCED_FACE('',(#1421),#9759,.F.);
#10303=ADVANCED_FACE('',(#1422),#9760,.F.);
#10304=ADVANCED_FACE('',(#1423),#9761,.F.);
#10305=ADVANCED_FACE('',(#1424),#705,.T.);
#10306=ADVANCED_FACE('',(#1425),#706,.F.);
#10307=ADVANCED_FACE('',(#1426),#9762,.F.);
#10308=ADVANCED_FACE('',(#1427),#9763,.F.);
#10309=ADVANCED_FACE('',(#1428),#9764,.F.);
#10310=ADVANCED_FACE('',(#1429),#9765,.F.);
#10311=ADVANCED_FACE('',(#1430),#9766,.T.);
#10312=ADVANCED_FACE('',(#1431),#707,.T.);
#10313=ADVANCED_FACE('',(#1432),#708,.F.);
#10314=ADVANCED_FACE('',(#1433),#9767,.F.);
#10315=ADVANCED_FACE('',(#1434),#9768,.F.);
#10316=ADVANCED_FACE('',(#1435),#9769,.F.);
#10317=ADVANCED_FACE('',(#1436),#709,.T.);
#10318=ADVANCED_FACE('',(#1437),#710,.F.);
#10319=ADVANCED_FACE('',(#1438),#9770,.F.);
#10320=ADVANCED_FACE('',(#1439),#9771,.F.);
#10321=ADVANCED_FACE('',(#1440),#9772,.F.);
#10322=ADVANCED_FACE('',(#1441),#9773,.F.);
#10323=ADVANCED_FACE('',(#1442),#9774,.T.);
#10324=ADVANCED_FACE('',(#1443),#711,.T.);
#10325=ADVANCED_FACE('',(#1444),#712,.F.);
#10326=ADVANCED_FACE('',(#1445),#9775,.F.);
#10327=ADVANCED_FACE('',(#1446),#9776,.F.);
#10328=ADVANCED_FACE('',(#1447),#9777,.F.);
#10329=ADVANCED_FACE('',(#1448),#713,.T.);
#10330=ADVANCED_FACE('',(#1449),#714,.F.);
#10331=ADVANCED_FACE('',(#1450),#9778,.F.);
#10332=ADVANCED_FACE('',(#1451),#9779,.F.);
#10333=ADVANCED_FACE('',(#1452),#9780,.F.);
#10334=ADVANCED_FACE('',(#1453),#9781,.F.);
#10335=ADVANCED_FACE('',(#1454),#9782,.T.);
#10336=ADVANCED_FACE('',(#1455),#715,.T.);
#10337=ADVANCED_FACE('',(#1456),#716,.F.);
#10338=ADVANCED_FACE('',(#1457),#9783,.F.);
#10339=ADVANCED_FACE('',(#1458),#9784,.F.);
#10340=ADVANCED_FACE('',(#1459),#9785,.F.);
#10341=ADVANCED_FACE('',(#1460),#717,.T.);
#10342=ADVANCED_FACE('',(#1461),#718,.F.);
#10343=ADVANCED_FACE('',(#1462),#9786,.F.);
#10344=ADVANCED_FACE('',(#1463),#9787,.F.);
#10345=ADVANCED_FACE('',(#1464),#9788,.F.);
#10346=ADVANCED_FACE('',(#1465),#9789,.F.);
#10347=ADVANCED_FACE('',(#1466),#9790,.T.);
#10348=ADVANCED_FACE('',(#1467),#719,.T.);
#10349=ADVANCED_FACE('',(#1468),#720,.F.);
#10350=ADVANCED_FACE('',(#1469),#9791,.F.);
#10351=ADVANCED_FACE('',(#1470),#9792,.F.);
#10352=ADVANCED_FACE('',(#1471),#9793,.F.);
#10353=ADVANCED_FACE('',(#1472),#721,.T.);
#10354=ADVANCED_FACE('',(#1473),#722,.F.);
#10355=ADVANCED_FACE('',(#1474),#9794,.F.);
#10356=ADVANCED_FACE('',(#1475),#9795,.F.);
#10357=ADVANCED_FACE('',(#1476),#9796,.F.);
#10358=ADVANCED_FACE('',(#1477),#9797,.F.);
#10359=ADVANCED_FACE('',(#1478),#9798,.T.);
#10360=ADVANCED_FACE('',(#1479),#723,.F.);
#10361=ADVANCED_FACE('',(#1480),#9799,.F.);
#10362=ADVANCED_FACE('',(#1481),#724,.F.);
#10363=ADVANCED_FACE('',(#1482),#9800,.F.);
#10364=ADVANCED_FACE('',(#1483),#9801,.F.);
#10365=ADVANCED_FACE('',(#1484),#725,.F.);
#10366=ADVANCED_FACE('',(#1485),#9802,.F.);
#10367=ADVANCED_FACE('',(#1486),#726,.F.);
#10368=ADVANCED_FACE('',(#1487),#9803,.T.);
#10369=ADVANCED_FACE('',(#1488),#9804,.T.);
#10370=ADVANCED_FACE('',(#1489),#9805,.T.);
#10371=ADVANCED_FACE('',(#1490),#9806,.T.);
#10372=ADVANCED_FACE('',(#1491),#9807,.T.);
#10373=ADVANCED_FACE('',(#1492),#9808,.T.);
#10374=ADVANCED_FACE('',(#1493),#9809,.T.);
#10375=ADVANCED_FACE('',(#1494),#9810,.T.);
#10376=ADVANCED_FACE('',(#1495,#410),#9811,.T.);
#10377=ADVANCED_FACE('',(#1496,#411),#9812,.F.);
#10378=ADVANCED_FACE('',(#1497),#9813,.T.);
#10379=ADVANCED_FACE('',(#1498),#9814,.T.);
#10380=ADVANCED_FACE('',(#1499),#9815,.T.);
#10381=ADVANCED_FACE('',(#1500),#19,.T.);
#10382=ADVANCED_FACE('',(#1501),#9816,.T.);
#10383=ADVANCED_FACE('',(#1502),#20,.T.);
#10384=ADVANCED_FACE('',(#1503),#21,.T.);
#10385=ADVANCED_FACE('',(#1504),#22,.T.);
#10386=ADVANCED_FACE('',(#1505),#727,.T.);
#10387=ADVANCED_FACE('',(#1506),#9817,.T.);
#10388=ADVANCED_FACE('',(#1507),#728,.T.);
#10389=ADVANCED_FACE('',(#1508),#9818,.T.);
#10390=ADVANCED_FACE('',(#1509),#9819,.F.);
#10391=ADVANCED_FACE('',(#1510),#729,.T.);
#10392=ADVANCED_FACE('',(#1511),#730,.T.);
#10393=ADVANCED_FACE('',(#1512),#9820,.T.);
#10394=ADVANCED_FACE('',(#1513),#9821,.T.);
#10395=ADVANCED_FACE('',(#1514),#9822,.T.);
#10396=ADVANCED_FACE('',(#1515),#23,.T.);
#10397=ADVANCED_FACE('',(#1516),#9823,.T.);
#10398=ADVANCED_FACE('',(#1517),#24,.T.);
#10399=ADVANCED_FACE('',(#1518),#9824,.T.);
#10400=ADVANCED_FACE('',(#1519),#25,.T.);
#10401=ADVANCED_FACE('',(#1520),#26,.T.);
#10402=ADVANCED_FACE('',(#1521),#731,.T.);
#10403=ADVANCED_FACE('',(#1522),#9825,.T.);
#10404=ADVANCED_FACE('',(#1523),#732,.T.);
#10405=ADVANCED_FACE('',(#1524),#9826,.T.);
#10406=ADVANCED_FACE('',(#1525),#733,.T.);
#10407=ADVANCED_FACE('',(#1526),#9827,.T.);
#10408=ADVANCED_FACE('',(#1527),#734,.T.);
#10409=ADVANCED_FACE('',(#1528),#9828,.T.);
#10410=ADVANCED_FACE('',(#1529),#15,.T.);
#10411=ADVANCED_FACE('',(#1530),#16,.T.);
#10412=ADVANCED_FACE('',(#1531),#17,.T.);
#10413=ADVANCED_FACE('',(#1532),#18,.T.);
#10414=ADVANCED_FACE('',(#1533),#735,.F.);
#10415=ADVANCED_FACE('',(#1534),#736,.T.);
#10416=CLOSED_SHELL('',(#9829,#9830,#9831,#9832,#9833,#9834));
#10417=CLOSED_SHELL('',(#9835,#9836,#9837,#9838,#9839,#9840));
#10418=CLOSED_SHELL('',(#9841,#9842,#9843,#9844,#9845,#9846,#9847,#9848));
#10419=CLOSED_SHELL('',(#9849,#9850,#9851,#9852,#9853,#9854,#9855,#9856));
#10420=CLOSED_SHELL('',(#9857,#9858,#9859,#9860,#9861,#9862,#9863,#9864));
#10421=CLOSED_SHELL('',(#9865,#9866,#9867,#9868,#9869,#9870));
#10422=CLOSED_SHELL('',(#9871,#9872,#9873,#9874,#9875,#9876));
#10423=CLOSED_SHELL('',(#9877,#9878,#9879,#9880,#9881,#9882));
#10424=CLOSED_SHELL('',(#9883,#9884,#9885,#9886,#9887,#9888,#9889,#9890,
#9891,#9892,#9893,#9894,#9895,#9896,#9897,#9898,#9899,#9900));
#10425=CLOSED_SHELL('',(#9901,#9902,#9903,#9904,#9905,#9906,#9907,#9908,
#9909,#9910,#9911,#9912,#9913,#9914));
#10426=CLOSED_SHELL('',(#9915,#9916,#9917,#9918,#9919,#9920,#9921,#9922,
#9923,#9924,#9925,#9926,#9927,#9928,#9929,#9930,#9931,#9932,#9933,#9934,
#9935));
#10427=CLOSED_SHELL('',(#9936,#9937,#9938,#9939,#9940,#9941));
#10428=CLOSED_SHELL('',(#9942,#9943,#9944,#9945,#9946,#9947,#9948,#9949,
#9950,#9951,#9952,#9953,#9954,#9955,#9956,#9957,#9958,#9959,#9960,#9961,
#9962,#9963,#9964));
#10429=CLOSED_SHELL('',(#9965,#9966,#9967,#9968,#9969,#9970,#9971,#9972,
#9973,#9974,#9975,#9976,#9977,#9978,#9979,#9980,#9981,#9982,#9983,#9984,
#9985,#9986,#9987,#9988,#9989,#9990,#9991));
#10430=CLOSED_SHELL('',(#9992,#9993,#9994,#9995,#9996,#9997,#9998,#9999,
#10000,#10001,#10002,#10003));
#10431=CLOSED_SHELL('',(#10004,#10005,#10006,#10007,#10008,#10009,#10010,
#10011,#10012,#10013,#10014,#10015,#10016,#10017,#10018,#10019,#10020,#10021,
#10022,#10023,#10024));
#10432=CLOSED_SHELL('',(#10025,#10026,#10027,#10028,#10029,#10030,#10031,
#10032,#10033,#10034,#10035,#10036,#10037,#10038,#10039,#10040,#10041,#10042,
#10043,#10044,#10045,#10046,#10047));
#10433=CLOSED_SHELL('',(#10048,#10049,#10050,#10051,#10052,#10053,#10054,
#10055,#10056));
#10434=CLOSED_SHELL('',(#10057,#10058,#10059,#10060,#10061,#10062,#10063,
#10064,#10065,#10066,#10067,#10068,#10069,#10070,#10071,#10072,#10073,#10074,
#10075,#10076));
#10435=CLOSED_SHELL('',(#10077,#10078,#10079,#10080,#10081,#10082,#10083,
#10084));
#10436=CLOSED_SHELL('',(#10085,#10086,#10087,#10088,#10089,#10090,#10091,
#10092,#10093,#10094,#10095,#10096,#10097,#10098,#10099,#10100,#10101,#10102,
#10103,#10104,#10105,#10106,#10107));
#10437=CLOSED_SHELL('',(#10108,#10109,#10110,#10111,#10112,#10113,#10114,
#10115,#10116,#10117,#10118,#10119));
#10438=CLOSED_SHELL('',(#10120,#10121,#10122,#10123,#10124,#10125,#10126,
#10127,#10128,#10129,#10130,#10131));
#10439=CLOSED_SHELL('',(#10132,#10133,#10134,#10135,#10136,#10137,#10138,
#10139,#10140,#10141,#10142,#10143));
#10440=CLOSED_SHELL('',(#10144,#10145,#10146,#10147,#10148,#10149,#10150,
#10151,#10152,#10153,#10154,#10155));
#10441=CLOSED_SHELL('',(#10156,#10157,#10158,#10159,#10160,#10161,#10162,
#10163,#10164,#10165,#10166,#10167));
#10442=CLOSED_SHELL('',(#10168,#10169,#10170,#10171,#10172,#10173,#10174,
#10175,#10176,#10177,#10178,#10179));
#10443=CLOSED_SHELL('',(#10180,#10181,#10182,#10183,#10184,#10185,#10186,
#10187,#10188,#10189,#10190,#10191));
#10444=CLOSED_SHELL('',(#10192,#10193,#10194,#10195,#10196,#10197,#10198,
#10199,#10200,#10201,#10202,#10203));
#10445=CLOSED_SHELL('',(#10204,#10205,#10206,#10207,#10208,#10209,#10210,
#10211,#10212,#10213,#10214,#10215));
#10446=CLOSED_SHELL('',(#10216,#10217,#10218,#10219,#10220,#10221,#10222,
#10223,#10224,#10225,#10226,#10227));
#10447=CLOSED_SHELL('',(#10228,#10229,#10230,#10231,#10232,#10233,#10234,
#10235,#10236,#10237,#10238,#10239));
#10448=CLOSED_SHELL('',(#10240,#10241,#10242,#10243,#10244,#10245,#10246,
#10247,#10248,#10249,#10250,#10251));
#10449=CLOSED_SHELL('',(#10252,#10253,#10254,#10255,#10256,#10257,#10258,
#10259,#10260,#10261,#10262,#10263));
#10450=CLOSED_SHELL('',(#10264,#10265,#10266,#10267,#10268,#10269,#10270,
#10271,#10272,#10273,#10274,#10275));
#10451=CLOSED_SHELL('',(#10276,#10277,#10278,#10279,#10280,#10281,#10282,
#10283,#10284,#10285,#10286,#10287));
#10452=CLOSED_SHELL('',(#10288,#10289,#10290,#10291,#10292,#10293,#10294,
#10295,#10296,#10297,#10298,#10299));
#10453=CLOSED_SHELL('',(#10300,#10301,#10302,#10303,#10304,#10305,#10306,
#10307,#10308,#10309,#10310,#10311));
#10454=CLOSED_SHELL('',(#10312,#10313,#10314,#10315,#10316,#10317,#10318,
#10319,#10320,#10321,#10322,#10323));
#10455=CLOSED_SHELL('',(#10324,#10325,#10326,#10327,#10328,#10329,#10330,
#10331,#10332,#10333,#10334,#10335));
#10456=CLOSED_SHELL('',(#10336,#10337,#10338,#10339,#10340,#10341,#10342,
#10343,#10344,#10345,#10346,#10347));
#10457=CLOSED_SHELL('',(#10348,#10349,#10350,#10351,#10352,#10353,#10354,
#10355,#10356,#10357,#10358,#10359));
#10458=CLOSED_SHELL('',(#10360,#10361,#10362,#10363,#10364,#10365,#10366,
#10367,#10368,#10369,#10370,#10371,#10372,#10373,#10374,#10375,#10376,#10377));
#10459=CLOSED_SHELL('',(#10378,#10379,#10380,#10381,#10382,#10383,#10384,
#10385,#10386,#10387,#10388,#10389,#10390,#10391,#10392,#10393,#10394,#10395,
#10396,#10397,#10398,#10399,#10400,#10401,#10402,#10403,#10404,#10405,#10406,
#10407,#10408,#10409,#10410,#10411,#10412,#10413,#10414,#10415));
#10460=DERIVED_UNIT_ELEMENT(#10478,1.);
#10461=DERIVED_UNIT_ELEMENT(#18879,-3.);
#10462=DERIVED_UNIT_ELEMENT(#10478,1.);
#10463=DERIVED_UNIT_ELEMENT(#18879,-3.);
#10464=DERIVED_UNIT_ELEMENT(#10478,1.);
#10465=DERIVED_UNIT_ELEMENT(#18879,-3.);
#10466=DERIVED_UNIT_ELEMENT(#10478,1.);
#10467=DERIVED_UNIT_ELEMENT(#18879,-3.);
#10468=DERIVED_UNIT_ELEMENT(#10478,1.);
#10469=DERIVED_UNIT_ELEMENT(#18879,-3.);
#10470=DERIVED_UNIT_ELEMENT(#10478,1.);
#10471=DERIVED_UNIT_ELEMENT(#18879,-3.);
#10472=DERIVED_UNIT_ELEMENT(#10478,1.);
#10473=DERIVED_UNIT_ELEMENT(#18879,-3.);
#10474=DERIVED_UNIT_ELEMENT(#10478,1.);
#10475=DERIVED_UNIT_ELEMENT(#18879,-3.);
#10476=DERIVED_UNIT_ELEMENT(#10478,1.);
#10477=DERIVED_UNIT_ELEMENT(#18879,-3.);
#10478=(
MASS_UNIT()
NAMED_UNIT(*)
SI_UNIT(.KILO.,.GRAM.)
);
#10479=DERIVED_UNIT((#10460,#10461));
#10480=DERIVED_UNIT((#10462,#10463));
#10481=DERIVED_UNIT((#10464,#10465));
#10482=DERIVED_UNIT((#10466,#10467));
#10483=DERIVED_UNIT((#10468,#10469));
#10484=DERIVED_UNIT((#10470,#10471));
#10485=DERIVED_UNIT((#10472,#10473));
#10486=DERIVED_UNIT((#10474,#10475));
#10487=DERIVED_UNIT((#10476,#10477));
#10488=MEASURE_REPRESENTATION_ITEM('density measure',
POSITIVE_RATIO_MEASURE(7850.),#10479);
#10489=MEASURE_REPRESENTATION_ITEM('density measure',
POSITIVE_RATIO_MEASURE(7850.),#10480);
#10490=MEASURE_REPRESENTATION_ITEM('density measure',
POSITIVE_RATIO_MEASURE(7850.),#10481);
#10491=MEASURE_REPRESENTATION_ITEM('density measure',
POSITIVE_RATIO_MEASURE(7850.),#10482);
#10492=MEASURE_REPRESENTATION_ITEM('density measure',
POSITIVE_RATIO_MEASURE(7850.),#10483);
#10493=MEASURE_REPRESENTATION_ITEM('density measure',
POSITIVE_RATIO_MEASURE(7850.),#10484);
#10494=MEASURE_REPRESENTATION_ITEM('density measure',
POSITIVE_RATIO_MEASURE(7850.),#10485);
#10495=MEASURE_REPRESENTATION_ITEM('density measure',
POSITIVE_RATIO_MEASURE(7850.),#10486);
#10496=MEASURE_REPRESENTATION_ITEM('density measure',
POSITIVE_RATIO_MEASURE(7850.),#10487);
#10497=PROPERTY_DEFINITION_REPRESENTATION(#10542,#10515);
#10498=PROPERTY_DEFINITION_REPRESENTATION(#10543,#10516);
#10499=PROPERTY_DEFINITION_REPRESENTATION(#10544,#10517);
#10500=PROPERTY_DEFINITION_REPRESENTATION(#10545,#10518);
#10501=PROPERTY_DEFINITION_REPRESENTATION(#10546,#10519);
#10502=PROPERTY_DEFINITION_REPRESENTATION(#10547,#10520);
#10503=PROPERTY_DEFINITION_REPRESENTATION(#10548,#10521);
#10504=PROPERTY_DEFINITION_REPRESENTATION(#10549,#10522);
#10505=PROPERTY_DEFINITION_REPRESENTATION(#10550,#10523);
#10506=PROPERTY_DEFINITION_REPRESENTATION(#10551,#10524);
#10507=PROPERTY_DEFINITION_REPRESENTATION(#10552,#10525);
#10508=PROPERTY_DEFINITION_REPRESENTATION(#10553,#10526);
#10509=PROPERTY_DEFINITION_REPRESENTATION(#10554,#10527);
#10510=PROPERTY_DEFINITION_REPRESENTATION(#10555,#10528);
#10511=PROPERTY_DEFINITION_REPRESENTATION(#10556,#10529);
#10512=PROPERTY_DEFINITION_REPRESENTATION(#10557,#10530);
#10513=PROPERTY_DEFINITION_REPRESENTATION(#10558,#10531);
#10514=PROPERTY_DEFINITION_REPRESENTATION(#10559,#10532);
#10515=REPRESENTATION('material name',(#10533),#18861);
#10516=REPRESENTATION('density',(#10488),#18861);
#10517=REPRESENTATION('material name',(#10534),#18863);
#10518=REPRESENTATION('density',(#10489),#18863);
#10519=REPRESENTATION('material name',(#10535),#18864);
#10520=REPRESENTATION('density',(#10490),#18864);
#10521=REPRESENTATION('material name',(#10536),#18865);
#10522=REPRESENTATION('density',(#10491),#18865);
#10523=REPRESENTATION('material name',(#10537),#18867);
#10524=REPRESENTATION('density',(#10492),#18867);
#10525=REPRESENTATION('material name',(#10538),#18868);
#10526=REPRESENTATION('density',(#10493),#18868);
#10527=REPRESENTATION('material name',(#10539),#18869);
#10528=REPRESENTATION('density',(#10494),#18869);
#10529=REPRESENTATION('material name',(#10540),#18875);
#10530=REPRESENTATION('density',(#10495),#18875);
#10531=REPRESENTATION('material name',(#10541),#18876);
#10532=REPRESENTATION('density',(#10496),#18876);
#10533=DESCRIPTIVE_REPRESENTATION_ITEM('Steel','Steel');
#10534=DESCRIPTIVE_REPRESENTATION_ITEM('Steel','Steel');
#10535=DESCRIPTIVE_REPRESENTATION_ITEM('Steel','Steel');
#10536=DESCRIPTIVE_REPRESENTATION_ITEM('Steel','Steel');
#10537=DESCRIPTIVE_REPRESENTATION_ITEM('Steel','Steel');
#10538=DESCRIPTIVE_REPRESENTATION_ITEM('Steel','Steel');
#10539=DESCRIPTIVE_REPRESENTATION_ITEM('Steel','Steel');
#10540=DESCRIPTIVE_REPRESENTATION_ITEM('Steel','Steel');
#10541=DESCRIPTIVE_REPRESENTATION_ITEM('Steel','Steel');
#10542=PROPERTY_DEFINITION('material property','material name',#18965);
#10543=PROPERTY_DEFINITION('material property','density of part',#18965);
#10544=PROPERTY_DEFINITION('material property','material name',#18967);
#10545=PROPERTY_DEFINITION('material property','density of part',#18967);
#10546=PROPERTY_DEFINITION('material property','material name',#18968);
#10547=PROPERTY_DEFINITION('material property','density of part',#18968);
#10548=PROPERTY_DEFINITION('material property','material name',#18969);
#10549=PROPERTY_DEFINITION('material property','density of part',#18969);
#10550=PROPERTY_DEFINITION('material property','material name',#18971);
#10551=PROPERTY_DEFINITION('material property','density of part',#18971);
#10552=PROPERTY_DEFINITION('material property','material name',#18972);
#10553=PROPERTY_DEFINITION('material property','density of part',#18972);
#10554=PROPERTY_DEFINITION('material property','material name',#18973);
#10555=PROPERTY_DEFINITION('material property','density of part',#18973);
#10556=PROPERTY_DEFINITION('material property','material name',#18979);
#10557=PROPERTY_DEFINITION('material property','density of part',#18979);
#10558=PROPERTY_DEFINITION('material property','material name',#18980);
#10559=PROPERTY_DEFINITION('material property','density of part',#18980);
#10560=AXIS2_PLACEMENT_3D('placement',#13750,#11290,#11291);
#10561=AXIS2_PLACEMENT_3D('placement',#13751,#11292,#11293);
#10562=AXIS2_PLACEMENT_3D('placement',#13752,#11294,#11295);
#10563=AXIS2_PLACEMENT_3D('',#13753,#11296,#11297);
#10564=AXIS2_PLACEMENT_3D('',#13762,#11302,#11303);
#10565=AXIS2_PLACEMENT_3D('',#13768,#11307,#11308);
#10566=AXIS2_PLACEMENT_3D('',#13774,#11312,#11313);
#10567=AXIS2_PLACEMENT_3D('',#13777,#11316,#11317);
#10568=AXIS2_PLACEMENT_3D('',#13778,#11318,#11319);
#10569=AXIS2_PLACEMENT_3D('placement',#13779,#11320,#11321);
#10570=AXIS2_PLACEMENT_3D('placement',#13780,#11322,#11323);
#10571=AXIS2_PLACEMENT_3D('',#13781,#11324,#11325);
#10572=AXIS2_PLACEMENT_3D('',#13790,#11330,#11331);
#10573=AXIS2_PLACEMENT_3D('',#13796,#11335,#11336);
#10574=AXIS2_PLACEMENT_3D('',#13802,#11340,#11341);
#10575=AXIS2_PLACEMENT_3D('',#13805,#11344,#11345);
#10576=AXIS2_PLACEMENT_3D('',#13806,#11346,#11347);
#10577=AXIS2_PLACEMENT_3D('',#13807,#11348,#11349);
#10578=AXIS2_PLACEMENT_3D('',#13816,#11354,#11355);
#10579=AXIS2_PLACEMENT_3D('',#13822,#11359,#11360);
#10580=AXIS2_PLACEMENT_3D('',#13828,#11364,#11365);
#10581=AXIS2_PLACEMENT_3D('',#13834,#11369,#11370);
#10582=AXIS2_PLACEMENT_3D('',#13840,#11374,#11375);
#10583=AXIS2_PLACEMENT_3D('',#13843,#11378,#11379);
#10584=AXIS2_PLACEMENT_3D('',#13844,#11380,#11381);
#10585=AXIS2_PLACEMENT_3D('',#13845,#11382,#11383);
#10586=AXIS2_PLACEMENT_3D('',#13854,#11388,#11389);
#10587=AXIS2_PLACEMENT_3D('',#13860,#11393,#11394);
#10588=AXIS2_PLACEMENT_3D('',#13866,#11398,#11399);
#10589=AXIS2_PLACEMENT_3D('',#13872,#11403,#11404);
#10590=AXIS2_PLACEMENT_3D('',#13878,#11408,#11409);
#10591=AXIS2_PLACEMENT_3D('',#13881,#11412,#11413);
#10592=AXIS2_PLACEMENT_3D('',#13882,#11414,#11415);
#10593=AXIS2_PLACEMENT_3D('',#13883,#11416,#11417);
#10594=AXIS2_PLACEMENT_3D('',#13892,#11422,#11423);
#10595=AXIS2_PLACEMENT_3D('',#13898,#11427,#11428);
#10596=AXIS2_PLACEMENT_3D('',#13904,#11432,#11433);
#10597=AXIS2_PLACEMENT_3D('',#13910,#11437,#11438);
#10598=AXIS2_PLACEMENT_3D('',#13916,#11442,#11443);
#10599=AXIS2_PLACEMENT_3D('',#13919,#11446,#11447);
#10600=AXIS2_PLACEMENT_3D('',#13920,#11448,#11449);
#10601=AXIS2_PLACEMENT_3D('',#13921,#11450,#11451);
#10602=AXIS2_PLACEMENT_3D('',#13930,#11456,#11457);
#10603=AXIS2_PLACEMENT_3D('',#13936,#11461,#11462);
#10604=AXIS2_PLACEMENT_3D('',#13942,#11466,#11467);
#10605=AXIS2_PLACEMENT_3D('',#13945,#11470,#11471);
#10606=AXIS2_PLACEMENT_3D('',#13946,#11472,#11473);
#10607=AXIS2_PLACEMENT_3D('',#13947,#11474,#11475);
#10608=AXIS2_PLACEMENT_3D('',#13956,#11480,#11481);
#10609=AXIS2_PLACEMENT_3D('',#13962,#11485,#11486);
#10610=AXIS2_PLACEMENT_3D('',#13968,#11490,#11491);
#10611=AXIS2_PLACEMENT_3D('',#13971,#11494,#11495);
#10612=AXIS2_PLACEMENT_3D('',#13972,#11496,#11497);
#10613=AXIS2_PLACEMENT_3D('',#13973,#11498,#11499);
#10614=AXIS2_PLACEMENT_3D('',#13982,#11504,#11505);
#10615=AXIS2_PLACEMENT_3D('',#13988,#11509,#11510);
#10616=AXIS2_PLACEMENT_3D('',#13994,#11514,#11515);
#10617=AXIS2_PLACEMENT_3D('',#13997,#11518,#11519);
#10618=AXIS2_PLACEMENT_3D('',#13998,#11520,#11521);
#10619=AXIS2_PLACEMENT_3D('',#13999,#11522,#11523);
#10620=AXIS2_PLACEMENT_3D('',#14000,#11524,#11525);
#10621=AXIS2_PLACEMENT_3D('',#14001,#11526,#11527);
#10622=AXIS2_PLACEMENT_3D('',#14002,#11528,#11529);
#10623=AXIS2_PLACEMENT_3D('',#14003,#11530,#11531);
#10624=AXIS2_PLACEMENT_3D('',#14004,#11532,#11533);
#10625=AXIS2_PLACEMENT_3D('placement',#14005,#11534,#11535);
#10626=AXIS2_PLACEMENT_3D('',#14006,#11536,#11537);
#10627=AXIS2_PLACEMENT_3D('',#14008,#11538,#11539);
#10628=AXIS2_PLACEMENT_3D('',#14011,#11541,#11542);
#10629=AXIS2_PLACEMENT_3D('',#14012,#11543,#11544);
#10630=AXIS2_PLACEMENT_3D('',#14014,#11545,#11546);
#10631=AXIS2_PLACEMENT_3D('',#14017,#11548,#11549);
#10632=AXIS2_PLACEMENT_3D('',#14018,#11550,#11551);
#10633=AXIS2_PLACEMENT_3D('',#14020,#11552,#11553);
#10634=AXIS2_PLACEMENT_3D('',#14023,#11555,#11556);
#10635=AXIS2_PLACEMENT_3D('',#14024,#11557,#11558);
#10636=AXIS2_PLACEMENT_3D('',#14026,#11559,#11560);
#10637=AXIS2_PLACEMENT_3D('',#14029,#11562,#11563);
#10638=AXIS2_PLACEMENT_3D('',#14030,#11564,#11565);
#10639=AXIS2_PLACEMENT_3D('',#14033,#11566,#11567);
#10640=AXIS2_PLACEMENT_3D('',#14037,#11569,#11570);
#10641=AXIS2_PLACEMENT_3D('',#14039,#11572,#11573);
#10642=AXIS2_PLACEMENT_3D('',#14043,#11575,#11576);
#10643=AXIS2_PLACEMENT_3D('',#14047,#11578,#11579);
#10644=AXIS2_PLACEMENT_3D('',#14051,#11581,#11582);
#10645=AXIS2_PLACEMENT_3D('',#14054,#11584,#11585);
#10646=AXIS2_PLACEMENT_3D('',#14056,#11586,#11587);
#10647=AXIS2_PLACEMENT_3D('',#14058,#11588,#11589);
#10648=AXIS2_PLACEMENT_3D('',#14060,#11590,#11591);
#10649=AXIS2_PLACEMENT_3D('',#14061,#11592,#11593);
#10650=AXIS2_PLACEMENT_3D('',#14065,#11596,#11597);
#10651=AXIS2_PLACEMENT_3D('',#14067,#11598,#11599);
#10652=AXIS2_PLACEMENT_3D('',#14069,#11601,#11602);
#10653=AXIS2_PLACEMENT_3D('',#14072,#11603,#11604);
#10654=AXIS2_PLACEMENT_3D('',#14075,#11607,#11608);
#10655=AXIS2_PLACEMENT_3D('',#14079,#11611,#11612);
#10656=AXIS2_PLACEMENT_3D('',#14081,#11613,#11614);
#10657=AXIS2_PLACEMENT_3D('',#14083,#11616,#11617);
#10658=AXIS2_PLACEMENT_3D('',#14085,#11618,#11619);
#10659=AXIS2_PLACEMENT_3D('',#14087,#11621,#11622);
#10660=AXIS2_PLACEMENT_3D('',#14089,#11623,#11624);
#10661=AXIS2_PLACEMENT_3D('',#14091,#11626,#11627);
#10662=AXIS2_PLACEMENT_3D('',#14093,#11628,#11629);
#10663=AXIS2_PLACEMENT_3D('',#14095,#11631,#11632);
#10664=AXIS2_PLACEMENT_3D('',#14097,#11633,#11634);
#10665=AXIS2_PLACEMENT_3D('',#14099,#11636,#11637);
#10666=AXIS2_PLACEMENT_3D('',#14101,#11639,#11640);
#10667=AXIS2_PLACEMENT_3D('',#14103,#11642,#11643);
#10668=AXIS2_PLACEMENT_3D('placement',#14104,#11644,#11645);
#10669=AXIS2_PLACEMENT_3D('',#14105,#11646,#11647);
#10670=AXIS2_PLACEMENT_3D('',#14114,#11652,#11653);
#10671=AXIS2_PLACEMENT_3D('',#14120,#11657,#11658);
#10672=AXIS2_PLACEMENT_3D('',#14126,#11662,#11663);
#10673=AXIS2_PLACEMENT_3D('',#14132,#11667,#11668);
#10674=AXIS2_PLACEMENT_3D('',#14138,#11672,#11673);
#10675=AXIS2_PLACEMENT_3D('',#14144,#11677,#11678);
#10676=AXIS2_PLACEMENT_3D('',#14150,#11682,#11683);
#10677=AXIS2_PLACEMENT_3D('',#14156,#11687,#11688);
#10678=AXIS2_PLACEMENT_3D('',#14162,#11692,#11693);
#10679=AXIS2_PLACEMENT_3D('',#14168,#11697,#11698);
#10680=AXIS2_PLACEMENT_3D('',#14174,#11702,#11703);
#10681=AXIS2_PLACEMENT_3D('',#14177,#11706,#11707);
#10682=AXIS2_PLACEMENT_3D('',#14178,#11708,#11709);
#10683=AXIS2_PLACEMENT_3D('',#14179,#11710,#11711);
#10684=AXIS2_PLACEMENT_3D('',#14188,#11716,#11717);
#10685=AXIS2_PLACEMENT_3D('',#14309,#11726,#11727);
#10686=AXIS2_PLACEMENT_3D('',#14312,#11730,#11731);
#10687=AXIS2_PLACEMENT_3D('',#14505,#11744,#11745);
#10688=AXIS2_PLACEMENT_3D('',#14511,#11749,#11750);
#10689=AXIS2_PLACEMENT_3D('',#14514,#11753,#11754);
#10690=AXIS2_PLACEMENT_3D('',#14515,#11755,#11756);
#10691=AXIS2_PLACEMENT_3D('',#14516,#11757,#11758);
#10692=AXIS2_PLACEMENT_3D('',#14525,#11763,#11764);
#10693=AXIS2_PLACEMENT_3D('',#14531,#11768,#11769);
#10694=AXIS2_PLACEMENT_3D('',#14537,#11773,#11774);
#10695=AXIS2_PLACEMENT_3D('',#14540,#11777,#11778);
#10696=AXIS2_PLACEMENT_3D('',#14541,#11779,#11780);
#10697=AXIS2_PLACEMENT_3D('',#14542,#11781,#11782);
#10698=AXIS2_PLACEMENT_3D('',#14781,#11797,#11798);
#10699=AXIS2_PLACEMENT_3D('',#14991,#11810,#11811);
#10700=AXIS2_PLACEMENT_3D('',#14992,#11812,#11813);
#10701=AXIS2_PLACEMENT_3D('',#14993,#11814,#11815);
#10702=AXIS2_PLACEMENT_3D('',#15002,#11820,#11821);
#10703=AXIS2_PLACEMENT_3D('',#15008,#11825,#11826);
#10704=AXIS2_PLACEMENT_3D('',#15267,#11841,#11842);
#10705=AXIS2_PLACEMENT_3D('',#15457,#11854,#11855);
#10706=AXIS2_PLACEMENT_3D('',#15463,#11859,#11860);
#10707=AXIS2_PLACEMENT_3D('',#15466,#11863,#11864);
#10708=AXIS2_PLACEMENT_3D('',#15467,#11865,#11866);
#10709=AXIS2_PLACEMENT_3D('',#15468,#11867,#11868);
#10710=AXIS2_PLACEMENT_3D('',#15477,#11873,#11874);
#10711=AXIS2_PLACEMENT_3D('',#15483,#11878,#11879);
#10712=AXIS2_PLACEMENT_3D('',#15489,#11883,#11884);
#10713=AXIS2_PLACEMENT_3D('',#15495,#11888,#11889);
#10714=AXIS2_PLACEMENT_3D('',#15501,#11893,#11894);
#10715=AXIS2_PLACEMENT_3D('',#15507,#11898,#11899);
#10716=AXIS2_PLACEMENT_3D('',#15513,#11903,#11904);
#10717=AXIS2_PLACEMENT_3D('',#15519,#11908,#11909);
#10718=AXIS2_PLACEMENT_3D('',#15525,#11913,#11914);
#10719=AXIS2_PLACEMENT_3D('',#15528,#11917,#11918);
#10720=AXIS2_PLACEMENT_3D('',#15529,#11919,#11920);
#10721=AXIS2_PLACEMENT_3D('',#15530,#11921,#11922);
#10722=AXIS2_PLACEMENT_3D('',#15539,#11927,#11928);
#10723=AXIS2_PLACEMENT_3D('',#15660,#11937,#11938);
#10724=AXIS2_PLACEMENT_3D('',#15663,#11941,#11942);
#10725=AXIS2_PLACEMENT_3D('',#15856,#11955,#11956);
#10726=AXIS2_PLACEMENT_3D('',#15862,#11960,#11961);
#10727=AXIS2_PLACEMENT_3D('',#15865,#11964,#11965);
#10728=AXIS2_PLACEMENT_3D('',#15866,#11966,#11967);
#10729=AXIS2_PLACEMENT_3D('',#15867,#11968,#11969);
#10730=AXIS2_PLACEMENT_3D('',#16106,#11984,#11985);
#10731=AXIS2_PLACEMENT_3D('',#16316,#11997,#11998);
#10732=AXIS2_PLACEMENT_3D('',#16317,#11999,#12000);
#10733=AXIS2_PLACEMENT_3D('',#16318,#12001,#12002);
#10734=AXIS2_PLACEMENT_3D('',#16327,#12007,#12008);
#10735=AXIS2_PLACEMENT_3D('',#16333,#12012,#12013);
#10736=AXIS2_PLACEMENT_3D('',#16339,#12017,#12018);
#10737=AXIS2_PLACEMENT_3D('',#16345,#12022,#12023);
#10738=AXIS2_PLACEMENT_3D('',#16351,#12027,#12028);
#10739=AXIS2_PLACEMENT_3D('',#16357,#12032,#12033);
#10740=AXIS2_PLACEMENT_3D('',#16360,#12036,#12037);
#10741=AXIS2_PLACEMENT_3D('',#16361,#12038,#12039);
#10742=AXIS2_PLACEMENT_3D('',#16776,#12058,#12059);
#10743=AXIS2_PLACEMENT_3D('',#16777,#12060,#12061);
#10744=AXIS2_PLACEMENT_3D('',#16778,#12062,#12063);
#10745=AXIS2_PLACEMENT_3D('',#16787,#12068,#12069);
#10746=AXIS2_PLACEMENT_3D('',#16793,#12073,#12074);
#10747=AXIS2_PLACEMENT_3D('',#16799,#12078,#12079);
#10748=AXIS2_PLACEMENT_3D('',#16805,#12083,#12084);
#10749=AXIS2_PLACEMENT_3D('',#16811,#12088,#12089);
#10750=AXIS2_PLACEMENT_3D('',#16814,#12092,#12093);
#10751=AXIS2_PLACEMENT_3D('',#16815,#12094,#12095);
#10752=AXIS2_PLACEMENT_3D('',#16816,#12096,#12097);
#10753=AXIS2_PLACEMENT_3D('',#17055,#12112,#12113);
#10754=AXIS2_PLACEMENT_3D('',#17265,#12125,#12126);
#10755=AXIS2_PLACEMENT_3D('',#17266,#12127,#12128);
#10756=AXIS2_PLACEMENT_3D('placement',#17267,#12129,#12130);
#10757=AXIS2_PLACEMENT_3D('placement',#17268,#12131,#12132);
#10758=AXIS2_PLACEMENT_3D('',#17269,#12133,#12134);
#10759=AXIS2_PLACEMENT_3D('',#17271,#12135,#12136);
#10760=AXIS2_PLACEMENT_3D('',#17274,#12138,#12139);
#10761=AXIS2_PLACEMENT_3D('',#17275,#12140,#12141);
#10762=AXIS2_PLACEMENT_3D('',#17276,#12142,#12143);
#10763=AXIS2_PLACEMENT_3D('',#17285,#12148,#12149);
#10764=AXIS2_PLACEMENT_3D('',#17291,#12153,#12154);
#10765=AXIS2_PLACEMENT_3D('',#17297,#12158,#12159);
#10766=AXIS2_PLACEMENT_3D('',#17300,#12162,#12163);
#10767=AXIS2_PLACEMENT_3D('',#17301,#12164,#12165);
#10768=AXIS2_PLACEMENT_3D('',#17310,#12170,#12171);
#10769=AXIS2_PLACEMENT_3D('',#17313,#12174,#12175);
#10770=AXIS2_PLACEMENT_3D('',#17315,#12177,#12178);
#10771=AXIS2_PLACEMENT_3D('',#17317,#12180,#12181);
#10772=AXIS2_PLACEMENT_3D('placement',#17318,#12182,#12183);
#10773=AXIS2_PLACEMENT_3D('',#17319,#12184,#12185);
#10774=AXIS2_PLACEMENT_3D('',#17322,#12186,#12187);
#10775=AXIS2_PLACEMENT_3D('',#17326,#12189,#12190);
#10776=AXIS2_PLACEMENT_3D('',#17328,#12192,#12193);
#10777=AXIS2_PLACEMENT_3D('',#17330,#12194,#12195);
#10778=AXIS2_PLACEMENT_3D('',#17332,#12196,#12197);
#10779=AXIS2_PLACEMENT_3D('',#17334,#12199,#12200);
#10780=AXIS2_PLACEMENT_3D('',#17340,#12204,#12205);
#10781=AXIS2_PLACEMENT_3D('',#17346,#12209,#12210);
#10782=AXIS2_PLACEMENT_3D('',#17352,#12214,#12215);
#10783=AXIS2_PLACEMENT_3D('',#17354,#12216,#12217);
#10784=AXIS2_PLACEMENT_3D('',#17356,#12218,#12219);
#10785=AXIS2_PLACEMENT_3D('',#17358,#12221,#12222);
#10786=AXIS2_PLACEMENT_3D('',#17360,#12223,#12224);
#10787=AXIS2_PLACEMENT_3D('',#17362,#12225,#12226);
#10788=AXIS2_PLACEMENT_3D('',#17364,#12228,#12229);
#10789=AXIS2_PLACEMENT_3D('',#17370,#12233,#12234);
#10790=AXIS2_PLACEMENT_3D('',#17376,#12238,#12239);
#10791=AXIS2_PLACEMENT_3D('',#17379,#12242,#12243);
#10792=AXIS2_PLACEMENT_3D('',#17380,#12244,#12245);
#10793=AXIS2_PLACEMENT_3D('',#17381,#12246,#12247);
#10794=AXIS2_PLACEMENT_3D('',#17384,#12248,#12249);
#10795=AXIS2_PLACEMENT_3D('',#17388,#12251,#12252);
#10796=AXIS2_PLACEMENT_3D('',#17390,#12254,#12255);
#10797=AXIS2_PLACEMENT_3D('',#17392,#12256,#12257);
#10798=AXIS2_PLACEMENT_3D('',#17394,#12258,#12259);
#10799=AXIS2_PLACEMENT_3D('',#17396,#12261,#12262);
#10800=AXIS2_PLACEMENT_3D('',#17402,#12266,#12267);
#10801=AXIS2_PLACEMENT_3D('',#17408,#12271,#12272);
#10802=AXIS2_PLACEMENT_3D('',#17414,#12276,#12277);
#10803=AXIS2_PLACEMENT_3D('',#17416,#12278,#12279);
#10804=AXIS2_PLACEMENT_3D('',#17418,#12280,#12281);
#10805=AXIS2_PLACEMENT_3D('',#17420,#12283,#12284);
#10806=AXIS2_PLACEMENT_3D('',#17422,#12285,#12286);
#10807=AXIS2_PLACEMENT_3D('',#17424,#12287,#12288);
#10808=AXIS2_PLACEMENT_3D('',#17426,#12290,#12291);
#10809=AXIS2_PLACEMENT_3D('',#17432,#12295,#12296);
#10810=AXIS2_PLACEMENT_3D('',#17438,#12300,#12301);
#10811=AXIS2_PLACEMENT_3D('',#17441,#12304,#12305);
#10812=AXIS2_PLACEMENT_3D('',#17442,#12306,#12307);
#10813=AXIS2_PLACEMENT_3D('',#17443,#12308,#12309);
#10814=AXIS2_PLACEMENT_3D('',#17446,#12310,#12311);
#10815=AXIS2_PLACEMENT_3D('',#17450,#12313,#12314);
#10816=AXIS2_PLACEMENT_3D('',#17452,#12316,#12317);
#10817=AXIS2_PLACEMENT_3D('',#17454,#12318,#12319);
#10818=AXIS2_PLACEMENT_3D('',#17456,#12320,#12321);
#10819=AXIS2_PLACEMENT_3D('',#17458,#12323,#12324);
#10820=AXIS2_PLACEMENT_3D('',#17464,#12328,#12329);
#10821=AXIS2_PLACEMENT_3D('',#17470,#12333,#12334);
#10822=AXIS2_PLACEMENT_3D('',#17476,#12338,#12339);
#10823=AXIS2_PLACEMENT_3D('',#17478,#12340,#12341);
#10824=AXIS2_PLACEMENT_3D('',#17480,#12342,#12343);
#10825=AXIS2_PLACEMENT_3D('',#17482,#12345,#12346);
#10826=AXIS2_PLACEMENT_3D('',#17484,#12347,#12348);
#10827=AXIS2_PLACEMENT_3D('',#17486,#12349,#12350);
#10828=AXIS2_PLACEMENT_3D('',#17488,#12352,#12353);
#10829=AXIS2_PLACEMENT_3D('',#17494,#12357,#12358);
#10830=AXIS2_PLACEMENT_3D('',#17500,#12362,#12363);
#10831=AXIS2_PLACEMENT_3D('',#17503,#12366,#12367);
#10832=AXIS2_PLACEMENT_3D('',#17504,#12368,#12369);
#10833=AXIS2_PLACEMENT_3D('',#17505,#12370,#12371);
#10834=AXIS2_PLACEMENT_3D('',#17508,#12372,#12373);
#10835=AXIS2_PLACEMENT_3D('',#17512,#12375,#12376);
#10836=AXIS2_PLACEMENT_3D('',#17514,#12378,#12379);
#10837=AXIS2_PLACEMENT_3D('',#17516,#12380,#12381);
#10838=AXIS2_PLACEMENT_3D('',#17518,#12382,#12383);
#10839=AXIS2_PLACEMENT_3D('',#17520,#12385,#12386);
#10840=AXIS2_PLACEMENT_3D('',#17526,#12390,#12391);
#10841=AXIS2_PLACEMENT_3D('',#17532,#12395,#12396);
#10842=AXIS2_PLACEMENT_3D('',#17538,#12400,#12401);
#10843=AXIS2_PLACEMENT_3D('',#17540,#12402,#12403);
#10844=AXIS2_PLACEMENT_3D('',#17542,#12404,#12405);
#10845=AXIS2_PLACEMENT_3D('',#17544,#12407,#12408);
#10846=AXIS2_PLACEMENT_3D('',#17546,#12409,#12410);
#10847=AXIS2_PLACEMENT_3D('',#17548,#12411,#12412);
#10848=AXIS2_PLACEMENT_3D('',#17550,#12414,#12415);
#10849=AXIS2_PLACEMENT_3D('',#17556,#12419,#12420);
#10850=AXIS2_PLACEMENT_3D('',#17562,#12424,#12425);
#10851=AXIS2_PLACEMENT_3D('',#17565,#12428,#12429);
#10852=AXIS2_PLACEMENT_3D('',#17566,#12430,#12431);
#10853=AXIS2_PLACEMENT_3D('',#17567,#12432,#12433);
#10854=AXIS2_PLACEMENT_3D('',#17570,#12434,#12435);
#10855=AXIS2_PLACEMENT_3D('',#17574,#12437,#12438);
#10856=AXIS2_PLACEMENT_3D('',#17576,#12440,#12441);
#10857=AXIS2_PLACEMENT_3D('',#17578,#12442,#12443);
#10858=AXIS2_PLACEMENT_3D('',#17580,#12444,#12445);
#10859=AXIS2_PLACEMENT_3D('',#17582,#12447,#12448);
#10860=AXIS2_PLACEMENT_3D('',#17588,#12452,#12453);
#10861=AXIS2_PLACEMENT_3D('',#17594,#12457,#12458);
#10862=AXIS2_PLACEMENT_3D('',#17600,#12462,#12463);
#10863=AXIS2_PLACEMENT_3D('',#17602,#12464,#12465);
#10864=AXIS2_PLACEMENT_3D('',#17604,#12466,#12467);
#10865=AXIS2_PLACEMENT_3D('',#17606,#12469,#12470);
#10866=AXIS2_PLACEMENT_3D('',#17608,#12471,#12472);
#10867=AXIS2_PLACEMENT_3D('',#17610,#12473,#12474);
#10868=AXIS2_PLACEMENT_3D('',#17612,#12476,#12477);
#10869=AXIS2_PLACEMENT_3D('',#17618,#12481,#12482);
#10870=AXIS2_PLACEMENT_3D('',#17624,#12486,#12487);
#10871=AXIS2_PLACEMENT_3D('',#17627,#12490,#12491);
#10872=AXIS2_PLACEMENT_3D('',#17628,#12492,#12493);
#10873=AXIS2_PLACEMENT_3D('',#17629,#12494,#12495);
#10874=AXIS2_PLACEMENT_3D('',#17632,#12496,#12497);
#10875=AXIS2_PLACEMENT_3D('',#17636,#12499,#12500);
#10876=AXIS2_PLACEMENT_3D('',#17638,#12502,#12503);
#10877=AXIS2_PLACEMENT_3D('',#17640,#12504,#12505);
#10878=AXIS2_PLACEMENT_3D('',#17642,#12506,#12507);
#10879=AXIS2_PLACEMENT_3D('',#17644,#12509,#12510);
#10880=AXIS2_PLACEMENT_3D('',#17650,#12514,#12515);
#10881=AXIS2_PLACEMENT_3D('',#17656,#12519,#12520);
#10882=AXIS2_PLACEMENT_3D('',#17662,#12524,#12525);
#10883=AXIS2_PLACEMENT_3D('',#17664,#12526,#12527);
#10884=AXIS2_PLACEMENT_3D('',#17666,#12528,#12529);
#10885=AXIS2_PLACEMENT_3D('',#17668,#12531,#12532);
#10886=AXIS2_PLACEMENT_3D('',#17670,#12533,#12534);
#10887=AXIS2_PLACEMENT_3D('',#17672,#12535,#12536);
#10888=AXIS2_PLACEMENT_3D('',#17674,#12538,#12539);
#10889=AXIS2_PLACEMENT_3D('',#17680,#12543,#12544);
#10890=AXIS2_PLACEMENT_3D('',#17686,#12548,#12549);
#10891=AXIS2_PLACEMENT_3D('',#17689,#12552,#12553);
#10892=AXIS2_PLACEMENT_3D('',#17690,#12554,#12555);
#10893=AXIS2_PLACEMENT_3D('',#17691,#12556,#12557);
#10894=AXIS2_PLACEMENT_3D('',#17694,#12558,#12559);
#10895=AXIS2_PLACEMENT_3D('',#17698,#12561,#12562);
#10896=AXIS2_PLACEMENT_3D('',#17700,#12564,#12565);
#10897=AXIS2_PLACEMENT_3D('',#17702,#12566,#12567);
#10898=AXIS2_PLACEMENT_3D('',#17704,#12568,#12569);
#10899=AXIS2_PLACEMENT_3D('',#17706,#12571,#12572);
#10900=AXIS2_PLACEMENT_3D('',#17712,#12576,#12577);
#10901=AXIS2_PLACEMENT_3D('',#17718,#12581,#12582);
#10902=AXIS2_PLACEMENT_3D('',#17724,#12586,#12587);
#10903=AXIS2_PLACEMENT_3D('',#17726,#12588,#12589);
#10904=AXIS2_PLACEMENT_3D('',#17728,#12590,#12591);
#10905=AXIS2_PLACEMENT_3D('',#17730,#12593,#12594);
#10906=AXIS2_PLACEMENT_3D('',#17732,#12595,#12596);
#10907=AXIS2_PLACEMENT_3D('',#17734,#12597,#12598);
#10908=AXIS2_PLACEMENT_3D('',#17736,#12600,#12601);
#10909=AXIS2_PLACEMENT_3D('',#17742,#12605,#12606);
#10910=AXIS2_PLACEMENT_3D('',#17748,#12610,#12611);
#10911=AXIS2_PLACEMENT_3D('',#17751,#12614,#12615);
#10912=AXIS2_PLACEMENT_3D('',#17752,#12616,#12617);
#10913=AXIS2_PLACEMENT_3D('',#17753,#12618,#12619);
#10914=AXIS2_PLACEMENT_3D('',#17756,#12620,#12621);
#10915=AXIS2_PLACEMENT_3D('',#17760,#12623,#12624);
#10916=AXIS2_PLACEMENT_3D('',#17762,#12626,#12627);
#10917=AXIS2_PLACEMENT_3D('',#17764,#12628,#12629);
#10918=AXIS2_PLACEMENT_3D('',#17766,#12630,#12631);
#10919=AXIS2_PLACEMENT_3D('',#17768,#12633,#12634);
#10920=AXIS2_PLACEMENT_3D('',#17774,#12638,#12639);
#10921=AXIS2_PLACEMENT_3D('',#17780,#12643,#12644);
#10922=AXIS2_PLACEMENT_3D('',#17786,#12648,#12649);
#10923=AXIS2_PLACEMENT_3D('',#17788,#12650,#12651);
#10924=AXIS2_PLACEMENT_3D('',#17790,#12652,#12653);
#10925=AXIS2_PLACEMENT_3D('',#17792,#12655,#12656);
#10926=AXIS2_PLACEMENT_3D('',#17794,#12657,#12658);
#10927=AXIS2_PLACEMENT_3D('',#17796,#12659,#12660);
#10928=AXIS2_PLACEMENT_3D('',#17798,#12662,#12663);
#10929=AXIS2_PLACEMENT_3D('',#17804,#12667,#12668);
#10930=AXIS2_PLACEMENT_3D('',#17810,#12672,#12673);
#10931=AXIS2_PLACEMENT_3D('',#17813,#12676,#12677);
#10932=AXIS2_PLACEMENT_3D('',#17814,#12678,#12679);
#10933=AXIS2_PLACEMENT_3D('',#17815,#12680,#12681);
#10934=AXIS2_PLACEMENT_3D('',#17818,#12682,#12683);
#10935=AXIS2_PLACEMENT_3D('',#17822,#12685,#12686);
#10936=AXIS2_PLACEMENT_3D('',#17824,#12688,#12689);
#10937=AXIS2_PLACEMENT_3D('',#17826,#12690,#12691);
#10938=AXIS2_PLACEMENT_3D('',#17828,#12692,#12693);
#10939=AXIS2_PLACEMENT_3D('',#17830,#12695,#12696);
#10940=AXIS2_PLACEMENT_3D('',#17836,#12700,#12701);
#10941=AXIS2_PLACEMENT_3D('',#17842,#12705,#12706);
#10942=AXIS2_PLACEMENT_3D('',#17848,#12710,#12711);
#10943=AXIS2_PLACEMENT_3D('',#17850,#12712,#12713);
#10944=AXIS2_PLACEMENT_3D('',#17852,#12714,#12715);
#10945=AXIS2_PLACEMENT_3D('',#17854,#12717,#12718);
#10946=AXIS2_PLACEMENT_3D('',#17856,#12719,#12720);
#10947=AXIS2_PLACEMENT_3D('',#17858,#12721,#12722);
#10948=AXIS2_PLACEMENT_3D('',#17860,#12724,#12725);
#10949=AXIS2_PLACEMENT_3D('',#17866,#12729,#12730);
#10950=AXIS2_PLACEMENT_3D('',#17872,#12734,#12735);
#10951=AXIS2_PLACEMENT_3D('',#17875,#12738,#12739);
#10952=AXIS2_PLACEMENT_3D('',#17876,#12740,#12741);
#10953=AXIS2_PLACEMENT_3D('',#17877,#12742,#12743);
#10954=AXIS2_PLACEMENT_3D('',#17880,#12744,#12745);
#10955=AXIS2_PLACEMENT_3D('',#17884,#12747,#12748);
#10956=AXIS2_PLACEMENT_3D('',#17886,#12750,#12751);
#10957=AXIS2_PLACEMENT_3D('',#17888,#12752,#12753);
#10958=AXIS2_PLACEMENT_3D('',#17890,#12754,#12755);
#10959=AXIS2_PLACEMENT_3D('',#17892,#12757,#12758);
#10960=AXIS2_PLACEMENT_3D('',#17898,#12762,#12763);
#10961=AXIS2_PLACEMENT_3D('',#17904,#12767,#12768);
#10962=AXIS2_PLACEMENT_3D('',#17910,#12772,#12773);
#10963=AXIS2_PLACEMENT_3D('',#17912,#12774,#12775);
#10964=AXIS2_PLACEMENT_3D('',#17914,#12776,#12777);
#10965=AXIS2_PLACEMENT_3D('',#17916,#12779,#12780);
#10966=AXIS2_PLACEMENT_3D('',#17918,#12781,#12782);
#10967=AXIS2_PLACEMENT_3D('',#17920,#12783,#12784);
#10968=AXIS2_PLACEMENT_3D('',#17922,#12786,#12787);
#10969=AXIS2_PLACEMENT_3D('',#17928,#12791,#12792);
#10970=AXIS2_PLACEMENT_3D('',#17934,#12796,#12797);
#10971=AXIS2_PLACEMENT_3D('',#17937,#12800,#12801);
#10972=AXIS2_PLACEMENT_3D('',#17938,#12802,#12803);
#10973=AXIS2_PLACEMENT_3D('placement',#17939,#12804,#12805);
#10974=AXIS2_PLACEMENT_3D('',#17940,#12806,#12807);
#10975=AXIS2_PLACEMENT_3D('',#17943,#12808,#12809);
#10976=AXIS2_PLACEMENT_3D('',#17947,#12811,#12812);
#10977=AXIS2_PLACEMENT_3D('',#17949,#12814,#12815);
#10978=AXIS2_PLACEMENT_3D('',#17951,#12816,#12817);
#10979=AXIS2_PLACEMENT_3D('',#17954,#12819,#12820);
#10980=AXIS2_PLACEMENT_3D('',#17955,#12821,#12822);
#10981=AXIS2_PLACEMENT_3D('',#17961,#12826,#12827);
#10982=AXIS2_PLACEMENT_3D('',#17967,#12831,#12832);
#10983=AXIS2_PLACEMENT_3D('',#17973,#12836,#12837);
#10984=AXIS2_PLACEMENT_3D('',#17975,#12838,#12839);
#10985=AXIS2_PLACEMENT_3D('',#17978,#12841,#12842);
#10986=AXIS2_PLACEMENT_3D('',#17979,#12843,#12844);
#10987=AXIS2_PLACEMENT_3D('',#17981,#12845,#12846);
#10988=AXIS2_PLACEMENT_3D('',#17984,#12848,#12849);
#10989=AXIS2_PLACEMENT_3D('',#17985,#12850,#12851);
#10990=AXIS2_PLACEMENT_3D('',#17991,#12855,#12856);
#10991=AXIS2_PLACEMENT_3D('',#17997,#12860,#12861);
#10992=AXIS2_PLACEMENT_3D('',#18000,#12864,#12865);
#10993=AXIS2_PLACEMENT_3D('',#18001,#12866,#12867);
#10994=AXIS2_PLACEMENT_3D('',#18002,#12868,#12869);
#10995=AXIS2_PLACEMENT_3D('',#18005,#12870,#12871);
#10996=AXIS2_PLACEMENT_3D('',#18009,#12873,#12874);
#10997=AXIS2_PLACEMENT_3D('',#18011,#12876,#12877);
#10998=AXIS2_PLACEMENT_3D('',#18013,#12878,#12879);
#10999=AXIS2_PLACEMENT_3D('',#18016,#12881,#12882);
#11000=AXIS2_PLACEMENT_3D('',#18017,#12883,#12884);
#11001=AXIS2_PLACEMENT_3D('',#18023,#12888,#12889);
#11002=AXIS2_PLACEMENT_3D('',#18029,#12893,#12894);
#11003=AXIS2_PLACEMENT_3D('',#18035,#12898,#12899);
#11004=AXIS2_PLACEMENT_3D('',#18037,#12900,#12901);
#11005=AXIS2_PLACEMENT_3D('',#18040,#12903,#12904);
#11006=AXIS2_PLACEMENT_3D('',#18041,#12905,#12906);
#11007=AXIS2_PLACEMENT_3D('',#18043,#12907,#12908);
#11008=AXIS2_PLACEMENT_3D('',#18046,#12910,#12911);
#11009=AXIS2_PLACEMENT_3D('',#18047,#12912,#12913);
#11010=AXIS2_PLACEMENT_3D('',#18053,#12917,#12918);
#11011=AXIS2_PLACEMENT_3D('',#18059,#12922,#12923);
#11012=AXIS2_PLACEMENT_3D('',#18062,#12926,#12927);
#11013=AXIS2_PLACEMENT_3D('',#18063,#12928,#12929);
#11014=AXIS2_PLACEMENT_3D('',#18064,#12930,#12931);
#11015=AXIS2_PLACEMENT_3D('',#18067,#12932,#12933);
#11016=AXIS2_PLACEMENT_3D('',#18071,#12935,#12936);
#11017=AXIS2_PLACEMENT_3D('',#18073,#12938,#12939);
#11018=AXIS2_PLACEMENT_3D('',#18075,#12940,#12941);
#11019=AXIS2_PLACEMENT_3D('',#18078,#12943,#12944);
#11020=AXIS2_PLACEMENT_3D('',#18079,#12945,#12946);
#11021=AXIS2_PLACEMENT_3D('',#18085,#12950,#12951);
#11022=AXIS2_PLACEMENT_3D('',#18091,#12955,#12956);
#11023=AXIS2_PLACEMENT_3D('',#18097,#12960,#12961);
#11024=AXIS2_PLACEMENT_3D('',#18099,#12962,#12963);
#11025=AXIS2_PLACEMENT_3D('',#18102,#12965,#12966);
#11026=AXIS2_PLACEMENT_3D('',#18103,#12967,#12968);
#11027=AXIS2_PLACEMENT_3D('',#18105,#12969,#12970);
#11028=AXIS2_PLACEMENT_3D('',#18108,#12972,#12973);
#11029=AXIS2_PLACEMENT_3D('',#18109,#12974,#12975);
#11030=AXIS2_PLACEMENT_3D('',#18115,#12979,#12980);
#11031=AXIS2_PLACEMENT_3D('',#18121,#12984,#12985);
#11032=AXIS2_PLACEMENT_3D('',#18124,#12988,#12989);
#11033=AXIS2_PLACEMENT_3D('',#18125,#12990,#12991);
#11034=AXIS2_PLACEMENT_3D('',#18126,#12992,#12993);
#11035=AXIS2_PLACEMENT_3D('',#18129,#12994,#12995);
#11036=AXIS2_PLACEMENT_3D('',#18133,#12997,#12998);
#11037=AXIS2_PLACEMENT_3D('',#18135,#13000,#13001);
#11038=AXIS2_PLACEMENT_3D('',#18137,#13002,#13003);
#11039=AXIS2_PLACEMENT_3D('',#18140,#13005,#13006);
#11040=AXIS2_PLACEMENT_3D('',#18141,#13007,#13008);
#11041=AXIS2_PLACEMENT_3D('',#18147,#13012,#13013);
#11042=AXIS2_PLACEMENT_3D('',#18153,#13017,#13018);
#11043=AXIS2_PLACEMENT_3D('',#18159,#13022,#13023);
#11044=AXIS2_PLACEMENT_3D('',#18161,#13024,#13025);
#11045=AXIS2_PLACEMENT_3D('',#18164,#13027,#13028);
#11046=AXIS2_PLACEMENT_3D('',#18165,#13029,#13030);
#11047=AXIS2_PLACEMENT_3D('',#18167,#13031,#13032);
#11048=AXIS2_PLACEMENT_3D('',#18170,#13034,#13035);
#11049=AXIS2_PLACEMENT_3D('',#18171,#13036,#13037);
#11050=AXIS2_PLACEMENT_3D('',#18177,#13041,#13042);
#11051=AXIS2_PLACEMENT_3D('',#18183,#13046,#13047);
#11052=AXIS2_PLACEMENT_3D('',#18186,#13050,#13051);
#11053=AXIS2_PLACEMENT_3D('',#18187,#13052,#13053);
#11054=AXIS2_PLACEMENT_3D('',#18188,#13054,#13055);
#11055=AXIS2_PLACEMENT_3D('',#18191,#13056,#13057);
#11056=AXIS2_PLACEMENT_3D('',#18195,#13059,#13060);
#11057=AXIS2_PLACEMENT_3D('',#18197,#13062,#13063);
#11058=AXIS2_PLACEMENT_3D('',#18199,#13064,#13065);
#11059=AXIS2_PLACEMENT_3D('',#18202,#13067,#13068);
#11060=AXIS2_PLACEMENT_3D('',#18203,#13069,#13070);
#11061=AXIS2_PLACEMENT_3D('',#18209,#13074,#13075);
#11062=AXIS2_PLACEMENT_3D('',#18215,#13079,#13080);
#11063=AXIS2_PLACEMENT_3D('',#18221,#13084,#13085);
#11064=AXIS2_PLACEMENT_3D('',#18223,#13086,#13087);
#11065=AXIS2_PLACEMENT_3D('',#18226,#13089,#13090);
#11066=AXIS2_PLACEMENT_3D('',#18227,#13091,#13092);
#11067=AXIS2_PLACEMENT_3D('',#18229,#13093,#13094);
#11068=AXIS2_PLACEMENT_3D('',#18232,#13096,#13097);
#11069=AXIS2_PLACEMENT_3D('',#18233,#13098,#13099);
#11070=AXIS2_PLACEMENT_3D('',#18239,#13103,#13104);
#11071=AXIS2_PLACEMENT_3D('',#18245,#13108,#13109);
#11072=AXIS2_PLACEMENT_3D('',#18248,#13112,#13113);
#11073=AXIS2_PLACEMENT_3D('',#18249,#13114,#13115);
#11074=AXIS2_PLACEMENT_3D('',#18250,#13116,#13117);
#11075=AXIS2_PLACEMENT_3D('',#18253,#13118,#13119);
#11076=AXIS2_PLACEMENT_3D('',#18257,#13121,#13122);
#11077=AXIS2_PLACEMENT_3D('',#18259,#13124,#13125);
#11078=AXIS2_PLACEMENT_3D('',#18261,#13126,#13127);
#11079=AXIS2_PLACEMENT_3D('',#18264,#13129,#13130);
#11080=AXIS2_PLACEMENT_3D('',#18265,#13131,#13132);
#11081=AXIS2_PLACEMENT_3D('',#18271,#13136,#13137);
#11082=AXIS2_PLACEMENT_3D('',#18277,#13141,#13142);
#11083=AXIS2_PLACEMENT_3D('',#18283,#13146,#13147);
#11084=AXIS2_PLACEMENT_3D('',#18285,#13148,#13149);
#11085=AXIS2_PLACEMENT_3D('',#18288,#13151,#13152);
#11086=AXIS2_PLACEMENT_3D('',#18289,#13153,#13154);
#11087=AXIS2_PLACEMENT_3D('',#18291,#13155,#13156);
#11088=AXIS2_PLACEMENT_3D('',#18294,#13158,#13159);
#11089=AXIS2_PLACEMENT_3D('',#18295,#13160,#13161);
#11090=AXIS2_PLACEMENT_3D('',#18301,#13165,#13166);
#11091=AXIS2_PLACEMENT_3D('',#18307,#13170,#13171);
#11092=AXIS2_PLACEMENT_3D('',#18310,#13174,#13175);
#11093=AXIS2_PLACEMENT_3D('',#18311,#13176,#13177);
#11094=AXIS2_PLACEMENT_3D('',#18312,#13178,#13179);
#11095=AXIS2_PLACEMENT_3D('',#18315,#13180,#13181);
#11096=AXIS2_PLACEMENT_3D('',#18319,#13183,#13184);
#11097=AXIS2_PLACEMENT_3D('',#18321,#13186,#13187);
#11098=AXIS2_PLACEMENT_3D('',#18323,#13188,#13189);
#11099=AXIS2_PLACEMENT_3D('',#18326,#13191,#13192);
#11100=AXIS2_PLACEMENT_3D('',#18327,#13193,#13194);
#11101=AXIS2_PLACEMENT_3D('',#18333,#13198,#13199);
#11102=AXIS2_PLACEMENT_3D('',#18339,#13203,#13204);
#11103=AXIS2_PLACEMENT_3D('',#18345,#13208,#13209);
#11104=AXIS2_PLACEMENT_3D('',#18347,#13210,#13211);
#11105=AXIS2_PLACEMENT_3D('',#18350,#13213,#13214);
#11106=AXIS2_PLACEMENT_3D('',#18351,#13215,#13216);
#11107=AXIS2_PLACEMENT_3D('',#18353,#13217,#13218);
#11108=AXIS2_PLACEMENT_3D('',#18356,#13220,#13221);
#11109=AXIS2_PLACEMENT_3D('',#18357,#13222,#13223);
#11110=AXIS2_PLACEMENT_3D('',#18363,#13227,#13228);
#11111=AXIS2_PLACEMENT_3D('',#18369,#13232,#13233);
#11112=AXIS2_PLACEMENT_3D('',#18372,#13236,#13237);
#11113=AXIS2_PLACEMENT_3D('',#18373,#13238,#13239);
#11114=AXIS2_PLACEMENT_3D('',#18374,#13240,#13241);
#11115=AXIS2_PLACEMENT_3D('',#18377,#13242,#13243);
#11116=AXIS2_PLACEMENT_3D('',#18381,#13245,#13246);
#11117=AXIS2_PLACEMENT_3D('',#18383,#13248,#13249);
#11118=AXIS2_PLACEMENT_3D('',#18385,#13250,#13251);
#11119=AXIS2_PLACEMENT_3D('',#18388,#13253,#13254);
#11120=AXIS2_PLACEMENT_3D('',#18389,#13255,#13256);
#11121=AXIS2_PLACEMENT_3D('',#18395,#13260,#13261);
#11122=AXIS2_PLACEMENT_3D('',#18401,#13265,#13266);
#11123=AXIS2_PLACEMENT_3D('',#18407,#13270,#13271);
#11124=AXIS2_PLACEMENT_3D('',#18409,#13272,#13273);
#11125=AXIS2_PLACEMENT_3D('',#18412,#13275,#13276);
#11126=AXIS2_PLACEMENT_3D('',#18413,#13277,#13278);
#11127=AXIS2_PLACEMENT_3D('',#18415,#13279,#13280);
#11128=AXIS2_PLACEMENT_3D('',#18418,#13282,#13283);
#11129=AXIS2_PLACEMENT_3D('',#18419,#13284,#13285);
#11130=AXIS2_PLACEMENT_3D('',#18425,#13289,#13290);
#11131=AXIS2_PLACEMENT_3D('',#18431,#13294,#13295);
#11132=AXIS2_PLACEMENT_3D('',#18434,#13298,#13299);
#11133=AXIS2_PLACEMENT_3D('',#18435,#13300,#13301);
#11134=AXIS2_PLACEMENT_3D('',#18436,#13302,#13303);
#11135=AXIS2_PLACEMENT_3D('',#18439,#13304,#13305);
#11136=AXIS2_PLACEMENT_3D('',#18443,#13307,#13308);
#11137=AXIS2_PLACEMENT_3D('',#18445,#13310,#13311);
#11138=AXIS2_PLACEMENT_3D('',#18447,#13312,#13313);
#11139=AXIS2_PLACEMENT_3D('',#18450,#13315,#13316);
#11140=AXIS2_PLACEMENT_3D('',#18451,#13317,#13318);
#11141=AXIS2_PLACEMENT_3D('',#18457,#13322,#13323);
#11142=AXIS2_PLACEMENT_3D('',#18463,#13327,#13328);
#11143=AXIS2_PLACEMENT_3D('',#18469,#13332,#13333);
#11144=AXIS2_PLACEMENT_3D('',#18471,#13334,#13335);
#11145=AXIS2_PLACEMENT_3D('',#18474,#13337,#13338);
#11146=AXIS2_PLACEMENT_3D('',#18475,#13339,#13340);
#11147=AXIS2_PLACEMENT_3D('',#18477,#13341,#13342);
#11148=AXIS2_PLACEMENT_3D('',#18480,#13344,#13345);
#11149=AXIS2_PLACEMENT_3D('',#18481,#13346,#13347);
#11150=AXIS2_PLACEMENT_3D('',#18487,#13351,#13352);
#11151=AXIS2_PLACEMENT_3D('',#18493,#13356,#13357);
#11152=AXIS2_PLACEMENT_3D('',#18496,#13360,#13361);
#11153=AXIS2_PLACEMENT_3D('',#18497,#13362,#13363);
#11154=AXIS2_PLACEMENT_3D('',#18498,#13364,#13365);
#11155=AXIS2_PLACEMENT_3D('',#18501,#13366,#13367);
#11156=AXIS2_PLACEMENT_3D('',#18505,#13369,#13370);
#11157=AXIS2_PLACEMENT_3D('',#18507,#13372,#13373);
#11158=AXIS2_PLACEMENT_3D('',#18509,#13374,#13375);
#11159=AXIS2_PLACEMENT_3D('',#18512,#13377,#13378);
#11160=AXIS2_PLACEMENT_3D('',#18513,#13379,#13380);
#11161=AXIS2_PLACEMENT_3D('',#18519,#13384,#13385);
#11162=AXIS2_PLACEMENT_3D('',#18525,#13389,#13390);
#11163=AXIS2_PLACEMENT_3D('',#18531,#13394,#13395);
#11164=AXIS2_PLACEMENT_3D('',#18533,#13396,#13397);
#11165=AXIS2_PLACEMENT_3D('',#18536,#13399,#13400);
#11166=AXIS2_PLACEMENT_3D('',#18537,#13401,#13402);
#11167=AXIS2_PLACEMENT_3D('',#18539,#13403,#13404);
#11168=AXIS2_PLACEMENT_3D('',#18542,#13406,#13407);
#11169=AXIS2_PLACEMENT_3D('',#18543,#13408,#13409);
#11170=AXIS2_PLACEMENT_3D('',#18549,#13413,#13414);
#11171=AXIS2_PLACEMENT_3D('',#18555,#13418,#13419);
#11172=AXIS2_PLACEMENT_3D('',#18558,#13422,#13423);
#11173=AXIS2_PLACEMENT_3D('',#18559,#13424,#13425);
#11174=AXIS2_PLACEMENT_3D('',#18560,#13426,#13427);
#11175=AXIS2_PLACEMENT_3D('',#18561,#13428,#13429);
#11176=AXIS2_PLACEMENT_3D('',#18562,#13430,#13431);
#11177=AXIS2_PLACEMENT_3D('placement',#18563,#13432,#13433);
#11178=AXIS2_PLACEMENT_3D('placement',#18564,#13434,#13435);
#11179=AXIS2_PLACEMENT_3D('placement',#18565,#13436,#13437);
#11180=AXIS2_PLACEMENT_3D('placement',#18566,#13438,#13439);
#11181=AXIS2_PLACEMENT_3D('placement',#18567,#13440,#13441);
#11182=AXIS2_PLACEMENT_3D('placement',#18568,#13442,#13443);
#11183=AXIS2_PLACEMENT_3D('',#18569,#13444,#13445);
#11184=AXIS2_PLACEMENT_3D('',#18572,#13446,#13447);
#11185=AXIS2_PLACEMENT_3D('',#18576,#13449,#13450);
#11186=AXIS2_PLACEMENT_3D('',#18578,#13452,#13453);
#11187=AXIS2_PLACEMENT_3D('',#18584,#13457,#13458);
#11188=AXIS2_PLACEMENT_3D('',#18586,#13459,#13460);
#11189=AXIS2_PLACEMENT_3D('',#18588,#13461,#13462);
#11190=AXIS2_PLACEMENT_3D('',#18590,#13464,#13465);
#11191=AXIS2_PLACEMENT_3D('',#18596,#13469,#13470);
#11192=AXIS2_PLACEMENT_3D('',#18602,#13474,#13475);
#11193=AXIS2_PLACEMENT_3D('',#18604,#13476,#13477);
#11194=AXIS2_PLACEMENT_3D('',#18606,#13478,#13479);
#11195=AXIS2_PLACEMENT_3D('',#18608,#13481,#13482);
#11196=AXIS2_PLACEMENT_3D('',#18614,#13486,#13487);
#11197=AXIS2_PLACEMENT_3D('',#18615,#13488,#13489);
#11198=AXIS2_PLACEMENT_3D('',#18616,#13490,#13491);
#11199=AXIS2_PLACEMENT_3D('',#18617,#13492,#13493);
#11200=AXIS2_PLACEMENT_3D('',#18626,#13498,#13499);
#11201=AXIS2_PLACEMENT_3D('',#18632,#13503,#13504);
#11202=AXIS2_PLACEMENT_3D('',#18638,#13508,#13509);
#11203=AXIS2_PLACEMENT_3D('',#18644,#13513,#13514);
#11204=AXIS2_PLACEMENT_3D('',#18650,#13518,#13519);
#11205=AXIS2_PLACEMENT_3D('',#18656,#13523,#13524);
#11206=AXIS2_PLACEMENT_3D('',#18662,#13528,#13529);
#11207=AXIS2_PLACEMENT_3D('',#18665,#13532,#13533);
#11208=AXIS2_PLACEMENT_3D('',#18666,#13534,#13535);
#11209=AXIS2_PLACEMENT_3D('placement',#18667,#13536,#13537);
#11210=AXIS2_PLACEMENT_3D('',#18668,#13538,#13539);
#11211=AXIS2_PLACEMENT_3D('',#18677,#13544,#13545);
#11212=AXIS2_PLACEMENT_3D('',#18685,#13550,#13551);
#11213=AXIS2_PLACEMENT_3D('',#18693,#13556,#13557);
#11214=AXIS2_PLACEMENT_3D('',#18694,#13558,#13559);
#11215=AXIS2_PLACEMENT_3D('',#18695,#13560,#13561);
#11216=AXIS2_PLACEMENT_3D('',#18702,#13566,#13567);
#11217=AXIS2_PLACEMENT_3D('',#18703,#13568,#13569);
#11218=AXIS2_PLACEMENT_3D('',#18704,#13570,#13571);
#11219=AXIS2_PLACEMENT_3D('',#18705,#13572,#13573);
#11220=AXIS2_PLACEMENT_3D('',#18706,#13574,#13575);
#11221=AXIS2_PLACEMENT_3D('',#18707,#13576,#13577);
#11222=AXIS2_PLACEMENT_3D('',#18708,#13578,#13579);
#11223=AXIS2_PLACEMENT_3D('',#18712,#13581,#13582);
#11224=AXIS2_PLACEMENT_3D('',#18714,#13584,#13585);
#11225=AXIS2_PLACEMENT_3D('',#18718,#13587,#13588);
#11226=AXIS2_PLACEMENT_3D('',#18725,#13592,#13593);
#11227=AXIS2_PLACEMENT_3D('',#18726,#13594,#13595);
#11228=AXIS2_PLACEMENT_3D('',#18729,#13597,#13598);
#11229=AXIS2_PLACEMENT_3D('',#18730,#13599,#13600);
#11230=AXIS2_PLACEMENT_3D('',#18734,#13603,#13604);
#11231=AXIS2_PLACEMENT_3D('',#18735,#13605,#13606);
#11232=AXIS2_PLACEMENT_3D('',#18739,#13608,#13609);
#11233=AXIS2_PLACEMENT_3D('',#18741,#13611,#13612);
#11234=AXIS2_PLACEMENT_3D('',#18744,#13614,#13615);
#11235=AXIS2_PLACEMENT_3D('',#18745,#13616,#13617);
#11236=AXIS2_PLACEMENT_3D('',#18747,#13619,#13620);
#11237=AXIS2_PLACEMENT_3D('',#18756,#13625,#13626);
#11238=AXIS2_PLACEMENT_3D('',#18764,#13631,#13632);
#11239=AXIS2_PLACEMENT_3D('',#18765,#13633,#13634);
#11240=AXIS2_PLACEMENT_3D('',#18766,#13635,#13636);
#11241=AXIS2_PLACEMENT_3D('',#18774,#13641,#13642);
#11242=AXIS2_PLACEMENT_3D('',#18775,#13643,#13644);
#11243=AXIS2_PLACEMENT_3D('',#18776,#13645,#13646);
#11244=AXIS2_PLACEMENT_3D('',#18780,#13650,#13651);
#11245=AXIS2_PLACEMENT_3D('',#18781,#13652,#13653);
#11246=AXIS2_PLACEMENT_3D('',#18782,#13654,#13655);
#11247=AXIS2_PLACEMENT_3D('',#18783,#13656,#13657);
#11248=AXIS2_PLACEMENT_3D('',#18784,#13658,#13659);
#11249=AXIS2_PLACEMENT_3D('',#18788,#13661,#13662);
#11250=AXIS2_PLACEMENT_3D('',#18790,#13664,#13665);
#11251=AXIS2_PLACEMENT_3D('',#18794,#13668,#13669);
#11252=AXIS2_PLACEMENT_3D('',#18795,#13670,#13671);
#11253=AXIS2_PLACEMENT_3D('',#18796,#13672,#13673);
#11254=AXIS2_PLACEMENT_3D('',#18797,#13674,#13675);
#11255=AXIS2_PLACEMENT_3D('',#18801,#13677,#13678);
#11256=AXIS2_PLACEMENT_3D('',#18803,#13680,#13681);
#11257=AXIS2_PLACEMENT_3D('',#18807,#13684,#13685);
#11258=AXIS2_PLACEMENT_3D('',#18808,#13686,#13687);
#11259=AXIS2_PLACEMENT_3D('',#18809,#13688,#13689);
#11260=AXIS2_PLACEMENT_3D('',#18810,#13690,#13691);
#11261=AXIS2_PLACEMENT_3D('',#18811,#13692,#13693);
#11262=AXIS2_PLACEMENT_3D('',#18812,#13694,#13695);
#11263=AXIS2_PLACEMENT_3D('',#18813,#13696,#13697);
#11264=AXIS2_PLACEMENT_3D('',#18814,#13698,#13699);
#11265=AXIS2_PLACEMENT_3D('',#18815,#13700,#13701);
#11266=AXIS2_PLACEMENT_3D('',#18816,#13702,#13703);
#11267=AXIS2_PLACEMENT_3D('',#18817,#13704,#13705);
#11268=AXIS2_PLACEMENT_3D('',#18818,#13706,#13707);
#11269=AXIS2_PLACEMENT_3D('',#18819,#13708,#13709);
#11270=AXIS2_PLACEMENT_3D('',#18820,#13710,#13711);
#11271=AXIS2_PLACEMENT_3D('',#18821,#13712,#13713);
#11272=AXIS2_PLACEMENT_3D('',#18822,#13714,#13715);
#11273=AXIS2_PLACEMENT_3D('',#18823,#13716,#13717);
#11274=AXIS2_PLACEMENT_3D('',#18824,#13718,#13719);
#11275=AXIS2_PLACEMENT_3D('',#18825,#13720,#13721);
#11276=AXIS2_PLACEMENT_3D('',#18826,#13722,#13723);
#11277=AXIS2_PLACEMENT_3D('',#18827,#13724,#13725);
#11278=AXIS2_PLACEMENT_3D('',#18828,#13726,#13727);
#11279=AXIS2_PLACEMENT_3D('',#18829,#13728,#13729);
#11280=AXIS2_PLACEMENT_3D('',#18830,#13730,#13731);
#11281=AXIS2_PLACEMENT_3D('',#18831,#13732,#13733);
#11282=AXIS2_PLACEMENT_3D('',#18832,#13734,#13735);
#11283=AXIS2_PLACEMENT_3D('',#18833,#13736,#13737);
#11284=AXIS2_PLACEMENT_3D('',#18834,#13738,#13739);
#11285=AXIS2_PLACEMENT_3D('',#18835,#13740,#13741);
#11286=AXIS2_PLACEMENT_3D('',#18836,#13742,#13743);
#11287=AXIS2_PLACEMENT_3D('',#18837,#13744,#13745);
#11288=AXIS2_PLACEMENT_3D('',#18838,#13746,#13747);
#11289=AXIS2_PLACEMENT_3D('',#18839,#13748,#13749);
#11290=DIRECTION('axis',(0.,0.,1.));
#11291=DIRECTION('refdir',(1.,0.,0.));
#11292=DIRECTION('axis',(0.,0.,1.));
#11293=DIRECTION('refdir',(1.,0.,0.));
#11294=DIRECTION('axis',(0.,0.,1.));
#11295=DIRECTION('refdir',(1.,0.,0.));
#11296=DIRECTION('center_axis',(0.,1.,0.));
#11297=DIRECTION('ref_axis',(-1.,0.,0.));
#11298=DIRECTION('',(-1.,0.,0.));
#11299=DIRECTION('',(0.,0.,1.));
#11300=DIRECTION('',(-1.,0.,0.));
#11301=DIRECTION('',(0.,0.,1.));
#11302=DIRECTION('center_axis',(1.,0.,0.));
#11303=DIRECTION('ref_axis',(0.,1.,0.));
#11304=DIRECTION('',(0.,1.,0.));
#11305=DIRECTION('',(0.,1.,0.));
#11306=DIRECTION('',(0.,0.,1.));
#11307=DIRECTION('center_axis',(0.,-1.,0.));
#11308=DIRECTION('ref_axis',(1.,0.,0.));
#11309=DIRECTION('',(1.,0.,0.));
#11310=DIRECTION('',(1.,0.,0.));
#11311=DIRECTION('',(0.,0.,1.));
#11312=DIRECTION('center_axis',(-1.,0.,0.));
#11313=DIRECTION('ref_axis',(0.,-1.,0.));
#11314=DIRECTION('',(0.,-1.,0.));
#11315=DIRECTION('',(0.,-1.,0.));
#11316=DIRECTION('center_axis',(0.,0.,1.));
#11317=DIRECTION('ref_axis',(1.,0.,0.));
#11318=DIRECTION('center_axis',(0.,0.,1.));
#11319=DIRECTION('ref_axis',(1.,0.,0.));
#11320=DIRECTION('axis',(0.,0.,1.));
#11321=DIRECTION('refdir',(1.,0.,0.));
#11322=DIRECTION('axis',(0.,0.,1.));
#11323=DIRECTION('refdir',(1.,0.,0.));
#11324=DIRECTION('center_axis',(-0.996818662950497,0.0797029058038867,0.));
#11325=DIRECTION('ref_axis',(-0.0797029058038867,-0.996818662950497,0.));
#11326=DIRECTION('',(0.0797029058038867,0.996818662950497,0.));
#11327=DIRECTION('',(0.,0.,1.));
#11328=DIRECTION('',(-0.0797029058038867,-0.996818662950497,0.));
#11329=DIRECTION('',(0.,0.,1.));
#11330=DIRECTION('center_axis',(-0.595726084459611,0.80318766941134,0.));
#11331=DIRECTION('ref_axis',(-0.80318766941134,-0.595726084459611,0.));
#11332=DIRECTION('',(0.80318766941134,0.595726084459611,0.));
#11333=DIRECTION('',(-0.80318766941134,-0.595726084459611,0.));
#11334=DIRECTION('',(0.,0.,1.));
#11335=DIRECTION('center_axis',(0.996818662950497,-0.0797029058038868,0.));
#11336=DIRECTION('ref_axis',(0.0797029058038868,0.996818662950497,0.));
#11337=DIRECTION('',(0.0797029058038867,0.996818662950497,0.));
#11338=DIRECTION('',(0.0797029058038867,0.996818662950497,0.));
#11339=DIRECTION('',(0.,0.,1.));
#11340=DIRECTION('center_axis',(-0.64387068342747,-0.765134330051033,0.));
#11341=DIRECTION('ref_axis',(0.765134330051033,-0.64387068342747,0.));
#11342=DIRECTION('',(0.765134330051033,-0.64387068342747,0.));
#11343=DIRECTION('',(0.765134330051033,-0.64387068342747,0.));
#11344=DIRECTION('center_axis',(0.,0.,1.));
#11345=DIRECTION('ref_axis',(1.,0.,0.));
#11346=DIRECTION('center_axis',(0.,0.,1.));
#11347=DIRECTION('ref_axis',(1.,0.,0.));
#11348=DIRECTION('center_axis',(0.,-1.,0.));
#11349=DIRECTION('ref_axis',(1.,0.,0.));
#11350=DIRECTION('',(1.,0.,0.));
#11351=DIRECTION('',(0.,0.,1.));
#11352=DIRECTION('',(1.,0.,0.));
#11353=DIRECTION('',(0.,0.,1.));
#11354=DIRECTION('center_axis',(-0.628519962589786,-0.77779345370486,0.));
#11355=DIRECTION('ref_axis',(0.77779345370486,-0.628519962589786,0.));
#11356=DIRECTION('',(-0.77779345370486,0.628519962589786,0.));
#11357=DIRECTION('',(0.77779345370486,-0.628519962589786,0.));
#11358=DIRECTION('',(0.,0.,1.));
#11359=DIRECTION('center_axis',(-1.,0.,0.));
#11360=DIRECTION('ref_axis',(0.,-1.,0.));
#11361=DIRECTION('',(0.,-1.,0.));
#11362=DIRECTION('',(0.,-1.,0.));
#11363=DIRECTION('',(0.,0.,1.));
#11364=DIRECTION('center_axis',(0.,1.,0.));
#11365=DIRECTION('ref_axis',(-1.,0.,0.));
#11366=DIRECTION('',(1.,0.,0.));
#11367=DIRECTION('',(-1.,0.,0.));
#11368=DIRECTION('',(0.,0.,1.));
#11369=DIRECTION('center_axis',(1.,0.,0.));
#11370=DIRECTION('ref_axis',(0.,1.,0.));
#11371=DIRECTION('',(0.,-1.,0.));
#11372=DIRECTION('',(0.,1.,0.));
#11373=DIRECTION('',(0.,0.,1.));
#11374=DIRECTION('center_axis',(0.591684255025051,-0.806169797471631,0.));
#11375=DIRECTION('ref_axis',(0.806169797471631,0.591684255025051,0.));
#11376=DIRECTION('',(0.806169797471631,0.591684255025051,0.));
#11377=DIRECTION('',(0.806169797471631,0.591684255025051,0.));
#11378=DIRECTION('center_axis',(0.,0.,1.));
#11379=DIRECTION('ref_axis',(1.,0.,0.));
#11380=DIRECTION('center_axis',(0.,0.,1.));
#11381=DIRECTION('ref_axis',(1.,0.,0.));
#11382=DIRECTION('center_axis',(0.,1.,0.));
#11383=DIRECTION('ref_axis',(-1.,0.,0.));
#11384=DIRECTION('',(1.,0.,0.));
#11385=DIRECTION('',(0.,0.,1.));
#11386=DIRECTION('',(-1.,0.,0.));
#11387=DIRECTION('',(0.,0.,1.));
#11388=DIRECTION('center_axis',(0.628519962589786,0.77779345370486,0.));
#11389=DIRECTION('ref_axis',(-0.77779345370486,0.628519962589786,0.));
#11390=DIRECTION('',(-0.77779345370486,0.628519962589786,0.));
#11391=DIRECTION('',(-0.77779345370486,0.628519962589786,0.));
#11392=DIRECTION('',(0.,0.,1.));
#11393=DIRECTION('center_axis',(0.595726084459611,-0.80318766941134,0.));
#11394=DIRECTION('ref_axis',(0.80318766941134,0.595726084459611,0.));
#11395=DIRECTION('',(0.80318766941134,0.595726084459611,0.));
#11396=DIRECTION('',(0.80318766941134,0.595726084459611,0.));
#11397=DIRECTION('',(0.,0.,1.));
#11398=DIRECTION('center_axis',(0.,-1.,0.));
#11399=DIRECTION('ref_axis',(1.,0.,0.));
#11400=DIRECTION('',(1.,0.,0.));
#11401=DIRECTION('',(1.,0.,0.));
#11402=DIRECTION('',(0.,0.,1.));
#11403=DIRECTION('center_axis',(-0.64387068342747,-0.765134330051033,0.));
#11404=DIRECTION('ref_axis',(0.765134330051033,-0.64387068342747,0.));
#11405=DIRECTION('',(0.765134330051033,-0.64387068342747,0.));
#11406=DIRECTION('',(0.765134330051033,-0.64387068342747,0.));
#11407=DIRECTION('',(0.,0.,1.));
#11408=DIRECTION('center_axis',(-0.591684255025051,0.806169797471631,0.));
#11409=DIRECTION('ref_axis',(-0.806169797471631,-0.591684255025051,0.));
#11410=DIRECTION('',(0.806169797471631,0.591684255025051,0.));
#11411=DIRECTION('',(-0.806169797471631,-0.591684255025051,0.));
#11412=DIRECTION('center_axis',(0.,0.,1.));
#11413=DIRECTION('ref_axis',(1.,0.,0.));
#11414=DIRECTION('center_axis',(0.,0.,1.));
#11415=DIRECTION('ref_axis',(1.,0.,0.));
#11416=DIRECTION('center_axis',(-1.,0.,0.));
#11417=DIRECTION('ref_axis',(0.,-1.,0.));
#11418=DIRECTION('',(0.,-1.,0.));
#11419=DIRECTION('',(0.,0.,1.));
#11420=DIRECTION('',(0.,-1.,0.));
#11421=DIRECTION('',(0.,0.,1.));
#11422=DIRECTION('center_axis',(-0.595726084459611,0.80318766941134,0.));
#11423=DIRECTION('ref_axis',(-0.80318766941134,-0.595726084459611,0.));
#11424=DIRECTION('',(0.80318766941134,0.595726084459611,0.));
#11425=DIRECTION('',(-0.80318766941134,-0.595726084459611,0.));
#11426=DIRECTION('',(0.,0.,1.));
#11427=DIRECTION('center_axis',(0.,1.,0.));
#11428=DIRECTION('ref_axis',(-1.,0.,0.));
#11429=DIRECTION('',(1.,0.,0.));
#11430=DIRECTION('',(-1.,0.,0.));
#11431=DIRECTION('',(0.,0.,1.));
#11432=DIRECTION('center_axis',(0.64387068342747,0.765134330051033,0.));
#11433=DIRECTION('ref_axis',(-0.765134330051033,0.64387068342747,0.));
#11434=DIRECTION('',(0.765134330051033,-0.64387068342747,0.));
#11435=DIRECTION('',(-0.765134330051033,0.64387068342747,0.));
#11436=DIRECTION('',(0.,0.,1.));
#11437=DIRECTION('center_axis',(1.,0.,0.));
#11438=DIRECTION('ref_axis',(0.,1.,0.));
#11439=DIRECTION('',(0.,-1.,0.));
#11440=DIRECTION('',(0.,1.,0.));
#11441=DIRECTION('',(0.,0.,1.));
#11442=DIRECTION('center_axis',(0.,-1.,0.));
#11443=DIRECTION('ref_axis',(1.,0.,0.));
#11444=DIRECTION('',(1.,0.,0.));
#11445=DIRECTION('',(1.,0.,0.));
#11446=DIRECTION('center_axis',(0.,0.,1.));
#11447=DIRECTION('ref_axis',(1.,0.,0.));
#11448=DIRECTION('center_axis',(0.,0.,1.));
#11449=DIRECTION('ref_axis',(1.,0.,0.));
#11450=DIRECTION('center_axis',(-0.628519962589786,-0.77779345370486,0.));
#11451=DIRECTION('ref_axis',(0.77779345370486,-0.628519962589786,0.));
#11452=DIRECTION('',(-0.77779345370486,0.628519962589786,0.));
#11453=DIRECTION('',(0.,0.,1.));
#11454=DIRECTION('',(0.77779345370486,-0.628519962589786,0.));
#11455=DIRECTION('',(0.,0.,1.));
#11456=DIRECTION('center_axis',(-0.998052578482889,0.0623782861551806,0.));
#11457=DIRECTION('ref_axis',(-0.0623782861551806,-0.998052578482889,0.));
#11458=DIRECTION('',(0.0623782861551806,0.998052578482888,0.));
#11459=DIRECTION('',(-0.0623782861551806,-0.998052578482888,0.));
#11460=DIRECTION('',(0.,0.,1.));
#11461=DIRECTION('center_axis',(-0.591684255025051,0.806169797471631,0.));
#11462=DIRECTION('ref_axis',(-0.806169797471631,-0.591684255025051,0.));
#11463=DIRECTION('',(0.806169797471631,0.591684255025051,0.));
#11464=DIRECTION('',(-0.806169797471631,-0.591684255025051,0.));
#11465=DIRECTION('',(0.,0.,1.));
#11466=DIRECTION('center_axis',(0.998052578482889,-0.0623782861551805,0.));
#11467=DIRECTION('ref_axis',(0.0623782861551805,0.998052578482889,0.));
#11468=DIRECTION('',(0.0623782861551805,0.998052578482888,0.));
#11469=DIRECTION('',(0.0623782861551805,0.998052578482888,0.));
#11470=DIRECTION('center_axis',(0.,0.,1.));
#11471=DIRECTION('ref_axis',(1.,0.,0.));
#11472=DIRECTION('center_axis',(0.,0.,1.));
#11473=DIRECTION('ref_axis',(1.,0.,0.));
#11474=DIRECTION('center_axis',(-0.998052578482889,0.0623782861551806,0.));
#11475=DIRECTION('ref_axis',(-0.0623782861551806,-0.998052578482889,0.));
#11476=DIRECTION('',(0.0623782861551806,0.998052578482888,0.));
#11477=DIRECTION('',(0.,0.,1.));
#11478=DIRECTION('',(-0.0623782861551806,-0.998052578482888,0.));
#11479=DIRECTION('',(0.,0.,1.));
#11480=DIRECTION('center_axis',(0.628519962589786,0.77779345370486,0.));
#11481=DIRECTION('ref_axis',(-0.77779345370486,0.628519962589786,0.));
#11482=DIRECTION('',(-0.77779345370486,0.628519962589786,0.));
#11483=DIRECTION('',(-0.77779345370486,0.628519962589786,0.));
#11484=DIRECTION('',(0.,0.,1.));
#11485=DIRECTION('center_axis',(0.998052578482889,-0.0623782861551806,0.));
#11486=DIRECTION('ref_axis',(0.0623782861551806,0.998052578482889,0.));
#11487=DIRECTION('',(0.0623782861551806,0.998052578482888,0.));
#11488=DIRECTION('',(0.0623782861551806,0.998052578482888,0.));
#11489=DIRECTION('',(0.,0.,1.));
#11490=DIRECTION('center_axis',(0.591684255025051,-0.806169797471631,0.));
#11491=DIRECTION('ref_axis',(0.806169797471631,0.591684255025051,0.));
#11492=DIRECTION('',(0.806169797471631,0.591684255025051,0.));
#11493=DIRECTION('',(0.806169797471631,0.591684255025051,0.));
#11494=DIRECTION('center_axis',(0.,0.,1.));
#11495=DIRECTION('ref_axis',(1.,0.,0.));
#11496=DIRECTION('center_axis',(0.,0.,1.));
#11497=DIRECTION('ref_axis',(1.,0.,0.));
#11498=DIRECTION('center_axis',(0.64387068342747,0.765134330051033,0.));
#11499=DIRECTION('ref_axis',(-0.765134330051033,0.64387068342747,0.));
#11500=DIRECTION('',(0.765134330051033,-0.64387068342747,0.));
#11501=DIRECTION('',(0.,0.,1.));
#11502=DIRECTION('',(-0.765134330051033,0.64387068342747,0.));
#11503=DIRECTION('',(0.,0.,1.));
#11504=DIRECTION('center_axis',(0.996818662950497,-0.0797029058038867,0.));
#11505=DIRECTION('ref_axis',(0.0797029058038867,0.996818662950497,0.));
#11506=DIRECTION('',(0.0797029058038867,0.996818662950497,0.));
#11507=DIRECTION('',(0.0797029058038867,0.996818662950497,0.));
#11508=DIRECTION('',(0.,0.,1.));
#11509=DIRECTION('center_axis',(0.595726084459611,-0.80318766941134,0.));
#11510=DIRECTION('ref_axis',(0.80318766941134,0.595726084459611,0.));
#11511=DIRECTION('',(0.80318766941134,0.595726084459611,0.));
#11512=DIRECTION('',(0.80318766941134,0.595726084459611,0.));
#11513=DIRECTION('',(0.,0.,1.));
#11514=DIRECTION('center_axis',(-0.996818662950497,0.0797029058038867,0.));
#11515=DIRECTION('ref_axis',(-0.0797029058038867,-0.996818662950497,0.));
#11516=DIRECTION('',(0.0797029058038867,0.996818662950497,0.));
#11517=DIRECTION('',(-0.0797029058038867,-0.996818662950497,0.));
#11518=DIRECTION('center_axis',(0.,0.,1.));
#11519=DIRECTION('ref_axis',(1.,0.,0.));
#11520=DIRECTION('center_axis',(0.,0.,1.));
#11521=DIRECTION('ref_axis',(1.,0.,0.));
#11522=DIRECTION('',(0.,0.,1.));
#11523=DIRECTION('',(1.,0.,0.));
#11524=DIRECTION('',(0.,-5.55111512312578E-17,1.));
#11525=DIRECTION('',(1.,0.,0.));
#11526=DIRECTION('',(0.,-1.11022302462516E-16,1.));
#11527=DIRECTION('',(1.,0.,0.));
#11528=DIRECTION('',(0.,-1.66533453693773E-16,1.));
#11529=DIRECTION('',(1.,0.,0.));
#11530=DIRECTION('',(1.,0.,0.));
#11531=DIRECTION('',(0.,1.,1.72929362852242E-16));
#11532=DIRECTION('',(1.,0.,0.));
#11533=DIRECTION('',(0.,1.,1.72929362852242E-16));
#11534=DIRECTION('axis',(0.,0.,1.));
#11535=DIRECTION('refdir',(1.,0.,0.));
#11536=DIRECTION('center_axis',(0.,0.,-1.));
#11537=DIRECTION('ref_axis',(1.,0.,0.));
#11538=DIRECTION('center_axis',(0.,0.,-1.));
#11539=DIRECTION('ref_axis',(1.,0.,0.));
#11540=DIRECTION('',(0.,0.,-1.));
#11541=DIRECTION('center_axis',(0.,0.,1.));
#11542=DIRECTION('ref_axis',(1.,0.,0.));
#11543=DIRECTION('center_axis',(0.,0.,-1.));
#11544=DIRECTION('ref_axis',(1.,0.,0.));
#11545=DIRECTION('center_axis',(0.,0.,-1.));
#11546=DIRECTION('ref_axis',(1.,0.,0.));
#11547=DIRECTION('',(0.,0.,-1.));
#11548=DIRECTION('center_axis',(0.,0.,1.));
#11549=DIRECTION('ref_axis',(1.,0.,0.));
#11550=DIRECTION('center_axis',(0.,0.,-1.));
#11551=DIRECTION('ref_axis',(1.,0.,0.));
#11552=DIRECTION('center_axis',(0.,0.,-1.));
#11553=DIRECTION('ref_axis',(1.,0.,0.));
#11554=DIRECTION('',(0.,0.,-1.));
#11555=DIRECTION('center_axis',(0.,0.,1.));
#11556=DIRECTION('ref_axis',(1.,0.,0.));
#11557=DIRECTION('center_axis',(0.,0.,-1.));
#11558=DIRECTION('ref_axis',(1.,0.,0.));
#11559=DIRECTION('center_axis',(0.,0.,-1.));
#11560=DIRECTION('ref_axis',(1.,0.,0.));
#11561=DIRECTION('',(0.,0.,-1.));
#11562=DIRECTION('center_axis',(0.,0.,1.));
#11563=DIRECTION('ref_axis',(1.,0.,0.));
#11564=DIRECTION('center_axis',(0.,0.,-1.));
#11565=DIRECTION('ref_axis',(-0.707106781186548,-0.707106781186547,0.));
#11566=DIRECTION('center_axis',(0.,0.,1.));
#11567=DIRECTION('ref_axis',(-0.707106781186548,-0.707106781186547,0.));
#11568=DIRECTION('',(0.,0.,1.));
#11569=DIRECTION('center_axis',(0.,0.,-1.));
#11570=DIRECTION('ref_axis',(-0.707106781186548,-0.707106781186547,0.));
#11571=DIRECTION('',(0.,0.,-1.));
#11572=DIRECTION('center_axis',(0.,0.,-1.));
#11573=DIRECTION('ref_axis',(-1.,0.,0.));
#11574=DIRECTION('',(1.,0.,0.));
#11575=DIRECTION('center_axis',(0.,0.,-1.));
#11576=DIRECTION('ref_axis',(0.707106781186546,-0.707106781186549,0.));
#11577=DIRECTION('',(0.,1.,0.));
#11578=DIRECTION('center_axis',(0.,0.,-1.));
#11579=DIRECTION('ref_axis',(0.707106781186548,0.707106781186548,0.));
#11580=DIRECTION('',(-1.,0.,0.));
#11581=DIRECTION('center_axis',(0.,0.,-1.));
#11582=DIRECTION('ref_axis',(-0.707106781186546,0.707106781186549,0.));
#11583=DIRECTION('',(0.,-1.,0.));
#11584=DIRECTION('center_axis',(0.,0.,1.));
#11585=DIRECTION('ref_axis',(-1.,0.,0.));
#11586=DIRECTION('center_axis',(0.,0.,1.));
#11587=DIRECTION('ref_axis',(-1.,0.,0.));
#11588=DIRECTION('center_axis',(0.,0.,1.));
#11589=DIRECTION('ref_axis',(-1.,0.,0.));
#11590=DIRECTION('center_axis',(0.,0.,1.));
#11591=DIRECTION('ref_axis',(-1.,0.,0.));
#11592=DIRECTION('center_axis',(0.,-1.,0.));
#11593=DIRECTION('ref_axis',(-1.,0.,0.));
#11594=DIRECTION('',(-1.,0.,0.));
#11595=DIRECTION('',(0.,0.,-1.));
#11596=DIRECTION('center_axis',(0.,0.,-1.));
#11597=DIRECTION('ref_axis',(0.707106781186546,-0.707106781186549,0.));
#11598=DIRECTION('center_axis',(0.,0.,1.));
#11599=DIRECTION('ref_axis',(0.707106781186546,-0.707106781186549,0.));
#11600=DIRECTION('',(0.,0.,1.));
#11601=DIRECTION('center_axis',(0.,0.,-1.));
#11602=DIRECTION('ref_axis',(-0.707106781186546,0.707106781186549,0.));
#11603=DIRECTION('center_axis',(0.,0.,1.));
#11604=DIRECTION('ref_axis',(-0.707106781186546,0.707106781186549,0.));
#11605=DIRECTION('',(0.,0.,1.));
#11606=DIRECTION('',(0.,0.,-1.));
#11607=DIRECTION('center_axis',(0.,1.,0.));
#11608=DIRECTION('ref_axis',(1.,0.,0.));
#11609=DIRECTION('',(0.,0.,1.));
#11610=DIRECTION('',(1.,0.,0.));
#11611=DIRECTION('center_axis',(0.,0.,-1.));
#11612=DIRECTION('ref_axis',(0.707106781186548,0.707106781186548,0.));
#11613=DIRECTION('center_axis',(0.,0.,1.));
#11614=DIRECTION('ref_axis',(0.707106781186548,0.707106781186548,0.));
#11615=DIRECTION('',(0.,0.,-1.));
#11616=DIRECTION('center_axis',(0.,0.,-1.));
#11617=DIRECTION('ref_axis',(-1.,0.,0.));
#11618=DIRECTION('center_axis',(0.,0.,1.));
#11619=DIRECTION('ref_axis',(-1.,0.,0.));
#11620=DIRECTION('',(0.,0.,1.));
#11621=DIRECTION('center_axis',(0.,0.,-1.));
#11622=DIRECTION('ref_axis',(-1.,0.,0.));
#11623=DIRECTION('center_axis',(0.,0.,1.));
#11624=DIRECTION('ref_axis',(-1.,0.,0.));
#11625=DIRECTION('',(0.,0.,1.));
#11626=DIRECTION('center_axis',(0.,0.,-1.));
#11627=DIRECTION('ref_axis',(-1.,0.,0.));
#11628=DIRECTION('center_axis',(0.,0.,1.));
#11629=DIRECTION('ref_axis',(-1.,0.,0.));
#11630=DIRECTION('',(0.,0.,1.));
#11631=DIRECTION('center_axis',(0.,0.,-1.));
#11632=DIRECTION('ref_axis',(-1.,0.,0.));
#11633=DIRECTION('center_axis',(0.,0.,1.));
#11634=DIRECTION('ref_axis',(-1.,0.,0.));
#11635=DIRECTION('',(0.,0.,1.));
#11636=DIRECTION('center_axis',(-1.,0.,0.));
#11637=DIRECTION('ref_axis',(0.,1.,0.));
#11638=DIRECTION('',(0.,1.,0.));
#11639=DIRECTION('center_axis',(1.,0.,0.));
#11640=DIRECTION('ref_axis',(0.,-1.,0.));
#11641=DIRECTION('',(0.,-1.,0.));
#11642=DIRECTION('center_axis',(0.,0.,-1.));
#11643=DIRECTION('ref_axis',(-1.,0.,0.));
#11644=DIRECTION('axis',(0.,0.,1.));
#11645=DIRECTION('refdir',(1.,0.,0.));
#11646=DIRECTION('center_axis',(0.0040620575156881,0.999991749810337,0.));
#11647=DIRECTION('ref_axis',(0.999991749810337,-0.0040620575156881,0.));
#11648=DIRECTION('',(-0.999991749810337,0.0040620575156881,0.));
#11649=DIRECTION('',(0.,0.,-1.));
#11650=DIRECTION('',(0.999991749810337,-0.0040620575156881,0.));
#11651=DIRECTION('',(0.,0.,-1.));
#11652=DIRECTION('center_axis',(-0.999991749810337,0.00406205751568001,
0.));
#11653=DIRECTION('ref_axis',(0.00406205751568001,0.999991749810337,0.));
#11654=DIRECTION('',(-0.00406205751568001,-0.999991749810337,0.));
#11655=DIRECTION('',(0.00406205751568001,0.999991749810337,0.));
#11656=DIRECTION('',(0.,0.,-1.));
#11657=DIRECTION('center_axis',(0.761797668799719,0.647815029010067,0.));
#11658=DIRECTION('ref_axis',(0.647815029010067,-0.761797668799718,0.));
#11659=DIRECTION('',(-0.647815029010067,0.761797668799718,0.));
#11660=DIRECTION('',(0.647815029010067,-0.761797668799718,0.));
#11661=DIRECTION('',(0.,0.,-1.));
#11662=DIRECTION('center_axis',(0.00406205751568628,0.999991749810337,0.));
#11663=DIRECTION('ref_axis',(0.999991749810337,-0.00406205751568628,0.));
#11664=DIRECTION('',(-0.999991749810337,0.00406205751568628,0.));
#11665=DIRECTION('',(0.999991749810337,-0.00406205751568628,0.));
#11666=DIRECTION('',(0.,0.,-1.));
#11667=DIRECTION('center_axis',(-0.72217236422419,-0.691713146001175,0.));
#11668=DIRECTION('ref_axis',(-0.691713146001175,0.72217236422419,0.));
#11669=DIRECTION('',(0.691713146001175,-0.72217236422419,0.));
#11670=DIRECTION('',(-0.691713146001175,0.72217236422419,0.));
#11671=DIRECTION('',(0.,0.,-1.));
#11672=DIRECTION('center_axis',(-0.8511334044949,0.524949452569408,0.));
#11673=DIRECTION('ref_axis',(0.524949452569408,0.8511334044949,0.));
#11674=DIRECTION('',(-0.524949452569408,-0.8511334044949,0.));
#11675=DIRECTION('',(0.524949452569408,0.8511334044949,0.));
#11676=DIRECTION('',(0.,0.,-1.));
#11677=DIRECTION('center_axis',(-0.00406205751568503,-0.999991749810337,
0.));
#11678=DIRECTION('ref_axis',(-0.999991749810337,0.00406205751568503,0.));
#11679=DIRECTION('',(0.999991749810337,-0.00406205751568503,0.));
#11680=DIRECTION('',(-0.999991749810337,0.00406205751568503,0.));
#11681=DIRECTION('',(0.,0.,-1.));
#11682=DIRECTION('center_axis',(0.888095966397523,-0.45965808430664,0.));
#11683=DIRECTION('ref_axis',(-0.45965808430664,-0.888095966397523,0.));
#11684=DIRECTION('',(0.45965808430664,0.888095966397523,0.));
#11685=DIRECTION('',(-0.45965808430664,-0.888095966397523,0.));
#11686=DIRECTION('',(0.,0.,-1.));
#11687=DIRECTION('center_axis',(-0.725954270123639,-0.687742973565892,0.));
#11688=DIRECTION('ref_axis',(-0.687742973565892,0.725954270123639,0.));
#11689=DIRECTION('',(0.687742973565892,-0.725954270123639,0.));
#11690=DIRECTION('',(-0.687742973565892,0.725954270123639,0.));
#11691=DIRECTION('',(0.,0.,-1.));
#11692=DIRECTION('center_axis',(-0.999991749810337,0.00406205751568566,
0.));
#11693=DIRECTION('ref_axis',(0.00406205751568566,0.999991749810337,0.));
#11694=DIRECTION('',(-0.00406205751568566,-0.999991749810337,0.));
#11695=DIRECTION('',(0.00406205751568566,0.999991749810337,0.));
#11696=DIRECTION('',(0.,0.,-1.));
#11697=DIRECTION('center_axis',(-0.0040620575156881,-0.999991749810337,
0.));
#11698=DIRECTION('ref_axis',(-0.999991749810337,0.0040620575156881,0.));
#11699=DIRECTION('',(0.999991749810337,-0.0040620575156881,0.));
#11700=DIRECTION('',(-0.999991749810337,0.0040620575156881,0.));
#11701=DIRECTION('',(0.,0.,-1.));
#11702=DIRECTION('center_axis',(0.999991749810337,-0.00406205751568577,
0.));
#11703=DIRECTION('ref_axis',(-0.00406205751568577,-0.999991749810337,0.));
#11704=DIRECTION('',(0.00406205751568577,0.999991749810337,0.));
#11705=DIRECTION('',(-0.00406205751568577,-0.999991749810337,0.));
#11706=DIRECTION('center_axis',(0.,0.,-1.));
#11707=DIRECTION('ref_axis',(-1.,0.,0.));
#11708=DIRECTION('center_axis',(0.,0.,-1.));
#11709=DIRECTION('ref_axis',(-1.,0.,0.));
#11710=DIRECTION('center_axis',(-0.999991749810337,0.0040620575156867,0.));
#11711=DIRECTION('ref_axis',(0.0040620575156867,0.999991749810337,0.));
#11712=DIRECTION('',(-0.0040620575156867,-0.999991749810337,0.));
#11713=DIRECTION('',(0.,0.,-1.));
#11714=DIRECTION('',(0.0040620575156867,0.999991749810337,0.));
#11715=DIRECTION('',(0.,0.,-1.));
#11716=DIRECTION('center_axis',(0.00406205751567796,0.999991749810337,0.));
#11717=DIRECTION('ref_axis',(0.999991749810337,-0.00406205751567796,0.));
#11718=DIRECTION('',(-0.999991749810337,0.00406205751567796,0.));
#11719=DIRECTION('',(0.999991749810337,-0.00406205751567796,0.));
#11720=DIRECTION('',(0.,0.,-1.));
#11721=DIRECTION('',(0.,0.,-1.));
#11722=DIRECTION('',(0.,0.,-1.));
#11723=DIRECTION('',(0.,0.,-1.));
#11724=DIRECTION('',(0.,0.,-1.));
#11725=DIRECTION('',(0.,0.,-1.));
#11726=DIRECTION('center_axis',(-0.00406205751569044,-0.999991749810337,
0.));
#11727=DIRECTION('ref_axis',(-0.999991749810337,0.00406205751569044,0.));
#11728=DIRECTION('',(0.999991749810337,-0.00406205751569044,0.));
#11729=DIRECTION('',(-0.999991749810337,0.00406205751569044,0.));
#11730=DIRECTION('center_axis',(0.00406205751568311,0.999991749810337,0.));
#11731=DIRECTION('ref_axis',(0.999991749810337,-0.00406205751568311,0.));
#11732=DIRECTION('',(-0.999991749810337,0.00406205751568311,0.));
#11733=DIRECTION('',(0.,0.,-1.));
#11734=DIRECTION('',(0.999991749810337,-0.00406205751568311,0.));
#11735=DIRECTION('',(0.,0.,-1.));
#11736=DIRECTION('',(0.,0.,-1.));
#11737=DIRECTION('',(0.,0.,-1.));
#11738=DIRECTION('',(0.,0.,-1.));
#11739=DIRECTION('',(0.,0.,-1.));
#11740=DIRECTION('',(0.,0.,-1.));
#11741=DIRECTION('',(0.,0.,-1.));
#11742=DIRECTION('',(0.,0.,-1.));
#11743=DIRECTION('',(0.,0.,-1.));
#11744=DIRECTION('center_axis',(-0.00406205751568311,-0.999991749810337,
0.));
#11745=DIRECTION('ref_axis',(-0.999991749810337,0.00406205751568311,0.));
#11746=DIRECTION('',(0.999991749810337,-0.00406205751568311,0.));
#11747=DIRECTION('',(-0.999991749810337,0.00406205751568311,0.));
#11748=DIRECTION('',(0.,0.,-1.));
#11749=DIRECTION('center_axis',(0.999991749810337,-0.00406205751568577,
0.));
#11750=DIRECTION('ref_axis',(-0.00406205751568577,-0.999991749810337,0.));
#11751=DIRECTION('',(0.00406205751568577,0.999991749810337,0.));
#11752=DIRECTION('',(-0.00406205751568577,-0.999991749810337,0.));
#11753=DIRECTION('center_axis',(0.,0.,-1.));
#11754=DIRECTION('ref_axis',(-1.,0.,0.));
#11755=DIRECTION('center_axis',(0.,0.,-1.));
#11756=DIRECTION('ref_axis',(-1.,0.,0.));
#11757=DIRECTION('center_axis',(0.00406205751568608,0.999991749810337,0.));
#11758=DIRECTION('ref_axis',(0.999991749810337,-0.00406205751568608,0.));
#11759=DIRECTION('',(-0.999991749810337,0.00406205751568608,0.));
#11760=DIRECTION('',(0.,0.,-1.));
#11761=DIRECTION('',(0.999991749810337,-0.00406205751568608,0.));
#11762=DIRECTION('',(0.,0.,-1.));
#11763=DIRECTION('center_axis',(-0.999991749810337,0.00406205751568577,
0.));
#11764=DIRECTION('ref_axis',(0.00406205751568577,0.999991749810337,0.));
#11765=DIRECTION('',(-0.00406205751568577,-0.999991749810337,0.));
#11766=DIRECTION('',(0.00406205751568577,0.999991749810337,0.));
#11767=DIRECTION('',(0.,0.,-1.));
#11768=DIRECTION('center_axis',(-0.00406205751568608,-0.999991749810337,
0.));
#11769=DIRECTION('ref_axis',(-0.999991749810337,0.00406205751568608,0.));
#11770=DIRECTION('',(0.999991749810337,-0.00406205751568608,0.));
#11771=DIRECTION('',(-0.999991749810337,0.00406205751568608,0.));
#11772=DIRECTION('',(0.,0.,-1.));
#11773=DIRECTION('center_axis',(0.999991749810337,-0.00406205751568577,
0.));
#11774=DIRECTION('ref_axis',(-0.00406205751568577,-0.999991749810337,0.));
#11775=DIRECTION('',(0.00406205751568577,0.999991749810337,0.));
#11776=DIRECTION('',(-0.00406205751568577,-0.999991749810337,0.));
#11777=DIRECTION('center_axis',(0.,0.,-1.));
#11778=DIRECTION('ref_axis',(-1.,0.,0.));
#11779=DIRECTION('center_axis',(0.,0.,-1.));
#11780=DIRECTION('ref_axis',(-1.,0.,0.));
#11781=DIRECTION('center_axis',(-0.285447174718121,0.958394444081059,0.));
#11782=DIRECTION('ref_axis',(0.958394444081059,0.285447174718121,0.));
#11783=DIRECTION('',(-0.958394444081059,-0.285447174718121,0.));
#11784=DIRECTION('',(0.,0.,-1.));
#11785=DIRECTION('',(0.958394444081059,0.285447174718121,0.));
#11786=DIRECTION('',(0.,0.,-1.));
#11787=DIRECTION('',(0.,0.,-1.));
#11788=DIRECTION('',(0.,0.,-1.));
#11789=DIRECTION('',(0.,0.,-1.));
#11790=DIRECTION('',(0.,0.,-1.));
#11791=DIRECTION('',(0.,0.,-1.));
#11792=DIRECTION('',(0.,0.,-1.));
#11793=DIRECTION('',(0.,0.,-1.));
#11794=DIRECTION('',(0.,0.,-1.));
#11795=DIRECTION('',(0.,0.,-1.));
#11796=DIRECTION('',(0.,0.,-1.));
#11797=DIRECTION('center_axis',(-0.221152157985806,-0.975239315767274,0.));
#11798=DIRECTION('ref_axis',(-0.975239315767274,0.221152157985806,0.));
#11799=DIRECTION('',(0.975239315767274,-0.221152157985806,0.));
#11800=DIRECTION('',(-0.975239315767274,0.221152157985806,0.));
#11801=DIRECTION('',(0.,0.,-1.));
#11802=DIRECTION('',(0.,0.,-1.));
#11803=DIRECTION('',(0.,0.,-1.));
#11804=DIRECTION('',(0.,0.,-1.));
#11805=DIRECTION('',(0.,0.,-1.));
#11806=DIRECTION('',(0.,0.,-1.));
#11807=DIRECTION('',(0.,0.,-1.));
#11808=DIRECTION('',(0.,0.,-1.));
#11809=DIRECTION('',(0.,0.,-1.));
#11810=DIRECTION('center_axis',(0.,0.,-1.));
#11811=DIRECTION('ref_axis',(-1.,0.,0.));
#11812=DIRECTION('center_axis',(0.,0.,-1.));
#11813=DIRECTION('ref_axis',(-1.,0.,0.));
#11814=DIRECTION('center_axis',(0.999991749810337,-0.00406205751569007,
0.));
#11815=DIRECTION('ref_axis',(-0.00406205751569007,-0.999991749810337,0.));
#11816=DIRECTION('',(0.00406205751569007,0.999991749810337,0.));
#11817=DIRECTION('',(0.,0.,-1.));
#11818=DIRECTION('',(-0.00406205751569007,-0.999991749810337,0.));
#11819=DIRECTION('',(0.,0.,-1.));
#11820=DIRECTION('center_axis',(0.00406205751568396,0.999991749810337,0.));
#11821=DIRECTION('ref_axis',(0.999991749810337,-0.00406205751568396,0.));
#11822=DIRECTION('',(-0.999991749810337,0.00406205751568396,0.));
#11823=DIRECTION('',(0.999991749810337,-0.00406205751568396,0.));
#11824=DIRECTION('',(0.,0.,-1.));
#11825=DIRECTION('center_axis',(-0.999991749810337,0.00406205751568247,
0.));
#11826=DIRECTION('ref_axis',(0.00406205751568247,0.999991749810337,0.));
#11827=DIRECTION('',(-0.00406205751568247,-0.999991749810337,0.));
#11828=DIRECTION('',(0.00406205751568247,0.999991749810337,0.));
#11829=DIRECTION('',(0.,0.,-1.));
#11830=DIRECTION('',(0.,0.,-1.));
#11831=DIRECTION('',(0.,0.,-1.));
#11832=DIRECTION('',(0.,0.,-1.));
#11833=DIRECTION('',(0.,0.,-1.));
#11834=DIRECTION('',(0.,0.,-1.));
#11835=DIRECTION('',(0.,0.,-1.));
#11836=DIRECTION('',(0.,0.,-1.));
#11837=DIRECTION('',(0.,0.,-1.));
#11838=DIRECTION('',(0.,0.,-1.));
#11839=DIRECTION('',(0.,0.,-1.));
#11840=DIRECTION('',(0.,0.,-1.));
#11841=DIRECTION('center_axis',(-0.17971009813385,-0.983719614843946,0.));
#11842=DIRECTION('ref_axis',(-0.983719614843946,0.17971009813385,0.));
#11843=DIRECTION('',(0.983719614843946,-0.17971009813385,0.));
#11844=DIRECTION('',(-0.983719614843946,0.17971009813385,0.));
#11845=DIRECTION('',(0.,0.,-1.));
#11846=DIRECTION('',(0.,0.,-1.));
#11847=DIRECTION('',(0.,0.,-1.));
#11848=DIRECTION('',(0.,0.,-1.));
#11849=DIRECTION('',(0.,0.,-1.));
#11850=DIRECTION('',(0.,0.,-1.));
#11851=DIRECTION('',(0.,0.,-1.));
#11852=DIRECTION('',(0.,0.,-1.));
#11853=DIRECTION('',(0.,0.,-1.));
#11854=DIRECTION('center_axis',(0.999991749810337,-0.00406205751568269,
0.));
#11855=DIRECTION('ref_axis',(-0.00406205751568269,-0.999991749810337,0.));
#11856=DIRECTION('',(0.00406205751568268,0.999991749810337,0.));
#11857=DIRECTION('',(-0.00406205751568268,-0.999991749810337,0.));
#11858=DIRECTION('',(0.,0.,-1.));
#11859=DIRECTION('center_axis',(-0.00406205751568547,-0.999991749810337,
0.));
#11860=DIRECTION('ref_axis',(-0.999991749810337,0.00406205751568547,0.));
#11861=DIRECTION('',(0.999991749810337,-0.00406205751568547,0.));
#11862=DIRECTION('',(-0.999991749810337,0.00406205751568547,0.));
#11863=DIRECTION('center_axis',(0.,0.,-1.));
#11864=DIRECTION('ref_axis',(-1.,0.,0.));
#11865=DIRECTION('center_axis',(0.,0.,-1.));
#11866=DIRECTION('ref_axis',(-1.,0.,0.));
#11867=DIRECTION('center_axis',(0.00406205751568628,0.999991749810337,0.));
#11868=DIRECTION('ref_axis',(0.999991749810337,-0.00406205751568628,0.));
#11869=DIRECTION('',(-0.999991749810337,0.00406205751568628,0.));
#11870=DIRECTION('',(0.,0.,-1.));
#11871=DIRECTION('',(0.999991749810337,-0.00406205751568628,0.));
#11872=DIRECTION('',(0.,0.,-1.));
#11873=DIRECTION('center_axis',(-0.824387535462951,0.566025786844841,0.));
#11874=DIRECTION('ref_axis',(0.566025786844841,0.824387535462951,0.));
#11875=DIRECTION('',(-0.566025786844841,-0.824387535462951,0.));
#11876=DIRECTION('',(0.566025786844841,0.824387535462951,0.));
#11877=DIRECTION('',(0.,0.,-1.));
#11878=DIRECTION('center_axis',(0.999991749810337,-0.00406205751568315,
0.));
#11879=DIRECTION('ref_axis',(-0.00406205751568315,-0.999991749810337,0.));
#11880=DIRECTION('',(0.00406205751568315,0.999991749810337,0.));
#11881=DIRECTION('',(-0.00406205751568315,-0.999991749810337,0.));
#11882=DIRECTION('',(0.,0.,-1.));
#11883=DIRECTION('center_axis',(0.00406205751568546,0.999991749810337,0.));
#11884=DIRECTION('ref_axis',(0.999991749810337,-0.00406205751568546,0.));
#11885=DIRECTION('',(-0.999991749810337,0.00406205751568546,0.));
#11886=DIRECTION('',(0.999991749810337,-0.00406205751568546,0.));
#11887=DIRECTION('',(0.,0.,-1.));
#11888=DIRECTION('center_axis',(-0.999991749810337,0.00406205751568576,
0.));
#11889=DIRECTION('ref_axis',(0.00406205751568576,0.999991749810337,0.));
#11890=DIRECTION('',(-0.00406205751568576,-0.999991749810337,0.));
#11891=DIRECTION('',(0.00406205751568576,0.999991749810337,0.));
#11892=DIRECTION('',(0.,0.,-1.));
#11893=DIRECTION('center_axis',(-0.00406205751568546,-0.999991749810337,
0.));
#11894=DIRECTION('ref_axis',(-0.999991749810337,0.00406205751568546,0.));
#11895=DIRECTION('',(0.999991749810337,-0.00406205751568546,0.));
#11896=DIRECTION('',(-0.999991749810337,0.00406205751568546,0.));
#11897=DIRECTION('',(0.,0.,-1.));
#11898=DIRECTION('center_axis',(0.823866700648005,-0.566783609116716,0.));
#11899=DIRECTION('ref_axis',(-0.566783609116716,-0.823866700648005,0.));
#11900=DIRECTION('',(0.566783609116716,0.823866700648005,0.));
#11901=DIRECTION('',(-0.566783609116716,-0.823866700648005,0.));
#11902=DIRECTION('',(0.,0.,-1.));
#11903=DIRECTION('center_axis',(-0.999991749810337,0.00406205751568206,
0.));
#11904=DIRECTION('ref_axis',(0.00406205751568206,0.999991749810337,0.));
#11905=DIRECTION('',(-0.00406205751568206,-0.999991749810337,0.));
#11906=DIRECTION('',(0.00406205751568206,0.999991749810337,0.));
#11907=DIRECTION('',(0.,0.,-1.));
#11908=DIRECTION('center_axis',(-0.00406205751568351,-0.999991749810337,
0.));
#11909=DIRECTION('ref_axis',(-0.999991749810337,0.00406205751568351,0.));
#11910=DIRECTION('',(0.999991749810337,-0.00406205751568351,0.));
#11911=DIRECTION('',(-0.999991749810337,0.00406205751568351,0.));
#11912=DIRECTION('',(0.,0.,-1.));
#11913=DIRECTION('center_axis',(0.999991749810337,-0.00406205751568576,
0.));
#11914=DIRECTION('ref_axis',(-0.00406205751568576,-0.999991749810337,0.));
#11915=DIRECTION('',(0.00406205751568576,0.999991749810337,0.));
#11916=DIRECTION('',(-0.00406205751568576,-0.999991749810337,0.));
#11917=DIRECTION('center_axis',(0.,0.,-1.));
#11918=DIRECTION('ref_axis',(-1.,0.,0.));
#11919=DIRECTION('center_axis',(0.,0.,-1.));
#11920=DIRECTION('ref_axis',(-1.,0.,0.));
#11921=DIRECTION('center_axis',(-0.999991749810337,0.0040620575156867,0.));
#11922=DIRECTION('ref_axis',(0.0040620575156867,0.999991749810337,0.));
#11923=DIRECTION('',(-0.0040620575156867,-0.999991749810337,0.));
#11924=DIRECTION('',(0.,0.,-1.));
#11925=DIRECTION('',(0.0040620575156867,0.999991749810337,0.));
#11926=DIRECTION('',(0.,0.,-1.));
#11927=DIRECTION('center_axis',(0.00406205751568037,0.999991749810337,0.));
#11928=DIRECTION('ref_axis',(0.999991749810337,-0.00406205751568037,0.));
#11929=DIRECTION('',(-0.999991749810337,0.00406205751568037,0.));
#11930=DIRECTION('',(0.999991749810337,-0.00406205751568037,0.));
#11931=DIRECTION('',(0.,0.,-1.));
#11932=DIRECTION('',(0.,0.,-1.));
#11933=DIRECTION('',(0.,0.,-1.));
#11934=DIRECTION('',(0.,0.,-1.));
#11935=DIRECTION('',(0.,0.,-1.));
#11936=DIRECTION('',(0.,0.,-1.));
#11937=DIRECTION('center_axis',(-0.00406205751569125,-0.999991749810337,
0.));
#11938=DIRECTION('ref_axis',(-0.999991749810337,0.00406205751569125,0.));
#11939=DIRECTION('',(0.999991749810337,-0.00406205751569125,0.));
#11940=DIRECTION('',(-0.999991749810337,0.00406205751569125,0.));
#11941=DIRECTION('center_axis',(0.0040620575156855,0.999991749810337,0.));
#11942=DIRECTION('ref_axis',(0.999991749810337,-0.0040620575156855,0.));
#11943=DIRECTION('',(-0.999991749810337,0.0040620575156855,0.));
#11944=DIRECTION('',(0.,0.,-1.));
#11945=DIRECTION('',(0.999991749810337,-0.0040620575156855,0.));
#11946=DIRECTION('',(0.,0.,-1.));
#11947=DIRECTION('',(0.,0.,-1.));
#11948=DIRECTION('',(0.,0.,-1.));
#11949=DIRECTION('',(0.,0.,-1.));
#11950=DIRECTION('',(0.,0.,-1.));
#11951=DIRECTION('',(0.,0.,-1.));
#11952=DIRECTION('',(0.,0.,-1.));
#11953=DIRECTION('',(0.,0.,-1.));
#11954=DIRECTION('',(0.,0.,-1.));
#11955=DIRECTION('center_axis',(-0.0040620575156855,-0.999991749810337,
0.));
#11956=DIRECTION('ref_axis',(-0.999991749810337,0.0040620575156855,0.));
#11957=DIRECTION('',(0.999991749810337,-0.0040620575156855,0.));
#11958=DIRECTION('',(-0.999991749810337,0.0040620575156855,0.));
#11959=DIRECTION('',(0.,0.,-1.));
#11960=DIRECTION('center_axis',(0.999991749810337,-0.00406205751568576,
0.));
#11961=DIRECTION('ref_axis',(-0.00406205751568576,-0.999991749810337,0.));
#11962=DIRECTION('',(0.00406205751568576,0.999991749810337,0.));
#11963=DIRECTION('',(-0.00406205751568576,-0.999991749810337,0.));
#11964=DIRECTION('center_axis',(0.,0.,-1.));
#11965=DIRECTION('ref_axis',(-1.,0.,0.));
#11966=DIRECTION('center_axis',(0.,0.,-1.));
#11967=DIRECTION('ref_axis',(-1.,0.,0.));
#11968=DIRECTION('center_axis',(-0.28544732077704,0.958394400579015,0.));
#11969=DIRECTION('ref_axis',(0.958394400579015,0.28544732077704,0.));
#11970=DIRECTION('',(-0.958394400579015,-0.28544732077704,0.));
#11971=DIRECTION('',(0.,0.,-1.));
#11972=DIRECTION('',(0.958394400579015,0.28544732077704,0.));
#11973=DIRECTION('',(0.,0.,-1.));
#11974=DIRECTION('',(0.,0.,-1.));
#11975=DIRECTION('',(0.,0.,-1.));
#11976=DIRECTION('',(0.,0.,-1.));
#11977=DIRECTION('',(0.,0.,-1.));
#11978=DIRECTION('',(0.,0.,-1.));
#11979=DIRECTION('',(0.,0.,-1.));
#11980=DIRECTION('',(0.,0.,-1.));
#11981=DIRECTION('',(0.,0.,-1.));
#11982=DIRECTION('',(0.,0.,-1.));
#11983=DIRECTION('',(0.,0.,-1.));
#11984=DIRECTION('center_axis',(-0.221152157985806,-0.975239315767274,0.));
#11985=DIRECTION('ref_axis',(-0.975239315767274,0.221152157985806,0.));
#11986=DIRECTION('',(0.975239315767274,-0.221152157985806,0.));
#11987=DIRECTION('',(-0.975239315767274,0.221152157985806,0.));
#11988=DIRECTION('',(0.,0.,-1.));
#11989=DIRECTION('',(0.,0.,-1.));
#11990=DIRECTION('',(0.,0.,-1.));
#11991=DIRECTION('',(0.,0.,-1.));
#11992=DIRECTION('',(0.,0.,-1.));
#11993=DIRECTION('',(0.,0.,-1.));
#11994=DIRECTION('',(0.,0.,-1.));
#11995=DIRECTION('',(0.,0.,-1.));
#11996=DIRECTION('',(0.,0.,-1.));
#11997=DIRECTION('center_axis',(0.,0.,-1.));
#11998=DIRECTION('ref_axis',(-1.,0.,0.));
#11999=DIRECTION('center_axis',(0.,0.,-1.));
#12000=DIRECTION('ref_axis',(-1.,0.,0.));
#12001=DIRECTION('center_axis',(0.00406205751568445,0.999991749810337,0.));
#12002=DIRECTION('ref_axis',(0.999991749810337,-0.00406205751568445,0.));
#12003=DIRECTION('',(-0.999991749810337,0.00406205751568445,0.));
#12004=DIRECTION('',(0.,0.,-1.));
#12005=DIRECTION('',(0.999991749810337,-0.00406205751568445,0.));
#12006=DIRECTION('',(0.,0.,-1.));
#12007=DIRECTION('center_axis',(-0.953178928379527,0.302406895578219,0.));
#12008=DIRECTION('ref_axis',(0.302406895578219,0.953178928379527,0.));
#12009=DIRECTION('',(-0.302406895578219,-0.953178928379527,0.));
#12010=DIRECTION('',(0.302406895578219,0.953178928379527,0.));
#12011=DIRECTION('',(0.,0.,-1.));
#12012=DIRECTION('center_axis',(0.956869044557027,0.29051958895834,0.));
#12013=DIRECTION('ref_axis',(0.29051958895834,-0.956869044557027,0.));
#12014=DIRECTION('',(-0.29051958895834,0.956869044557027,0.));
#12015=DIRECTION('',(0.29051958895834,-0.956869044557027,0.));
#12016=DIRECTION('',(0.,0.,-1.));
#12017=DIRECTION('center_axis',(0.00406205751568797,0.999991749810337,0.));
#12018=DIRECTION('ref_axis',(0.999991749810337,-0.00406205751568797,0.));
#12019=DIRECTION('',(-0.999991749810337,0.00406205751568797,0.));
#12020=DIRECTION('',(0.999991749810337,-0.00406205751568797,0.));
#12021=DIRECTION('',(0.,0.,-1.));
#12022=DIRECTION('center_axis',(-0.938938011727733,-0.344086341101724,0.));
#12023=DIRECTION('ref_axis',(-0.344086341101724,0.938938011727733,0.));
#12024=DIRECTION('',(0.344086341101724,-0.938938011727733,0.));
#12025=DIRECTION('',(-0.344086341101724,0.938938011727733,0.));
#12026=DIRECTION('',(0.,0.,-1.));
#12027=DIRECTION('center_axis',(-0.0040620575156881,-0.999991749810337,
0.));
#12028=DIRECTION('ref_axis',(-0.999991749810337,0.0040620575156881,0.));
#12029=DIRECTION('',(0.999991749810337,-0.0040620575156881,0.));
#12030=DIRECTION('',(-0.999991749810337,0.0040620575156881,0.));
#12031=DIRECTION('',(0.,0.,-1.));
#12032=DIRECTION('center_axis',(0.933990933258991,-0.357296706659885,0.));
#12033=DIRECTION('ref_axis',(-0.357296706659885,-0.93399093325899,0.));
#12034=DIRECTION('',(0.357296706659885,0.93399093325899,0.));
#12035=DIRECTION('',(-0.357296706659885,-0.93399093325899,0.));
#12036=DIRECTION('center_axis',(0.,0.,-1.));
#12037=DIRECTION('ref_axis',(-1.,0.,0.));
#12038=DIRECTION('center_axis',(0.,0.,-1.));
#12039=DIRECTION('ref_axis',(-1.,0.,0.));
#12040=DIRECTION('',(0.,0.,-1.));
#12041=DIRECTION('',(0.,0.,-1.));
#12042=DIRECTION('',(0.,0.,-1.));
#12043=DIRECTION('',(0.,0.,-1.));
#12044=DIRECTION('',(0.,0.,-1.));
#12045=DIRECTION('',(0.,0.,-1.));
#12046=DIRECTION('',(0.,0.,-1.));
#12047=DIRECTION('',(0.,0.,-1.));
#12048=DIRECTION('',(0.,0.,-1.));
#12049=DIRECTION('',(0.,0.,-1.));
#12050=DIRECTION('',(0.,0.,-1.));
#12051=DIRECTION('',(0.,0.,-1.));
#12052=DIRECTION('',(0.,0.,-1.));
#12053=DIRECTION('',(0.,0.,-1.));
#12054=DIRECTION('',(0.,0.,-1.));
#12055=DIRECTION('',(0.,0.,-1.));
#12056=DIRECTION('',(0.,0.,-1.));
#12057=DIRECTION('',(0.,0.,-1.));
#12058=DIRECTION('center_axis',(0.,0.,-1.));
#12059=DIRECTION('ref_axis',(-1.,0.,0.));
#12060=DIRECTION('center_axis',(0.,0.,-1.));
#12061=DIRECTION('ref_axis',(-1.,0.,0.));
#12062=DIRECTION('center_axis',(0.00406205751568836,0.999991749810337,0.));
#12063=DIRECTION('ref_axis',(0.999991749810337,-0.00406205751568836,0.));
#12064=DIRECTION('',(-0.999991749810337,0.00406205751568836,0.));
#12065=DIRECTION('',(0.,0.,-1.));
#12066=DIRECTION('',(0.999991749810337,-0.00406205751568836,0.));
#12067=DIRECTION('',(0.,0.,-1.));
#12068=DIRECTION('center_axis',(-0.999991749810337,0.00406205751568541,
0.));
#12069=DIRECTION('ref_axis',(0.00406205751568541,0.999991749810337,0.));
#12070=DIRECTION('',(-0.00406205751568541,-0.999991749810337,0.));
#12071=DIRECTION('',(0.00406205751568541,0.999991749810337,0.));
#12072=DIRECTION('',(0.,0.,-1.));
#12073=DIRECTION('center_axis',(0.00406205751568383,0.999991749810337,0.));
#12074=DIRECTION('ref_axis',(0.999991749810337,-0.00406205751568383,0.));
#12075=DIRECTION('',(-0.999991749810337,0.00406205751568383,0.));
#12076=DIRECTION('',(0.999991749810337,-0.00406205751568383,0.));
#12077=DIRECTION('',(0.,0.,-1.));
#12078=DIRECTION('center_axis',(-0.999991749810337,0.00406205751568687,
0.));
#12079=DIRECTION('ref_axis',(0.00406205751568687,0.999991749810337,0.));
#12080=DIRECTION('',(-0.00406205751568687,-0.999991749810337,0.));
#12081=DIRECTION('',(0.00406205751568687,0.999991749810337,0.));
#12082=DIRECTION('',(0.,0.,-1.));
#12083=DIRECTION('center_axis',(-0.0040620575156856,-0.999991749810337,
0.));
#12084=DIRECTION('ref_axis',(-0.999991749810337,0.0040620575156856,0.));
#12085=DIRECTION('',(0.999991749810337,-0.0040620575156856,0.));
#12086=DIRECTION('',(-0.999991749810337,0.0040620575156856,0.));
#12087=DIRECTION('',(0.,0.,-1.));
#12088=DIRECTION('center_axis',(0.999991749810337,-0.00406205751568577,
0.));
#12089=DIRECTION('ref_axis',(-0.00406205751568577,-0.999991749810337,0.));
#12090=DIRECTION('',(0.00406205751568577,0.999991749810337,0.));
#12091=DIRECTION('',(-0.00406205751568577,-0.999991749810337,0.));
#12092=DIRECTION('center_axis',(0.,0.,-1.));
#12093=DIRECTION('ref_axis',(-1.,0.,0.));
#12094=DIRECTION('center_axis',(0.,0.,-1.));
#12095=DIRECTION('ref_axis',(-1.,0.,0.));
#12096=DIRECTION('center_axis',(-0.28544732077704,0.958394400579015,0.));
#12097=DIRECTION('ref_axis',(0.958394400579015,0.28544732077704,0.));
#12098=DIRECTION('',(-0.958394400579015,-0.28544732077704,0.));
#12099=DIRECTION('',(0.,0.,-1.));
#12100=DIRECTION('',(0.958394400579015,0.28544732077704,0.));
#12101=DIRECTION('',(0.,0.,-1.));
#12102=DIRECTION('',(0.,0.,-1.));
#12103=DIRECTION('',(0.,0.,-1.));
#12104=DIRECTION('',(0.,0.,-1.));
#12105=DIRECTION('',(0.,0.,-1.));
#12106=DIRECTION('',(0.,0.,-1.));
#12107=DIRECTION('',(0.,0.,-1.));
#12108=DIRECTION('',(0.,0.,-1.));
#12109=DIRECTION('',(0.,0.,-1.));
#12110=DIRECTION('',(0.,0.,-1.));
#12111=DIRECTION('',(0.,0.,-1.));
#12112=DIRECTION('center_axis',(-0.221152157985806,-0.975239315767274,0.));
#12113=DIRECTION('ref_axis',(-0.975239315767274,0.221152157985806,0.));
#12114=DIRECTION('',(0.975239315767274,-0.221152157985806,0.));
#12115=DIRECTION('',(-0.975239315767274,0.221152157985806,0.));
#12116=DIRECTION('',(0.,0.,-1.));
#12117=DIRECTION('',(0.,0.,-1.));
#12118=DIRECTION('',(0.,0.,-1.));
#12119=DIRECTION('',(0.,0.,-1.));
#12120=DIRECTION('',(0.,0.,-1.));
#12121=DIRECTION('',(0.,0.,-1.));
#12122=DIRECTION('',(0.,0.,-1.));
#12123=DIRECTION('',(0.,0.,-1.));
#12124=DIRECTION('',(0.,0.,-1.));
#12125=DIRECTION('center_axis',(0.,0.,-1.));
#12126=DIRECTION('ref_axis',(-1.,0.,0.));
#12127=DIRECTION('center_axis',(0.,0.,-1.));
#12128=DIRECTION('ref_axis',(-1.,0.,0.));
#12129=DIRECTION('axis',(0.,0.,1.));
#12130=DIRECTION('refdir',(1.,0.,0.));
#12131=DIRECTION('axis',(0.,0.,1.));
#12132=DIRECTION('refdir',(1.,0.,0.));
#12133=DIRECTION('center_axis',(0.,0.,1.));
#12134=DIRECTION('ref_axis',(-1.,0.,0.));
#12135=DIRECTION('center_axis',(0.,0.,1.));
#12136=DIRECTION('ref_axis',(-1.,0.,0.));
#12137=DIRECTION('',(0.,0.,1.));
#12138=DIRECTION('center_axis',(0.,0.,1.));
#12139=DIRECTION('ref_axis',(-1.,0.,0.));
#12140=DIRECTION('center_axis',(0.,0.,-1.));
#12141=DIRECTION('ref_axis',(-1.,0.,0.));
#12142=DIRECTION('center_axis',(0.984807753012208,0.,-0.17364817766693));
#12143=DIRECTION('ref_axis',(0.,-1.,0.));
#12144=DIRECTION('',(0.,-1.,0.));
#12145=DIRECTION('',(0.171087869746036,-0.171087869746036,0.970287525247814));
#12146=DIRECTION('',(0.,1.,0.));
#12147=DIRECTION('',(-0.171087869746036,-0.171087869746036,-0.970287525247814));
#12148=DIRECTION('center_axis',(-2.24890432021851E-18,-0.984807753012208,
-0.17364817766693));
#12149=DIRECTION('ref_axis',(-1.,-2.2489043202185E-18,2.57050940040035E-17));
#12150=DIRECTION('',(-1.,0.,0.));
#12151=DIRECTION('',(-0.171087869746036,-0.171087869746036,0.970287525247814));
#12152=DIRECTION('',(1.,-2.28359729433469E-18,0.));
#12153=DIRECTION('center_axis',(-0.984807753012208,0.,-0.17364817766693));
#12154=DIRECTION('ref_axis',(0.,1.,0.));
#12155=DIRECTION('',(0.,1.,0.));
#12156=DIRECTION('',(0.171087869746036,-0.171087869746036,-0.970287525247814));
#12157=DIRECTION('',(0.,-1.,0.));
#12158=DIRECTION('center_axis',(0.,0.984807753012208,-0.17364817766693));
#12159=DIRECTION('ref_axis',(1.,0.,0.));
#12160=DIRECTION('',(1.,0.,0.));
#12161=DIRECTION('',(-1.,0.,0.));
#12162=DIRECTION('center_axis',(0.,0.,-1.));
#12163=DIRECTION('ref_axis',(-1.,0.,0.));
#12164=DIRECTION('center_axis',(0.,0.,-1.));
#12165=DIRECTION('ref_axis',(-1.,0.,0.));
#12166=DIRECTION('',(-1.,0.,0.));
#12167=DIRECTION('',(0.,-1.,0.));
#12168=DIRECTION('',(1.,0.,0.));
#12169=DIRECTION('',(0.,1.,0.));
#12170=DIRECTION('center_axis',(1.,0.,0.));
#12171=DIRECTION('ref_axis',(0.,-1.,0.));
#12172=DIRECTION('',(0.,0.,-1.));
#12173=DIRECTION('',(0.,0.,-1.));
#12174=DIRECTION('center_axis',(0.,-1.,0.));
#12175=DIRECTION('ref_axis',(-1.,0.,0.));
#12176=DIRECTION('',(0.,0.,-1.));
#12177=DIRECTION('center_axis',(-1.,0.,0.));
#12178=DIRECTION('ref_axis',(0.,1.,0.));
#12179=DIRECTION('',(0.,0.,-1.));
#12180=DIRECTION('center_axis',(0.,1.,0.));
#12181=DIRECTION('ref_axis',(1.,0.,0.));
#12182=DIRECTION('axis',(0.,0.,1.));
#12183=DIRECTION('refdir',(1.,0.,0.));
#12184=DIRECTION('center_axis',(0.,1.,0.));
#12185=DIRECTION('ref_axis',(-5.55111512312579E-15,0.,-1.));
#12186=DIRECTION('center_axis',(0.,-1.,0.));
#12187=DIRECTION('ref_axis',(-5.55111512312579E-15,0.,-1.));
#12188=DIRECTION('',(0.,1.,0.));
#12189=DIRECTION('center_axis',(0.,1.,0.));
#12190=DIRECTION('ref_axis',(-5.55111512312579E-15,0.,-1.));
#12191=DIRECTION('',(0.,1.,0.));
#12192=DIRECTION('center_axis',(0.,1.,0.));
#12193=DIRECTION('ref_axis',(4.47034798067846E-8,0.,0.999999999999999));
#12194=DIRECTION('center_axis',(0.,-1.,0.));
#12195=DIRECTION('ref_axis',(4.47034798067846E-8,0.,0.999999999999999));
#12196=DIRECTION('center_axis',(0.,-1.,0.));
#12197=DIRECTION('ref_axis',(4.47034798067846E-8,0.,0.999999999999999));
#12198=DIRECTION('',(0.,1.,0.));
#12199=DIRECTION('center_axis',(-4.4703485950019E-8,0.,-0.999999999999999));
#12200=DIRECTION('ref_axis',(-0.999999999999999,0.,4.4703485950019E-8));
#12201=DIRECTION('',(-0.999999999999999,0.,4.4703485950019E-8));
#12202=DIRECTION('',(-0.999999999999999,0.,4.4703485950019E-8));
#12203=DIRECTION('',(0.,1.,0.));
#12204=DIRECTION('center_axis',(1.,0.,0.));
#12205=DIRECTION('ref_axis',(0.,0.,-1.));
#12206=DIRECTION('',(0.,0.,-1.));
#12207=DIRECTION('',(0.,0.,-1.));
#12208=DIRECTION('',(0.,1.,0.));
#12209=DIRECTION('center_axis',(4.4703485950019E-8,0.,0.999999999999999));
#12210=DIRECTION('ref_axis',(0.999999999999999,0.,-4.4703485950019E-8));
#12211=DIRECTION('',(-0.999999999999999,0.,4.4703485950019E-8));
#12212=DIRECTION('',(0.999999999999999,0.,-4.4703485950019E-8));
#12213=DIRECTION('',(0.,1.,0.));
#12214=DIRECTION('center_axis',(0.,1.,0.));
#12215=DIRECTION('ref_axis',(4.47034828907375E-8,0.,0.999999999999999));
#12216=DIRECTION('center_axis',(0.,-1.,0.));
#12217=DIRECTION('ref_axis',(4.47034828907375E-8,0.,0.999999999999999));
#12218=DIRECTION('center_axis',(0.,1.,0.));
#12219=DIRECTION('ref_axis',(4.47034828907375E-8,0.,0.999999999999999));
#12220=DIRECTION('',(0.,1.,0.));
#12221=DIRECTION('center_axis',(0.,1.,0.));
#12222=DIRECTION('ref_axis',(0.,0.,-1.));
#12223=DIRECTION('center_axis',(0.,-1.,0.));
#12224=DIRECTION('ref_axis',(0.,0.,-1.));
#12225=DIRECTION('center_axis',(0.,-1.,0.));
#12226=DIRECTION('ref_axis',(0.,0.,-1.));
#12227=DIRECTION('',(0.,1.,0.));
#12228=DIRECTION('center_axis',(0.,0.,1.));
#12229=DIRECTION('ref_axis',(1.,0.,0.));
#12230=DIRECTION('',(1.,0.,0.));
#12231=DIRECTION('',(1.,0.,0.));
#12232=DIRECTION('',(0.,1.,0.));
#12233=DIRECTION('center_axis',(-1.,0.,0.));
#12234=DIRECTION('ref_axis',(0.,0.,1.));
#12235=DIRECTION('',(0.,0.,1.));
#12236=DIRECTION('',(0.,0.,1.));
#12237=DIRECTION('',(0.,1.,0.));
#12238=DIRECTION('center_axis',(0.,0.,-1.));
#12239=DIRECTION('ref_axis',(-1.,0.,0.));
#12240=DIRECTION('',(1.,0.,0.));
#12241=DIRECTION('',(-1.,0.,0.));
#12242=DIRECTION('center_axis',(0.,-1.,0.));
#12243=DIRECTION('ref_axis',(1.,0.,0.));
#12244=DIRECTION('center_axis',(0.,-1.,0.));
#12245=DIRECTION('ref_axis',(1.,0.,0.));
#12246=DIRECTION('center_axis',(0.,1.,0.));
#12247=DIRECTION('ref_axis',(-5.55111512312579E-15,0.,-1.));
#12248=DIRECTION('center_axis',(0.,-1.,0.));
#12249=DIRECTION('ref_axis',(-5.55111512312579E-15,0.,-1.));
#12250=DIRECTION('',(0.,1.,0.));
#12251=DIRECTION('center_axis',(0.,1.,0.));
#12252=DIRECTION('ref_axis',(-5.55111512312579E-15,0.,-1.));
#12253=DIRECTION('',(0.,1.,0.));
#12254=DIRECTION('center_axis',(0.,1.,0.));
#12255=DIRECTION('ref_axis',(4.47034798067846E-8,0.,0.999999999999999));
#12256=DIRECTION('center_axis',(0.,-1.,0.));
#12257=DIRECTION('ref_axis',(4.47034798067846E-8,0.,0.999999999999999));
#12258=DIRECTION('center_axis',(0.,-1.,0.));
#12259=DIRECTION('ref_axis',(4.47034798067846E-8,0.,0.999999999999999));
#12260=DIRECTION('',(0.,1.,0.));
#12261=DIRECTION('center_axis',(-4.4703485950019E-8,0.,-0.999999999999999));
#12262=DIRECTION('ref_axis',(-0.999999999999999,0.,4.4703485950019E-8));
#12263=DIRECTION('',(-0.999999999999999,0.,4.4703485950019E-8));
#12264=DIRECTION('',(-0.999999999999999,0.,4.4703485950019E-8));
#12265=DIRECTION('',(0.,1.,0.));
#12266=DIRECTION('center_axis',(1.,0.,0.));
#12267=DIRECTION('ref_axis',(0.,0.,-1.));
#12268=DIRECTION('',(0.,0.,-1.));
#12269=DIRECTION('',(0.,0.,-1.));
#12270=DIRECTION('',(0.,1.,0.));
#12271=DIRECTION('center_axis',(4.4703485950019E-8,0.,0.999999999999999));
#12272=DIRECTION('ref_axis',(0.999999999999999,0.,-4.4703485950019E-8));
#12273=DIRECTION('',(-0.999999999999999,0.,4.4703485950019E-8));
#12274=DIRECTION('',(0.999999999999999,0.,-4.4703485950019E-8));
#12275=DIRECTION('',(0.,1.,0.));
#12276=DIRECTION('center_axis',(0.,1.,0.));
#12277=DIRECTION('ref_axis',(4.47034828907375E-8,0.,0.999999999999999));
#12278=DIRECTION('center_axis',(0.,-1.,0.));
#12279=DIRECTION('ref_axis',(4.47034828907375E-8,0.,0.999999999999999));
#12280=DIRECTION('center_axis',(0.,1.,0.));
#12281=DIRECTION('ref_axis',(4.47034828907375E-8,0.,0.999999999999999));
#12282=DIRECTION('',(0.,1.,0.));
#12283=DIRECTION('center_axis',(0.,1.,0.));
#12284=DIRECTION('ref_axis',(0.,0.,-1.));
#12285=DIRECTION('center_axis',(0.,-1.,0.));
#12286=DIRECTION('ref_axis',(0.,0.,-1.));
#12287=DIRECTION('center_axis',(0.,-1.,0.));
#12288=DIRECTION('ref_axis',(0.,0.,-1.));
#12289=DIRECTION('',(0.,1.,0.));
#12290=DIRECTION('center_axis',(0.,0.,1.));
#12291=DIRECTION('ref_axis',(1.,0.,0.));
#12292=DIRECTION('',(1.,0.,0.));
#12293=DIRECTION('',(1.,0.,0.));
#12294=DIRECTION('',(0.,1.,0.));
#12295=DIRECTION('center_axis',(-1.,0.,0.));
#12296=DIRECTION('ref_axis',(0.,0.,1.));
#12297=DIRECTION('',(0.,0.,1.));
#12298=DIRECTION('',(0.,0.,1.));
#12299=DIRECTION('',(0.,1.,0.));
#12300=DIRECTION('center_axis',(0.,0.,-1.));
#12301=DIRECTION('ref_axis',(-1.,0.,0.));
#12302=DIRECTION('',(1.,0.,0.));
#12303=DIRECTION('',(-1.,0.,0.));
#12304=DIRECTION('center_axis',(0.,-1.,0.));
#12305=DIRECTION('ref_axis',(1.,0.,0.));
#12306=DIRECTION('center_axis',(0.,-1.,0.));
#12307=DIRECTION('ref_axis',(1.,0.,0.));
#12308=DIRECTION('center_axis',(0.,1.,0.));
#12309=DIRECTION('ref_axis',(-5.55111512312579E-15,0.,-1.));
#12310=DIRECTION('center_axis',(0.,-1.,0.));
#12311=DIRECTION('ref_axis',(-5.55111512312579E-15,0.,-1.));
#12312=DIRECTION('',(0.,1.,0.));
#12313=DIRECTION('center_axis',(0.,1.,0.));
#12314=DIRECTION('ref_axis',(-5.55111512312579E-15,0.,-1.));
#12315=DIRECTION('',(0.,1.,0.));
#12316=DIRECTION('center_axis',(0.,1.,0.));
#12317=DIRECTION('ref_axis',(4.47034798067846E-8,0.,0.999999999999999));
#12318=DIRECTION('center_axis',(0.,-1.,0.));
#12319=DIRECTION('ref_axis',(4.47034798067846E-8,0.,0.999999999999999));
#12320=DIRECTION('center_axis',(0.,-1.,0.));
#12321=DIRECTION('ref_axis',(4.47034798067846E-8,0.,0.999999999999999));
#12322=DIRECTION('',(0.,1.,0.));
#12323=DIRECTION('center_axis',(-4.4703485950019E-8,0.,-0.999999999999999));
#12324=DIRECTION('ref_axis',(-0.999999999999999,0.,4.4703485950019E-8));
#12325=DIRECTION('',(-0.999999999999999,0.,4.4703485950019E-8));
#12326=DIRECTION('',(-0.999999999999999,0.,4.4703485950019E-8));
#12327=DIRECTION('',(0.,1.,0.));
#12328=DIRECTION('center_axis',(1.,0.,0.));
#12329=DIRECTION('ref_axis',(0.,0.,-1.));
#12330=DIRECTION('',(0.,0.,-1.));
#12331=DIRECTION('',(0.,0.,-1.));
#12332=DIRECTION('',(0.,1.,0.));
#12333=DIRECTION('center_axis',(4.4703485950019E-8,0.,0.999999999999999));
#12334=DIRECTION('ref_axis',(0.999999999999999,0.,-4.4703485950019E-8));
#12335=DIRECTION('',(-0.999999999999999,0.,4.4703485950019E-8));
#12336=DIRECTION('',(0.999999999999999,0.,-4.4703485950019E-8));
#12337=DIRECTION('',(0.,1.,0.));
#12338=DIRECTION('center_axis',(0.,1.,0.));
#12339=DIRECTION('ref_axis',(4.47034828907375E-8,0.,0.999999999999999));
#12340=DIRECTION('center_axis',(0.,-1.,0.));
#12341=DIRECTION('ref_axis',(4.47034828907375E-8,0.,0.999999999999999));
#12342=DIRECTION('center_axis',(0.,1.,0.));
#12343=DIRECTION('ref_axis',(4.47034828907375E-8,0.,0.999999999999999));
#12344=DIRECTION('',(0.,1.,0.));
#12345=DIRECTION('center_axis',(0.,1.,0.));
#12346=DIRECTION('ref_axis',(0.,0.,-1.));
#12347=DIRECTION('center_axis',(0.,-1.,0.));
#12348=DIRECTION('ref_axis',(0.,0.,-1.));
#12349=DIRECTION('center_axis',(0.,-1.,0.));
#12350=DIRECTION('ref_axis',(0.,0.,-1.));
#12351=DIRECTION('',(0.,1.,0.));
#12352=DIRECTION('center_axis',(0.,0.,1.));
#12353=DIRECTION('ref_axis',(1.,0.,0.));
#12354=DIRECTION('',(1.,0.,0.));
#12355=DIRECTION('',(1.,0.,0.));
#12356=DIRECTION('',(0.,1.,0.));
#12357=DIRECTION('center_axis',(-1.,0.,0.));
#12358=DIRECTION('ref_axis',(0.,0.,1.));
#12359=DIRECTION('',(0.,0.,1.));
#12360=DIRECTION('',(0.,0.,1.));
#12361=DIRECTION('',(0.,1.,0.));
#12362=DIRECTION('center_axis',(0.,0.,-1.));
#12363=DIRECTION('ref_axis',(-1.,0.,0.));
#12364=DIRECTION('',(1.,0.,0.));
#12365=DIRECTION('',(-1.,0.,0.));
#12366=DIRECTION('center_axis',(0.,-1.,0.));
#12367=DIRECTION('ref_axis',(1.,0.,0.));
#12368=DIRECTION('center_axis',(0.,-1.,0.));
#12369=DIRECTION('ref_axis',(1.,0.,0.));
#12370=DIRECTION('center_axis',(0.,1.,0.));
#12371=DIRECTION('ref_axis',(-5.55111512312579E-15,0.,-1.));
#12372=DIRECTION('center_axis',(0.,-1.,0.));
#12373=DIRECTION('ref_axis',(-5.55111512312579E-15,0.,-1.));
#12374=DIRECTION('',(0.,1.,0.));
#12375=DIRECTION('center_axis',(0.,1.,0.));
#12376=DIRECTION('ref_axis',(-5.55111512312579E-15,0.,-1.));
#12377=DIRECTION('',(0.,1.,0.));
#12378=DIRECTION('center_axis',(0.,1.,0.));
#12379=DIRECTION('ref_axis',(4.47034798067846E-8,0.,0.999999999999999));
#12380=DIRECTION('center_axis',(0.,-1.,0.));
#12381=DIRECTION('ref_axis',(4.47034798067846E-8,0.,0.999999999999999));
#12382=DIRECTION('center_axis',(0.,-1.,0.));
#12383=DIRECTION('ref_axis',(4.47034798067846E-8,0.,0.999999999999999));
#12384=DIRECTION('',(0.,1.,0.));
#12385=DIRECTION('center_axis',(-4.4703485950019E-8,0.,-0.999999999999999));
#12386=DIRECTION('ref_axis',(-0.999999999999999,0.,4.4703485950019E-8));
#12387=DIRECTION('',(-0.999999999999999,0.,4.4703485950019E-8));
#12388=DIRECTION('',(-0.999999999999999,0.,4.4703485950019E-8));
#12389=DIRECTION('',(0.,1.,0.));
#12390=DIRECTION('center_axis',(1.,0.,0.));
#12391=DIRECTION('ref_axis',(0.,0.,-1.));
#12392=DIRECTION('',(0.,0.,-1.));
#12393=DIRECTION('',(0.,0.,-1.));
#12394=DIRECTION('',(0.,1.,0.));
#12395=DIRECTION('center_axis',(4.4703485950019E-8,0.,0.999999999999999));
#12396=DIRECTION('ref_axis',(0.999999999999999,0.,-4.4703485950019E-8));
#12397=DIRECTION('',(-0.999999999999999,0.,4.4703485950019E-8));
#12398=DIRECTION('',(0.999999999999999,0.,-4.4703485950019E-8));
#12399=DIRECTION('',(0.,1.,0.));
#12400=DIRECTION('center_axis',(0.,1.,0.));
#12401=DIRECTION('ref_axis',(4.47034828907375E-8,0.,0.999999999999999));
#12402=DIRECTION('center_axis',(0.,-1.,0.));
#12403=DIRECTION('ref_axis',(4.47034828907375E-8,0.,0.999999999999999));
#12404=DIRECTION('center_axis',(0.,1.,0.));
#12405=DIRECTION('ref_axis',(4.47034828907375E-8,0.,0.999999999999999));
#12406=DIRECTION('',(0.,1.,0.));
#12407=DIRECTION('center_axis',(0.,1.,0.));
#12408=DIRECTION('ref_axis',(0.,0.,-1.));
#12409=DIRECTION('center_axis',(0.,-1.,0.));
#12410=DIRECTION('ref_axis',(0.,0.,-1.));
#12411=DIRECTION('center_axis',(0.,-1.,0.));
#12412=DIRECTION('ref_axis',(0.,0.,-1.));
#12413=DIRECTION('',(0.,1.,0.));
#12414=DIRECTION('center_axis',(0.,0.,1.));
#12415=DIRECTION('ref_axis',(1.,0.,0.));
#12416=DIRECTION('',(1.,0.,0.));
#12417=DIRECTION('',(1.,0.,0.));
#12418=DIRECTION('',(0.,1.,0.));
#12419=DIRECTION('center_axis',(-1.,0.,0.));
#12420=DIRECTION('ref_axis',(0.,0.,1.));
#12421=DIRECTION('',(0.,0.,1.));
#12422=DIRECTION('',(0.,0.,1.));
#12423=DIRECTION('',(0.,1.,0.));
#12424=DIRECTION('center_axis',(0.,0.,-1.));
#12425=DIRECTION('ref_axis',(-1.,0.,0.));
#12426=DIRECTION('',(1.,0.,0.));
#12427=DIRECTION('',(-1.,0.,0.));
#12428=DIRECTION('center_axis',(0.,-1.,0.));
#12429=DIRECTION('ref_axis',(1.,0.,0.));
#12430=DIRECTION('center_axis',(0.,-1.,0.));
#12431=DIRECTION('ref_axis',(1.,0.,0.));
#12432=DIRECTION('center_axis',(0.,1.,0.));
#12433=DIRECTION('ref_axis',(-5.55111512312579E-15,0.,-1.));
#12434=DIRECTION('center_axis',(0.,-1.,0.));
#12435=DIRECTION('ref_axis',(-5.55111512312579E-15,0.,-1.));
#12436=DIRECTION('',(0.,1.,0.));
#12437=DIRECTION('center_axis',(0.,1.,0.));
#12438=DIRECTION('ref_axis',(-5.55111512312579E-15,0.,-1.));
#12439=DIRECTION('',(0.,1.,0.));
#12440=DIRECTION('center_axis',(0.,1.,0.));
#12441=DIRECTION('ref_axis',(4.47034798067846E-8,0.,0.999999999999999));
#12442=DIRECTION('center_axis',(0.,-1.,0.));
#12443=DIRECTION('ref_axis',(4.47034798067846E-8,0.,0.999999999999999));
#12444=DIRECTION('center_axis',(0.,-1.,0.));
#12445=DIRECTION('ref_axis',(4.47034798067846E-8,0.,0.999999999999999));
#12446=DIRECTION('',(0.,1.,0.));
#12447=DIRECTION('center_axis',(-4.4703485950019E-8,0.,-0.999999999999999));
#12448=DIRECTION('ref_axis',(-0.999999999999999,0.,4.4703485950019E-8));
#12449=DIRECTION('',(-0.999999999999999,0.,4.4703485950019E-8));
#12450=DIRECTION('',(-0.999999999999999,0.,4.4703485950019E-8));
#12451=DIRECTION('',(0.,1.,0.));
#12452=DIRECTION('center_axis',(1.,0.,0.));
#12453=DIRECTION('ref_axis',(0.,0.,-1.));
#12454=DIRECTION('',(0.,0.,-1.));
#12455=DIRECTION('',(0.,0.,-1.));
#12456=DIRECTION('',(0.,1.,0.));
#12457=DIRECTION('center_axis',(4.4703485950019E-8,0.,0.999999999999999));
#12458=DIRECTION('ref_axis',(0.999999999999999,0.,-4.4703485950019E-8));
#12459=DIRECTION('',(-0.999999999999999,0.,4.4703485950019E-8));
#12460=DIRECTION('',(0.999999999999999,0.,-4.4703485950019E-8));
#12461=DIRECTION('',(0.,1.,0.));
#12462=DIRECTION('center_axis',(0.,1.,0.));
#12463=DIRECTION('ref_axis',(4.47034828907375E-8,0.,0.999999999999999));
#12464=DIRECTION('center_axis',(0.,-1.,0.));
#12465=DIRECTION('ref_axis',(4.47034828907375E-8,0.,0.999999999999999));
#12466=DIRECTION('center_axis',(0.,1.,0.));
#12467=DIRECTION('ref_axis',(4.47034828907375E-8,0.,0.999999999999999));
#12468=DIRECTION('',(0.,1.,0.));
#12469=DIRECTION('center_axis',(0.,1.,0.));
#12470=DIRECTION('ref_axis',(0.,0.,-1.));
#12471=DIRECTION('center_axis',(0.,-1.,0.));
#12472=DIRECTION('ref_axis',(0.,0.,-1.));
#12473=DIRECTION('center_axis',(0.,-1.,0.));
#12474=DIRECTION('ref_axis',(0.,0.,-1.));
#12475=DIRECTION('',(0.,1.,0.));
#12476=DIRECTION('center_axis',(0.,0.,1.));
#12477=DIRECTION('ref_axis',(1.,0.,0.));
#12478=DIRECTION('',(1.,0.,0.));
#12479=DIRECTION('',(1.,0.,0.));
#12480=DIRECTION('',(0.,1.,0.));
#12481=DIRECTION('center_axis',(-1.,0.,0.));
#12482=DIRECTION('ref_axis',(0.,0.,1.));
#12483=DIRECTION('',(0.,0.,1.));
#12484=DIRECTION('',(0.,0.,1.));
#12485=DIRECTION('',(0.,1.,0.));
#12486=DIRECTION('center_axis',(0.,0.,-1.));
#12487=DIRECTION('ref_axis',(-1.,0.,0.));
#12488=DIRECTION('',(1.,0.,0.));
#12489=DIRECTION('',(-1.,0.,0.));
#12490=DIRECTION('center_axis',(0.,-1.,0.));
#12491=DIRECTION('ref_axis',(1.,0.,0.));
#12492=DIRECTION('center_axis',(0.,-1.,0.));
#12493=DIRECTION('ref_axis',(1.,0.,0.));
#12494=DIRECTION('center_axis',(0.,1.,0.));
#12495=DIRECTION('ref_axis',(-5.55111512312579E-15,0.,-1.));
#12496=DIRECTION('center_axis',(0.,-1.,0.));
#12497=DIRECTION('ref_axis',(-5.55111512312579E-15,0.,-1.));
#12498=DIRECTION('',(0.,1.,0.));
#12499=DIRECTION('center_axis',(0.,1.,0.));
#12500=DIRECTION('ref_axis',(-5.55111512312579E-15,0.,-1.));
#12501=DIRECTION('',(0.,1.,0.));
#12502=DIRECTION('center_axis',(0.,1.,0.));
#12503=DIRECTION('ref_axis',(4.47034798067846E-8,0.,0.999999999999999));
#12504=DIRECTION('center_axis',(0.,-1.,0.));
#12505=DIRECTION('ref_axis',(4.47034798067846E-8,0.,0.999999999999999));
#12506=DIRECTION('center_axis',(0.,-1.,0.));
#12507=DIRECTION('ref_axis',(4.47034798067846E-8,0.,0.999999999999999));
#12508=DIRECTION('',(0.,1.,0.));
#12509=DIRECTION('center_axis',(-4.4703485950019E-8,0.,-0.999999999999999));
#12510=DIRECTION('ref_axis',(-0.999999999999999,0.,4.4703485950019E-8));
#12511=DIRECTION('',(-0.999999999999999,0.,4.4703485950019E-8));
#12512=DIRECTION('',(-0.999999999999999,0.,4.4703485950019E-8));
#12513=DIRECTION('',(0.,1.,0.));
#12514=DIRECTION('center_axis',(1.,0.,0.));
#12515=DIRECTION('ref_axis',(0.,0.,-1.));
#12516=DIRECTION('',(0.,0.,-1.));
#12517=DIRECTION('',(0.,0.,-1.));
#12518=DIRECTION('',(0.,1.,0.));
#12519=DIRECTION('center_axis',(4.4703485950019E-8,0.,0.999999999999999));
#12520=DIRECTION('ref_axis',(0.999999999999999,0.,-4.4703485950019E-8));
#12521=DIRECTION('',(-0.999999999999999,0.,4.4703485950019E-8));
#12522=DIRECTION('',(0.999999999999999,0.,-4.4703485950019E-8));
#12523=DIRECTION('',(0.,1.,0.));
#12524=DIRECTION('center_axis',(0.,1.,0.));
#12525=DIRECTION('ref_axis',(4.47034828907375E-8,0.,0.999999999999999));
#12526=DIRECTION('center_axis',(0.,-1.,0.));
#12527=DIRECTION('ref_axis',(4.47034828907375E-8,0.,0.999999999999999));
#12528=DIRECTION('center_axis',(0.,1.,0.));
#12529=DIRECTION('ref_axis',(4.47034828907375E-8,0.,0.999999999999999));
#12530=DIRECTION('',(0.,1.,0.));
#12531=DIRECTION('center_axis',(0.,1.,0.));
#12532=DIRECTION('ref_axis',(0.,0.,-1.));
#12533=DIRECTION('center_axis',(0.,-1.,0.));
#12534=DIRECTION('ref_axis',(0.,0.,-1.));
#12535=DIRECTION('center_axis',(0.,-1.,0.));
#12536=DIRECTION('ref_axis',(0.,0.,-1.));
#12537=DIRECTION('',(0.,1.,0.));
#12538=DIRECTION('center_axis',(0.,0.,1.));
#12539=DIRECTION('ref_axis',(1.,0.,0.));
#12540=DIRECTION('',(1.,0.,0.));
#12541=DIRECTION('',(1.,0.,0.));
#12542=DIRECTION('',(0.,1.,0.));
#12543=DIRECTION('center_axis',(-1.,0.,0.));
#12544=DIRECTION('ref_axis',(0.,0.,1.));
#12545=DIRECTION('',(0.,0.,1.));
#12546=DIRECTION('',(0.,0.,1.));
#12547=DIRECTION('',(0.,1.,0.));
#12548=DIRECTION('center_axis',(0.,0.,-1.));
#12549=DIRECTION('ref_axis',(-1.,0.,0.));
#12550=DIRECTION('',(1.,0.,0.));
#12551=DIRECTION('',(-1.,0.,0.));
#12552=DIRECTION('center_axis',(0.,-1.,0.));
#12553=DIRECTION('ref_axis',(1.,0.,0.));
#12554=DIRECTION('center_axis',(0.,-1.,0.));
#12555=DIRECTION('ref_axis',(1.,0.,0.));
#12556=DIRECTION('center_axis',(0.,1.,0.));
#12557=DIRECTION('ref_axis',(-5.55111512312579E-15,0.,-1.));
#12558=DIRECTION('center_axis',(0.,-1.,0.));
#12559=DIRECTION('ref_axis',(-5.55111512312579E-15,0.,-1.));
#12560=DIRECTION('',(0.,1.,0.));
#12561=DIRECTION('center_axis',(0.,1.,0.));
#12562=DIRECTION('ref_axis',(-5.55111512312579E-15,0.,-1.));
#12563=DIRECTION('',(0.,1.,0.));
#12564=DIRECTION('center_axis',(0.,1.,0.));
#12565=DIRECTION('ref_axis',(4.47034798067846E-8,0.,0.999999999999999));
#12566=DIRECTION('center_axis',(0.,-1.,0.));
#12567=DIRECTION('ref_axis',(4.47034798067846E-8,0.,0.999999999999999));
#12568=DIRECTION('center_axis',(0.,-1.,0.));
#12569=DIRECTION('ref_axis',(4.47034798067846E-8,0.,0.999999999999999));
#12570=DIRECTION('',(0.,1.,0.));
#12571=DIRECTION('center_axis',(-4.4703485950019E-8,0.,-0.999999999999999));
#12572=DIRECTION('ref_axis',(-0.999999999999999,0.,4.4703485950019E-8));
#12573=DIRECTION('',(-0.999999999999999,0.,4.4703485950019E-8));
#12574=DIRECTION('',(-0.999999999999999,0.,4.4703485950019E-8));
#12575=DIRECTION('',(0.,1.,0.));
#12576=DIRECTION('center_axis',(1.,0.,0.));
#12577=DIRECTION('ref_axis',(0.,0.,-1.));
#12578=DIRECTION('',(0.,0.,-1.));
#12579=DIRECTION('',(0.,0.,-1.));
#12580=DIRECTION('',(0.,1.,0.));
#12581=DIRECTION('center_axis',(4.4703485950019E-8,0.,0.999999999999999));
#12582=DIRECTION('ref_axis',(0.999999999999999,0.,-4.4703485950019E-8));
#12583=DIRECTION('',(-0.999999999999999,0.,4.4703485950019E-8));
#12584=DIRECTION('',(0.999999999999999,0.,-4.4703485950019E-8));
#12585=DIRECTION('',(0.,1.,0.));
#12586=DIRECTION('center_axis',(0.,1.,0.));
#12587=DIRECTION('ref_axis',(4.47034828907375E-8,0.,0.999999999999999));
#12588=DIRECTION('center_axis',(0.,-1.,0.));
#12589=DIRECTION('ref_axis',(4.47034828907375E-8,0.,0.999999999999999));
#12590=DIRECTION('center_axis',(0.,1.,0.));
#12591=DIRECTION('ref_axis',(4.47034828907375E-8,0.,0.999999999999999));
#12592=DIRECTION('',(0.,1.,0.));
#12593=DIRECTION('center_axis',(0.,1.,0.));
#12594=DIRECTION('ref_axis',(0.,0.,-1.));
#12595=DIRECTION('center_axis',(0.,-1.,0.));
#12596=DIRECTION('ref_axis',(0.,0.,-1.));
#12597=DIRECTION('center_axis',(0.,-1.,0.));
#12598=DIRECTION('ref_axis',(0.,0.,-1.));
#12599=DIRECTION('',(0.,1.,0.));
#12600=DIRECTION('center_axis',(0.,0.,1.));
#12601=DIRECTION('ref_axis',(1.,0.,0.));
#12602=DIRECTION('',(1.,0.,0.));
#12603=DIRECTION('',(1.,0.,0.));
#12604=DIRECTION('',(0.,1.,0.));
#12605=DIRECTION('center_axis',(-1.,0.,0.));
#12606=DIRECTION('ref_axis',(0.,0.,1.));
#12607=DIRECTION('',(0.,0.,1.));
#12608=DIRECTION('',(0.,0.,1.));
#12609=DIRECTION('',(0.,1.,0.));
#12610=DIRECTION('center_axis',(0.,0.,-1.));
#12611=DIRECTION('ref_axis',(-1.,0.,0.));
#12612=DIRECTION('',(1.,0.,0.));
#12613=DIRECTION('',(-1.,0.,0.));
#12614=DIRECTION('center_axis',(0.,-1.,0.));
#12615=DIRECTION('ref_axis',(1.,0.,0.));
#12616=DIRECTION('center_axis',(0.,-1.,0.));
#12617=DIRECTION('ref_axis',(1.,0.,0.));
#12618=DIRECTION('center_axis',(0.,1.,0.));
#12619=DIRECTION('ref_axis',(-5.55111512312579E-15,0.,-1.));
#12620=DIRECTION('center_axis',(0.,-1.,0.));
#12621=DIRECTION('ref_axis',(-5.55111512312579E-15,0.,-1.));
#12622=DIRECTION('',(0.,1.,0.));
#12623=DIRECTION('center_axis',(0.,1.,0.));
#12624=DIRECTION('ref_axis',(-5.55111512312579E-15,0.,-1.));
#12625=DIRECTION('',(0.,1.,0.));
#12626=DIRECTION('center_axis',(0.,1.,0.));
#12627=DIRECTION('ref_axis',(4.47034798067846E-8,0.,0.999999999999999));
#12628=DIRECTION('center_axis',(0.,-1.,0.));
#12629=DIRECTION('ref_axis',(4.47034798067846E-8,0.,0.999999999999999));
#12630=DIRECTION('center_axis',(0.,-1.,0.));
#12631=DIRECTION('ref_axis',(4.47034798067846E-8,0.,0.999999999999999));
#12632=DIRECTION('',(0.,1.,0.));
#12633=DIRECTION('center_axis',(-4.4703485950019E-8,0.,-0.999999999999999));
#12634=DIRECTION('ref_axis',(-0.999999999999999,0.,4.4703485950019E-8));
#12635=DIRECTION('',(-0.999999999999999,0.,4.4703485950019E-8));
#12636=DIRECTION('',(-0.999999999999999,0.,4.4703485950019E-8));
#12637=DIRECTION('',(0.,1.,0.));
#12638=DIRECTION('center_axis',(1.,0.,0.));
#12639=DIRECTION('ref_axis',(0.,0.,-1.));
#12640=DIRECTION('',(0.,0.,-1.));
#12641=DIRECTION('',(0.,0.,-1.));
#12642=DIRECTION('',(0.,1.,0.));
#12643=DIRECTION('center_axis',(4.4703485950019E-8,0.,0.999999999999999));
#12644=DIRECTION('ref_axis',(0.999999999999999,0.,-4.4703485950019E-8));
#12645=DIRECTION('',(-0.999999999999999,0.,4.4703485950019E-8));
#12646=DIRECTION('',(0.999999999999999,0.,-4.4703485950019E-8));
#12647=DIRECTION('',(0.,1.,0.));
#12648=DIRECTION('center_axis',(0.,1.,0.));
#12649=DIRECTION('ref_axis',(4.47034828907375E-8,0.,0.999999999999999));
#12650=DIRECTION('center_axis',(0.,-1.,0.));
#12651=DIRECTION('ref_axis',(4.47034828907375E-8,0.,0.999999999999999));
#12652=DIRECTION('center_axis',(0.,1.,0.));
#12653=DIRECTION('ref_axis',(4.47034828907375E-8,0.,0.999999999999999));
#12654=DIRECTION('',(0.,1.,0.));
#12655=DIRECTION('center_axis',(0.,1.,0.));
#12656=DIRECTION('ref_axis',(0.,0.,-1.));
#12657=DIRECTION('center_axis',(0.,-1.,0.));
#12658=DIRECTION('ref_axis',(0.,0.,-1.));
#12659=DIRECTION('center_axis',(0.,-1.,0.));
#12660=DIRECTION('ref_axis',(0.,0.,-1.));
#12661=DIRECTION('',(0.,1.,0.));
#12662=DIRECTION('center_axis',(0.,0.,1.));
#12663=DIRECTION('ref_axis',(1.,0.,0.));
#12664=DIRECTION('',(1.,0.,0.));
#12665=DIRECTION('',(1.,0.,0.));
#12666=DIRECTION('',(0.,1.,0.));
#12667=DIRECTION('center_axis',(-1.,0.,0.));
#12668=DIRECTION('ref_axis',(0.,0.,1.));
#12669=DIRECTION('',(0.,0.,1.));
#12670=DIRECTION('',(0.,0.,1.));
#12671=DIRECTION('',(0.,1.,0.));
#12672=DIRECTION('center_axis',(0.,0.,-1.));
#12673=DIRECTION('ref_axis',(-1.,0.,0.));
#12674=DIRECTION('',(1.,0.,0.));
#12675=DIRECTION('',(-1.,0.,0.));
#12676=DIRECTION('center_axis',(0.,-1.,0.));
#12677=DIRECTION('ref_axis',(1.,0.,0.));
#12678=DIRECTION('center_axis',(0.,-1.,0.));
#12679=DIRECTION('ref_axis',(1.,0.,0.));
#12680=DIRECTION('center_axis',(0.,1.,0.));
#12681=DIRECTION('ref_axis',(-5.55111512312579E-15,0.,-1.));
#12682=DIRECTION('center_axis',(0.,-1.,0.));
#12683=DIRECTION('ref_axis',(-5.55111512312579E-15,0.,-1.));
#12684=DIRECTION('',(0.,1.,0.));
#12685=DIRECTION('center_axis',(0.,1.,0.));
#12686=DIRECTION('ref_axis',(-5.55111512312579E-15,0.,-1.));
#12687=DIRECTION('',(0.,1.,0.));
#12688=DIRECTION('center_axis',(0.,1.,0.));
#12689=DIRECTION('ref_axis',(4.47034798067846E-8,0.,0.999999999999999));
#12690=DIRECTION('center_axis',(0.,-1.,0.));
#12691=DIRECTION('ref_axis',(4.47034798067846E-8,0.,0.999999999999999));
#12692=DIRECTION('center_axis',(0.,-1.,0.));
#12693=DIRECTION('ref_axis',(4.47034798067846E-8,0.,0.999999999999999));
#12694=DIRECTION('',(0.,1.,0.));
#12695=DIRECTION('center_axis',(-4.4703485950019E-8,0.,-0.999999999999999));
#12696=DIRECTION('ref_axis',(-0.999999999999999,0.,4.4703485950019E-8));
#12697=DIRECTION('',(-0.999999999999999,0.,4.4703485950019E-8));
#12698=DIRECTION('',(-0.999999999999999,0.,4.4703485950019E-8));
#12699=DIRECTION('',(0.,1.,0.));
#12700=DIRECTION('center_axis',(1.,0.,0.));
#12701=DIRECTION('ref_axis',(0.,0.,-1.));
#12702=DIRECTION('',(0.,0.,-1.));
#12703=DIRECTION('',(0.,0.,-1.));
#12704=DIRECTION('',(0.,1.,0.));
#12705=DIRECTION('center_axis',(4.4703485950019E-8,0.,0.999999999999999));
#12706=DIRECTION('ref_axis',(0.999999999999999,0.,-4.4703485950019E-8));
#12707=DIRECTION('',(-0.999999999999999,0.,4.4703485950019E-8));
#12708=DIRECTION('',(0.999999999999999,0.,-4.4703485950019E-8));
#12709=DIRECTION('',(0.,1.,0.));
#12710=DIRECTION('center_axis',(0.,1.,0.));
#12711=DIRECTION('ref_axis',(4.47034828907375E-8,0.,0.999999999999999));
#12712=DIRECTION('center_axis',(0.,-1.,0.));
#12713=DIRECTION('ref_axis',(4.47034828907375E-8,0.,0.999999999999999));
#12714=DIRECTION('center_axis',(0.,1.,0.));
#12715=DIRECTION('ref_axis',(4.47034828907375E-8,0.,0.999999999999999));
#12716=DIRECTION('',(0.,1.,0.));
#12717=DIRECTION('center_axis',(0.,1.,0.));
#12718=DIRECTION('ref_axis',(0.,0.,-1.));
#12719=DIRECTION('center_axis',(0.,-1.,0.));
#12720=DIRECTION('ref_axis',(0.,0.,-1.));
#12721=DIRECTION('center_axis',(0.,-1.,0.));
#12722=DIRECTION('ref_axis',(0.,0.,-1.));
#12723=DIRECTION('',(0.,1.,0.));
#12724=DIRECTION('center_axis',(0.,0.,1.));
#12725=DIRECTION('ref_axis',(1.,0.,0.));
#12726=DIRECTION('',(1.,0.,0.));
#12727=DIRECTION('',(1.,0.,0.));
#12728=DIRECTION('',(0.,1.,0.));
#12729=DIRECTION('center_axis',(-1.,0.,0.));
#12730=DIRECTION('ref_axis',(0.,0.,1.));
#12731=DIRECTION('',(0.,0.,1.));
#12732=DIRECTION('',(0.,0.,1.));
#12733=DIRECTION('',(0.,1.,0.));
#12734=DIRECTION('center_axis',(0.,0.,-1.));
#12735=DIRECTION('ref_axis',(-1.,0.,0.));
#12736=DIRECTION('',(1.,0.,0.));
#12737=DIRECTION('',(-1.,0.,0.));
#12738=DIRECTION('center_axis',(0.,-1.,0.));
#12739=DIRECTION('ref_axis',(1.,0.,0.));
#12740=DIRECTION('center_axis',(0.,-1.,0.));
#12741=DIRECTION('ref_axis',(1.,0.,0.));
#12742=DIRECTION('center_axis',(0.,1.,0.));
#12743=DIRECTION('ref_axis',(-5.55111512312579E-15,0.,-1.));
#12744=DIRECTION('center_axis',(0.,-1.,0.));
#12745=DIRECTION('ref_axis',(-5.55111512312579E-15,0.,-1.));
#12746=DIRECTION('',(0.,1.,0.));
#12747=DIRECTION('center_axis',(0.,1.,0.));
#12748=DIRECTION('ref_axis',(-5.55111512312579E-15,0.,-1.));
#12749=DIRECTION('',(0.,1.,0.));
#12750=DIRECTION('center_axis',(0.,1.,0.));
#12751=DIRECTION('ref_axis',(4.47034798067846E-8,0.,0.999999999999999));
#12752=DIRECTION('center_axis',(0.,-1.,0.));
#12753=DIRECTION('ref_axis',(4.47034798067846E-8,0.,0.999999999999999));
#12754=DIRECTION('center_axis',(0.,-1.,0.));
#12755=DIRECTION('ref_axis',(4.47034798067846E-8,0.,0.999999999999999));
#12756=DIRECTION('',(0.,1.,0.));
#12757=DIRECTION('center_axis',(-4.4703485950019E-8,0.,-0.999999999999999));
#12758=DIRECTION('ref_axis',(-0.999999999999999,0.,4.4703485950019E-8));
#12759=DIRECTION('',(-0.999999999999999,0.,4.4703485950019E-8));
#12760=DIRECTION('',(-0.999999999999999,0.,4.4703485950019E-8));
#12761=DIRECTION('',(0.,1.,0.));
#12762=DIRECTION('center_axis',(1.,0.,0.));
#12763=DIRECTION('ref_axis',(0.,0.,-1.));
#12764=DIRECTION('',(0.,0.,-1.));
#12765=DIRECTION('',(0.,0.,-1.));
#12766=DIRECTION('',(0.,1.,0.));
#12767=DIRECTION('center_axis',(4.4703485950019E-8,0.,0.999999999999999));
#12768=DIRECTION('ref_axis',(0.999999999999999,0.,-4.4703485950019E-8));
#12769=DIRECTION('',(-0.999999999999999,0.,4.4703485950019E-8));
#12770=DIRECTION('',(0.999999999999999,0.,-4.4703485950019E-8));
#12771=DIRECTION('',(0.,1.,0.));
#12772=DIRECTION('center_axis',(0.,1.,0.));
#12773=DIRECTION('ref_axis',(4.47034828907375E-8,0.,0.999999999999999));
#12774=DIRECTION('center_axis',(0.,-1.,0.));
#12775=DIRECTION('ref_axis',(4.47034828907375E-8,0.,0.999999999999999));
#12776=DIRECTION('center_axis',(0.,1.,0.));
#12777=DIRECTION('ref_axis',(4.47034828907375E-8,0.,0.999999999999999));
#12778=DIRECTION('',(0.,1.,0.));
#12779=DIRECTION('center_axis',(0.,1.,0.));
#12780=DIRECTION('ref_axis',(0.,0.,-1.));
#12781=DIRECTION('center_axis',(0.,-1.,0.));
#12782=DIRECTION('ref_axis',(0.,0.,-1.));
#12783=DIRECTION('center_axis',(0.,-1.,0.));
#12784=DIRECTION('ref_axis',(0.,0.,-1.));
#12785=DIRECTION('',(0.,1.,0.));
#12786=DIRECTION('center_axis',(0.,0.,1.));
#12787=DIRECTION('ref_axis',(1.,0.,0.));
#12788=DIRECTION('',(1.,0.,0.));
#12789=DIRECTION('',(1.,0.,0.));
#12790=DIRECTION('',(0.,1.,0.));
#12791=DIRECTION('center_axis',(-1.,0.,0.));
#12792=DIRECTION('ref_axis',(0.,0.,1.));
#12793=DIRECTION('',(0.,0.,1.));
#12794=DIRECTION('',(0.,0.,1.));
#12795=DIRECTION('',(0.,1.,0.));
#12796=DIRECTION('center_axis',(0.,0.,-1.));
#12797=DIRECTION('ref_axis',(-1.,0.,0.));
#12798=DIRECTION('',(1.,0.,0.));
#12799=DIRECTION('',(-1.,0.,0.));
#12800=DIRECTION('center_axis',(0.,-1.,0.));
#12801=DIRECTION('ref_axis',(1.,0.,0.));
#12802=DIRECTION('center_axis',(0.,-1.,0.));
#12803=DIRECTION('ref_axis',(1.,0.,0.));
#12804=DIRECTION('axis',(0.,0.,1.));
#12805=DIRECTION('refdir',(1.,0.,0.));
#12806=DIRECTION('center_axis',(0.,-1.,0.));
#12807=DIRECTION('ref_axis',(-5.55111512312579E-15,0.,1.));
#12808=DIRECTION('center_axis',(0.,1.,0.));
#12809=DIRECTION('ref_axis',(-5.55111512312579E-15,0.,1.));
#12810=DIRECTION('',(0.,1.,0.));
#12811=DIRECTION('center_axis',(0.,-1.,0.));
#12812=DIRECTION('ref_axis',(-5.55111512312579E-15,0.,1.));
#12813=DIRECTION('',(0.,1.,0.));
#12814=DIRECTION('center_axis',(0.,-1.,0.));
#12815=DIRECTION('ref_axis',(4.47034798067846E-8,0.,-0.999999999999999));
#12816=DIRECTION('center_axis',(0.,1.,0.));
#12817=DIRECTION('ref_axis',(4.47034798067846E-8,0.,-0.999999999999999));
#12818=DIRECTION('',(0.,1.,0.));
#12819=DIRECTION('center_axis',(0.,1.,0.));
#12820=DIRECTION('ref_axis',(4.47034798067846E-8,0.,-0.999999999999999));
#12821=DIRECTION('center_axis',(4.4703485950019E-8,0.,-0.999999999999999));
#12822=DIRECTION('ref_axis',(-0.999999999999999,0.,-4.4703485950019E-8));
#12823=DIRECTION('',(-0.999999999999999,0.,-4.4703485950019E-8));
#12824=DIRECTION('',(0.,1.,0.));
#12825=DIRECTION('',(-0.999999999999999,0.,-4.4703485950019E-8));
#12826=DIRECTION('center_axis',(-1.,0.,0.));
#12827=DIRECTION('ref_axis',(0.,0.,1.));
#12828=DIRECTION('',(0.,0.,1.));
#12829=DIRECTION('',(0.,1.,0.));
#12830=DIRECTION('',(0.,0.,1.));
#12831=DIRECTION('center_axis',(-4.4703485950019E-8,0.,0.999999999999999));
#12832=DIRECTION('ref_axis',(0.999999999999999,0.,4.4703485950019E-8));
#12833=DIRECTION('',(-0.999999999999999,0.,-4.4703485950019E-8));
#12834=DIRECTION('',(0.,1.,0.));
#12835=DIRECTION('',(0.999999999999999,0.,4.4703485950019E-8));
#12836=DIRECTION('center_axis',(0.,-1.,0.));
#12837=DIRECTION('ref_axis',(4.47034828907375E-8,0.,-0.999999999999999));
#12838=DIRECTION('center_axis',(0.,1.,0.));
#12839=DIRECTION('ref_axis',(4.47034828907375E-8,0.,-0.999999999999999));
#12840=DIRECTION('',(0.,1.,0.));
#12841=DIRECTION('center_axis',(0.,-1.,0.));
#12842=DIRECTION('ref_axis',(4.47034828907375E-8,0.,-0.999999999999999));
#12843=DIRECTION('center_axis',(0.,-1.,0.));
#12844=DIRECTION('ref_axis',(0.,0.,1.));
#12845=DIRECTION('center_axis',(0.,1.,0.));
#12846=DIRECTION('ref_axis',(0.,0.,1.));
#12847=DIRECTION('',(0.,1.,0.));
#12848=DIRECTION('center_axis',(0.,1.,0.));
#12849=DIRECTION('ref_axis',(0.,0.,1.));
#12850=DIRECTION('center_axis',(0.,0.,1.));
#12851=DIRECTION('ref_axis',(1.,0.,0.));
#12852=DIRECTION('',(1.,0.,0.));
#12853=DIRECTION('',(0.,1.,0.));
#12854=DIRECTION('',(1.,0.,0.));
#12855=DIRECTION('center_axis',(1.,0.,0.));
#12856=DIRECTION('ref_axis',(0.,0.,-1.));
#12857=DIRECTION('',(0.,0.,-1.));
#12858=DIRECTION('',(0.,1.,0.));
#12859=DIRECTION('',(0.,0.,-1.));
#12860=DIRECTION('center_axis',(0.,0.,-1.));
#12861=DIRECTION('ref_axis',(-1.,0.,0.));
#12862=DIRECTION('',(1.,0.,0.));
#12863=DIRECTION('',(-1.,0.,0.));
#12864=DIRECTION('center_axis',(0.,1.,0.));
#12865=DIRECTION('ref_axis',(1.,0.,0.));
#12866=DIRECTION('center_axis',(0.,1.,0.));
#12867=DIRECTION('ref_axis',(1.,0.,0.));
#12868=DIRECTION('center_axis',(0.,-1.,0.));
#12869=DIRECTION('ref_axis',(-5.55111512312579E-15,0.,1.));
#12870=DIRECTION('center_axis',(0.,1.,0.));
#12871=DIRECTION('ref_axis',(-5.55111512312579E-15,0.,1.));
#12872=DIRECTION('',(0.,1.,0.));
#12873=DIRECTION('center_axis',(0.,-1.,0.));
#12874=DIRECTION('ref_axis',(-5.55111512312579E-15,0.,1.));
#12875=DIRECTION('',(0.,1.,0.));
#12876=DIRECTION('center_axis',(0.,-1.,0.));
#12877=DIRECTION('ref_axis',(4.47034798067846E-8,0.,-0.999999999999999));
#12878=DIRECTION('center_axis',(0.,1.,0.));
#12879=DIRECTION('ref_axis',(4.47034798067846E-8,0.,-0.999999999999999));
#12880=DIRECTION('',(0.,1.,0.));
#12881=DIRECTION('center_axis',(0.,1.,0.));
#12882=DIRECTION('ref_axis',(4.47034798067846E-8,0.,-0.999999999999999));
#12883=DIRECTION('center_axis',(4.4703485950019E-8,0.,-0.999999999999999));
#12884=DIRECTION('ref_axis',(-0.999999999999999,0.,-4.4703485950019E-8));
#12885=DIRECTION('',(-0.999999999999999,0.,-4.4703485950019E-8));
#12886=DIRECTION('',(0.,1.,0.));
#12887=DIRECTION('',(-0.999999999999999,0.,-4.4703485950019E-8));
#12888=DIRECTION('center_axis',(-1.,0.,0.));
#12889=DIRECTION('ref_axis',(0.,0.,1.));
#12890=DIRECTION('',(0.,0.,1.));
#12891=DIRECTION('',(0.,1.,0.));
#12892=DIRECTION('',(0.,0.,1.));
#12893=DIRECTION('center_axis',(-4.4703485950019E-8,0.,0.999999999999999));
#12894=DIRECTION('ref_axis',(0.999999999999999,0.,4.4703485950019E-8));
#12895=DIRECTION('',(-0.999999999999999,0.,-4.4703485950019E-8));
#12896=DIRECTION('',(0.,1.,0.));
#12897=DIRECTION('',(0.999999999999999,0.,4.4703485950019E-8));
#12898=DIRECTION('center_axis',(0.,-1.,0.));
#12899=DIRECTION('ref_axis',(4.47034828907375E-8,0.,-0.999999999999999));
#12900=DIRECTION('center_axis',(0.,1.,0.));
#12901=DIRECTION('ref_axis',(4.47034828907375E-8,0.,-0.999999999999999));
#12902=DIRECTION('',(0.,1.,0.));
#12903=DIRECTION('center_axis',(0.,-1.,0.));
#12904=DIRECTION('ref_axis',(4.47034828907375E-8,0.,-0.999999999999999));
#12905=DIRECTION('center_axis',(0.,-1.,0.));
#12906=DIRECTION('ref_axis',(0.,0.,1.));
#12907=DIRECTION('center_axis',(0.,1.,0.));
#12908=DIRECTION('ref_axis',(0.,0.,1.));
#12909=DIRECTION('',(0.,1.,0.));
#12910=DIRECTION('center_axis',(0.,1.,0.));
#12911=DIRECTION('ref_axis',(0.,0.,1.));
#12912=DIRECTION('center_axis',(0.,0.,1.));
#12913=DIRECTION('ref_axis',(1.,0.,0.));
#12914=DIRECTION('',(1.,0.,0.));
#12915=DIRECTION('',(0.,1.,0.));
#12916=DIRECTION('',(1.,0.,0.));
#12917=DIRECTION('center_axis',(1.,0.,0.));
#12918=DIRECTION('ref_axis',(0.,0.,-1.));
#12919=DIRECTION('',(0.,0.,-1.));
#12920=DIRECTION('',(0.,1.,0.));
#12921=DIRECTION('',(0.,0.,-1.));
#12922=DIRECTION('center_axis',(0.,0.,-1.));
#12923=DIRECTION('ref_axis',(-1.,0.,0.));
#12924=DIRECTION('',(1.,0.,0.));
#12925=DIRECTION('',(-1.,0.,0.));
#12926=DIRECTION('center_axis',(0.,1.,0.));
#12927=DIRECTION('ref_axis',(1.,0.,0.));
#12928=DIRECTION('center_axis',(0.,1.,0.));
#12929=DIRECTION('ref_axis',(1.,0.,0.));
#12930=DIRECTION('center_axis',(0.,-1.,0.));
#12931=DIRECTION('ref_axis',(-5.55111512312579E-15,0.,1.));
#12932=DIRECTION('center_axis',(0.,1.,0.));
#12933=DIRECTION('ref_axis',(-5.55111512312579E-15,0.,1.));
#12934=DIRECTION('',(0.,1.,0.));
#12935=DIRECTION('center_axis',(0.,-1.,0.));
#12936=DIRECTION('ref_axis',(-5.55111512312579E-15,0.,1.));
#12937=DIRECTION('',(0.,1.,0.));
#12938=DIRECTION('center_axis',(0.,-1.,0.));
#12939=DIRECTION('ref_axis',(4.47034798067846E-8,0.,-0.999999999999999));
#12940=DIRECTION('center_axis',(0.,1.,0.));
#12941=DIRECTION('ref_axis',(4.47034798067846E-8,0.,-0.999999999999999));
#12942=DIRECTION('',(0.,1.,0.));
#12943=DIRECTION('center_axis',(0.,1.,0.));
#12944=DIRECTION('ref_axis',(4.47034798067846E-8,0.,-0.999999999999999));
#12945=DIRECTION('center_axis',(4.4703485950019E-8,0.,-0.999999999999999));
#12946=DIRECTION('ref_axis',(-0.999999999999999,0.,-4.4703485950019E-8));
#12947=DIRECTION('',(-0.999999999999999,0.,-4.4703485950019E-8));
#12948=DIRECTION('',(0.,1.,0.));
#12949=DIRECTION('',(-0.999999999999999,0.,-4.4703485950019E-8));
#12950=DIRECTION('center_axis',(-1.,0.,0.));
#12951=DIRECTION('ref_axis',(0.,0.,1.));
#12952=DIRECTION('',(0.,0.,1.));
#12953=DIRECTION('',(0.,1.,0.));
#12954=DIRECTION('',(0.,0.,1.));
#12955=DIRECTION('center_axis',(-4.4703485950019E-8,0.,0.999999999999999));
#12956=DIRECTION('ref_axis',(0.999999999999999,0.,4.4703485950019E-8));
#12957=DIRECTION('',(-0.999999999999999,0.,-4.4703485950019E-8));
#12958=DIRECTION('',(0.,1.,0.));
#12959=DIRECTION('',(0.999999999999999,0.,4.4703485950019E-8));
#12960=DIRECTION('center_axis',(0.,-1.,0.));
#12961=DIRECTION('ref_axis',(4.47034828907375E-8,0.,-0.999999999999999));
#12962=DIRECTION('center_axis',(0.,1.,0.));
#12963=DIRECTION('ref_axis',(4.47034828907375E-8,0.,-0.999999999999999));
#12964=DIRECTION('',(0.,1.,0.));
#12965=DIRECTION('center_axis',(0.,-1.,0.));
#12966=DIRECTION('ref_axis',(4.47034828907375E-8,0.,-0.999999999999999));
#12967=DIRECTION('center_axis',(0.,-1.,0.));
#12968=DIRECTION('ref_axis',(0.,0.,1.));
#12969=DIRECTION('center_axis',(0.,1.,0.));
#12970=DIRECTION('ref_axis',(0.,0.,1.));
#12971=DIRECTION('',(0.,1.,0.));
#12972=DIRECTION('center_axis',(0.,1.,0.));
#12973=DIRECTION('ref_axis',(0.,0.,1.));
#12974=DIRECTION('center_axis',(0.,0.,1.));
#12975=DIRECTION('ref_axis',(1.,0.,0.));
#12976=DIRECTION('',(1.,0.,0.));
#12977=DIRECTION('',(0.,1.,0.));
#12978=DIRECTION('',(1.,0.,0.));
#12979=DIRECTION('center_axis',(1.,0.,0.));
#12980=DIRECTION('ref_axis',(0.,0.,-1.));
#12981=DIRECTION('',(0.,0.,-1.));
#12982=DIRECTION('',(0.,1.,0.));
#12983=DIRECTION('',(0.,0.,-1.));
#12984=DIRECTION('center_axis',(0.,0.,-1.));
#12985=DIRECTION('ref_axis',(-1.,0.,0.));
#12986=DIRECTION('',(1.,0.,0.));
#12987=DIRECTION('',(-1.,0.,0.));
#12988=DIRECTION('center_axis',(0.,1.,0.));
#12989=DIRECTION('ref_axis',(1.,0.,0.));
#12990=DIRECTION('center_axis',(0.,1.,0.));
#12991=DIRECTION('ref_axis',(1.,0.,0.));
#12992=DIRECTION('center_axis',(0.,-1.,0.));
#12993=DIRECTION('ref_axis',(-5.55111512312579E-15,0.,1.));
#12994=DIRECTION('center_axis',(0.,1.,0.));
#12995=DIRECTION('ref_axis',(-5.55111512312579E-15,0.,1.));
#12996=DIRECTION('',(0.,1.,0.));
#12997=DIRECTION('center_axis',(0.,-1.,0.));
#12998=DIRECTION('ref_axis',(-5.55111512312579E-15,0.,1.));
#12999=DIRECTION('',(0.,1.,0.));
#13000=DIRECTION('center_axis',(0.,-1.,0.));
#13001=DIRECTION('ref_axis',(4.47034798067846E-8,0.,-0.999999999999999));
#13002=DIRECTION('center_axis',(0.,1.,0.));
#13003=DIRECTION('ref_axis',(4.47034798067846E-8,0.,-0.999999999999999));
#13004=DIRECTION('',(0.,1.,0.));
#13005=DIRECTION('center_axis',(0.,1.,0.));
#13006=DIRECTION('ref_axis',(4.47034798067846E-8,0.,-0.999999999999999));
#13007=DIRECTION('center_axis',(4.4703485950019E-8,0.,-0.999999999999999));
#13008=DIRECTION('ref_axis',(-0.999999999999999,0.,-4.4703485950019E-8));
#13009=DIRECTION('',(-0.999999999999999,0.,-4.4703485950019E-8));
#13010=DIRECTION('',(0.,1.,0.));
#13011=DIRECTION('',(-0.999999999999999,0.,-4.4703485950019E-8));
#13012=DIRECTION('center_axis',(-1.,0.,0.));
#13013=DIRECTION('ref_axis',(0.,0.,1.));
#13014=DIRECTION('',(0.,0.,1.));
#13015=DIRECTION('',(0.,1.,0.));
#13016=DIRECTION('',(0.,0.,1.));
#13017=DIRECTION('center_axis',(-4.4703485950019E-8,0.,0.999999999999999));
#13018=DIRECTION('ref_axis',(0.999999999999999,0.,4.4703485950019E-8));
#13019=DIRECTION('',(-0.999999999999999,0.,-4.4703485950019E-8));
#13020=DIRECTION('',(0.,1.,0.));
#13021=DIRECTION('',(0.999999999999999,0.,4.4703485950019E-8));
#13022=DIRECTION('center_axis',(0.,-1.,0.));
#13023=DIRECTION('ref_axis',(4.47034828907375E-8,0.,-0.999999999999999));
#13024=DIRECTION('center_axis',(0.,1.,0.));
#13025=DIRECTION('ref_axis',(4.47034828907375E-8,0.,-0.999999999999999));
#13026=DIRECTION('',(0.,1.,0.));
#13027=DIRECTION('center_axis',(0.,-1.,0.));
#13028=DIRECTION('ref_axis',(4.47034828907375E-8,0.,-0.999999999999999));
#13029=DIRECTION('center_axis',(0.,-1.,0.));
#13030=DIRECTION('ref_axis',(0.,0.,1.));
#13031=DIRECTION('center_axis',(0.,1.,0.));
#13032=DIRECTION('ref_axis',(0.,0.,1.));
#13033=DIRECTION('',(0.,1.,0.));
#13034=DIRECTION('center_axis',(0.,1.,0.));
#13035=DIRECTION('ref_axis',(0.,0.,1.));
#13036=DIRECTION('center_axis',(0.,0.,1.));
#13037=DIRECTION('ref_axis',(1.,0.,0.));
#13038=DIRECTION('',(1.,0.,0.));
#13039=DIRECTION('',(0.,1.,0.));
#13040=DIRECTION('',(1.,0.,0.));
#13041=DIRECTION('center_axis',(1.,0.,0.));
#13042=DIRECTION('ref_axis',(0.,0.,-1.));
#13043=DIRECTION('',(0.,0.,-1.));
#13044=DIRECTION('',(0.,1.,0.));
#13045=DIRECTION('',(0.,0.,-1.));
#13046=DIRECTION('center_axis',(0.,0.,-1.));
#13047=DIRECTION('ref_axis',(-1.,0.,0.));
#13048=DIRECTION('',(1.,0.,0.));
#13049=DIRECTION('',(-1.,0.,0.));
#13050=DIRECTION('center_axis',(0.,1.,0.));
#13051=DIRECTION('ref_axis',(1.,0.,0.));
#13052=DIRECTION('center_axis',(0.,1.,0.));
#13053=DIRECTION('ref_axis',(1.,0.,0.));
#13054=DIRECTION('center_axis',(0.,-1.,0.));
#13055=DIRECTION('ref_axis',(-5.55111512312579E-15,0.,1.));
#13056=DIRECTION('center_axis',(0.,1.,0.));
#13057=DIRECTION('ref_axis',(-5.55111512312579E-15,0.,1.));
#13058=DIRECTION('',(0.,1.,0.));
#13059=DIRECTION('center_axis',(0.,-1.,0.));
#13060=DIRECTION('ref_axis',(-5.55111512312579E-15,0.,1.));
#13061=DIRECTION('',(0.,1.,0.));
#13062=DIRECTION('center_axis',(0.,-1.,0.));
#13063=DIRECTION('ref_axis',(4.47034798067846E-8,0.,-0.999999999999999));
#13064=DIRECTION('center_axis',(0.,1.,0.));
#13065=DIRECTION('ref_axis',(4.47034798067846E-8,0.,-0.999999999999999));
#13066=DIRECTION('',(0.,1.,0.));
#13067=DIRECTION('center_axis',(0.,1.,0.));
#13068=DIRECTION('ref_axis',(4.47034798067846E-8,0.,-0.999999999999999));
#13069=DIRECTION('center_axis',(4.4703485950019E-8,0.,-0.999999999999999));
#13070=DIRECTION('ref_axis',(-0.999999999999999,0.,-4.4703485950019E-8));
#13071=DIRECTION('',(-0.999999999999999,0.,-4.4703485950019E-8));
#13072=DIRECTION('',(0.,1.,0.));
#13073=DIRECTION('',(-0.999999999999999,0.,-4.4703485950019E-8));
#13074=DIRECTION('center_axis',(-1.,0.,0.));
#13075=DIRECTION('ref_axis',(0.,0.,1.));
#13076=DIRECTION('',(0.,0.,1.));
#13077=DIRECTION('',(0.,1.,0.));
#13078=DIRECTION('',(0.,0.,1.));
#13079=DIRECTION('center_axis',(-4.4703485950019E-8,0.,0.999999999999999));
#13080=DIRECTION('ref_axis',(0.999999999999999,0.,4.4703485950019E-8));
#13081=DIRECTION('',(-0.999999999999999,0.,-4.4703485950019E-8));
#13082=DIRECTION('',(0.,1.,0.));
#13083=DIRECTION('',(0.999999999999999,0.,4.4703485950019E-8));
#13084=DIRECTION('center_axis',(0.,-1.,0.));
#13085=DIRECTION('ref_axis',(4.47034828907375E-8,0.,-0.999999999999999));
#13086=DIRECTION('center_axis',(0.,1.,0.));
#13087=DIRECTION('ref_axis',(4.47034828907375E-8,0.,-0.999999999999999));
#13088=DIRECTION('',(0.,1.,0.));
#13089=DIRECTION('center_axis',(0.,-1.,0.));
#13090=DIRECTION('ref_axis',(4.47034828907375E-8,0.,-0.999999999999999));
#13091=DIRECTION('center_axis',(0.,-1.,0.));
#13092=DIRECTION('ref_axis',(0.,0.,1.));
#13093=DIRECTION('center_axis',(0.,1.,0.));
#13094=DIRECTION('ref_axis',(0.,0.,1.));
#13095=DIRECTION('',(0.,1.,0.));
#13096=DIRECTION('center_axis',(0.,1.,0.));
#13097=DIRECTION('ref_axis',(0.,0.,1.));
#13098=DIRECTION('center_axis',(0.,0.,1.));
#13099=DIRECTION('ref_axis',(1.,0.,0.));
#13100=DIRECTION('',(1.,0.,0.));
#13101=DIRECTION('',(0.,1.,0.));
#13102=DIRECTION('',(1.,0.,0.));
#13103=DIRECTION('center_axis',(1.,0.,0.));
#13104=DIRECTION('ref_axis',(0.,0.,-1.));
#13105=DIRECTION('',(0.,0.,-1.));
#13106=DIRECTION('',(0.,1.,0.));
#13107=DIRECTION('',(0.,0.,-1.));
#13108=DIRECTION('center_axis',(0.,0.,-1.));
#13109=DIRECTION('ref_axis',(-1.,0.,0.));
#13110=DIRECTION('',(1.,0.,0.));
#13111=DIRECTION('',(-1.,0.,0.));
#13112=DIRECTION('center_axis',(0.,1.,0.));
#13113=DIRECTION('ref_axis',(1.,0.,0.));
#13114=DIRECTION('center_axis',(0.,1.,0.));
#13115=DIRECTION('ref_axis',(1.,0.,0.));
#13116=DIRECTION('center_axis',(0.,-1.,0.));
#13117=DIRECTION('ref_axis',(-5.55111512312579E-15,0.,1.));
#13118=DIRECTION('center_axis',(0.,1.,0.));
#13119=DIRECTION('ref_axis',(-5.55111512312579E-15,0.,1.));
#13120=DIRECTION('',(0.,1.,0.));
#13121=DIRECTION('center_axis',(0.,-1.,0.));
#13122=DIRECTION('ref_axis',(-5.55111512312579E-15,0.,1.));
#13123=DIRECTION('',(0.,1.,0.));
#13124=DIRECTION('center_axis',(0.,-1.,0.));
#13125=DIRECTION('ref_axis',(4.47034798067846E-8,0.,-0.999999999999999));
#13126=DIRECTION('center_axis',(0.,1.,0.));
#13127=DIRECTION('ref_axis',(4.47034798067846E-8,0.,-0.999999999999999));
#13128=DIRECTION('',(0.,1.,0.));
#13129=DIRECTION('center_axis',(0.,1.,0.));
#13130=DIRECTION('ref_axis',(4.47034798067846E-8,0.,-0.999999999999999));
#13131=DIRECTION('center_axis',(4.4703485950019E-8,0.,-0.999999999999999));
#13132=DIRECTION('ref_axis',(-0.999999999999999,0.,-4.4703485950019E-8));
#13133=DIRECTION('',(-0.999999999999999,0.,-4.4703485950019E-8));
#13134=DIRECTION('',(0.,1.,0.));
#13135=DIRECTION('',(-0.999999999999999,0.,-4.4703485950019E-8));
#13136=DIRECTION('center_axis',(-1.,0.,0.));
#13137=DIRECTION('ref_axis',(0.,0.,1.));
#13138=DIRECTION('',(0.,0.,1.));
#13139=DIRECTION('',(0.,1.,0.));
#13140=DIRECTION('',(0.,0.,1.));
#13141=DIRECTION('center_axis',(-4.4703485950019E-8,0.,0.999999999999999));
#13142=DIRECTION('ref_axis',(0.999999999999999,0.,4.4703485950019E-8));
#13143=DIRECTION('',(-0.999999999999999,0.,-4.4703485950019E-8));
#13144=DIRECTION('',(0.,1.,0.));
#13145=DIRECTION('',(0.999999999999999,0.,4.4703485950019E-8));
#13146=DIRECTION('center_axis',(0.,-1.,0.));
#13147=DIRECTION('ref_axis',(4.47034828907375E-8,0.,-0.999999999999999));
#13148=DIRECTION('center_axis',(0.,1.,0.));
#13149=DIRECTION('ref_axis',(4.47034828907375E-8,0.,-0.999999999999999));
#13150=DIRECTION('',(0.,1.,0.));
#13151=DIRECTION('center_axis',(0.,-1.,0.));
#13152=DIRECTION('ref_axis',(4.47034828907375E-8,0.,-0.999999999999999));
#13153=DIRECTION('center_axis',(0.,-1.,0.));
#13154=DIRECTION('ref_axis',(0.,0.,1.));
#13155=DIRECTION('center_axis',(0.,1.,0.));
#13156=DIRECTION('ref_axis',(0.,0.,1.));
#13157=DIRECTION('',(0.,1.,0.));
#13158=DIRECTION('center_axis',(0.,1.,0.));
#13159=DIRECTION('ref_axis',(0.,0.,1.));
#13160=DIRECTION('center_axis',(0.,0.,1.));
#13161=DIRECTION('ref_axis',(1.,0.,0.));
#13162=DIRECTION('',(1.,0.,0.));
#13163=DIRECTION('',(0.,1.,0.));
#13164=DIRECTION('',(1.,0.,0.));
#13165=DIRECTION('center_axis',(1.,0.,0.));
#13166=DIRECTION('ref_axis',(0.,0.,-1.));
#13167=DIRECTION('',(0.,0.,-1.));
#13168=DIRECTION('',(0.,1.,0.));
#13169=DIRECTION('',(0.,0.,-1.));
#13170=DIRECTION('center_axis',(0.,0.,-1.));
#13171=DIRECTION('ref_axis',(-1.,0.,0.));
#13172=DIRECTION('',(1.,0.,0.));
#13173=DIRECTION('',(-1.,0.,0.));
#13174=DIRECTION('center_axis',(0.,1.,0.));
#13175=DIRECTION('ref_axis',(1.,0.,0.));
#13176=DIRECTION('center_axis',(0.,1.,0.));
#13177=DIRECTION('ref_axis',(1.,0.,0.));
#13178=DIRECTION('center_axis',(0.,-1.,0.));
#13179=DIRECTION('ref_axis',(-5.55111512312579E-15,0.,1.));
#13180=DIRECTION('center_axis',(0.,1.,0.));
#13181=DIRECTION('ref_axis',(-5.55111512312579E-15,0.,1.));
#13182=DIRECTION('',(0.,1.,0.));
#13183=DIRECTION('center_axis',(0.,-1.,0.));
#13184=DIRECTION('ref_axis',(-5.55111512312579E-15,0.,1.));
#13185=DIRECTION('',(0.,1.,0.));
#13186=DIRECTION('center_axis',(0.,-1.,0.));
#13187=DIRECTION('ref_axis',(4.47034798067846E-8,0.,-0.999999999999999));
#13188=DIRECTION('center_axis',(0.,1.,0.));
#13189=DIRECTION('ref_axis',(4.47034798067846E-8,0.,-0.999999999999999));
#13190=DIRECTION('',(0.,1.,0.));
#13191=DIRECTION('center_axis',(0.,1.,0.));
#13192=DIRECTION('ref_axis',(4.47034798067846E-8,0.,-0.999999999999999));
#13193=DIRECTION('center_axis',(4.4703485950019E-8,0.,-0.999999999999999));
#13194=DIRECTION('ref_axis',(-0.999999999999999,0.,-4.4703485950019E-8));
#13195=DIRECTION('',(-0.999999999999999,0.,-4.4703485950019E-8));
#13196=DIRECTION('',(0.,1.,0.));
#13197=DIRECTION('',(-0.999999999999999,0.,-4.4703485950019E-8));
#13198=DIRECTION('center_axis',(-1.,0.,0.));
#13199=DIRECTION('ref_axis',(0.,0.,1.));
#13200=DIRECTION('',(0.,0.,1.));
#13201=DIRECTION('',(0.,1.,0.));
#13202=DIRECTION('',(0.,0.,1.));
#13203=DIRECTION('center_axis',(-4.4703485950019E-8,0.,0.999999999999999));
#13204=DIRECTION('ref_axis',(0.999999999999999,0.,4.4703485950019E-8));
#13205=DIRECTION('',(-0.999999999999999,0.,-4.4703485950019E-8));
#13206=DIRECTION('',(0.,1.,0.));
#13207=DIRECTION('',(0.999999999999999,0.,4.4703485950019E-8));
#13208=DIRECTION('center_axis',(0.,-1.,0.));
#13209=DIRECTION('ref_axis',(4.47034828907375E-8,0.,-0.999999999999999));
#13210=DIRECTION('center_axis',(0.,1.,0.));
#13211=DIRECTION('ref_axis',(4.47034828907375E-8,0.,-0.999999999999999));
#13212=DIRECTION('',(0.,1.,0.));
#13213=DIRECTION('center_axis',(0.,-1.,0.));
#13214=DIRECTION('ref_axis',(4.47034828907375E-8,0.,-0.999999999999999));
#13215=DIRECTION('center_axis',(0.,-1.,0.));
#13216=DIRECTION('ref_axis',(0.,0.,1.));
#13217=DIRECTION('center_axis',(0.,1.,0.));
#13218=DIRECTION('ref_axis',(0.,0.,1.));
#13219=DIRECTION('',(0.,1.,0.));
#13220=DIRECTION('center_axis',(0.,1.,0.));
#13221=DIRECTION('ref_axis',(0.,0.,1.));
#13222=DIRECTION('center_axis',(0.,0.,1.));
#13223=DIRECTION('ref_axis',(1.,0.,0.));
#13224=DIRECTION('',(1.,0.,0.));
#13225=DIRECTION('',(0.,1.,0.));
#13226=DIRECTION('',(1.,0.,0.));
#13227=DIRECTION('center_axis',(1.,0.,0.));
#13228=DIRECTION('ref_axis',(0.,0.,-1.));
#13229=DIRECTION('',(0.,0.,-1.));
#13230=DIRECTION('',(0.,1.,0.));
#13231=DIRECTION('',(0.,0.,-1.));
#13232=DIRECTION('center_axis',(0.,0.,-1.));
#13233=DIRECTION('ref_axis',(-1.,0.,0.));
#13234=DIRECTION('',(1.,0.,0.));
#13235=DIRECTION('',(-1.,0.,0.));
#13236=DIRECTION('center_axis',(0.,1.,0.));
#13237=DIRECTION('ref_axis',(1.,0.,0.));
#13238=DIRECTION('center_axis',(0.,1.,0.));
#13239=DIRECTION('ref_axis',(1.,0.,0.));
#13240=DIRECTION('center_axis',(0.,-1.,0.));
#13241=DIRECTION('ref_axis',(-5.55111512312579E-15,0.,1.));
#13242=DIRECTION('center_axis',(0.,1.,0.));
#13243=DIRECTION('ref_axis',(-5.55111512312579E-15,0.,1.));
#13244=DIRECTION('',(0.,1.,0.));
#13245=DIRECTION('center_axis',(0.,-1.,0.));
#13246=DIRECTION('ref_axis',(-5.55111512312579E-15,0.,1.));
#13247=DIRECTION('',(0.,1.,0.));
#13248=DIRECTION('center_axis',(0.,-1.,0.));
#13249=DIRECTION('ref_axis',(4.47034798067846E-8,0.,-0.999999999999999));
#13250=DIRECTION('center_axis',(0.,1.,0.));
#13251=DIRECTION('ref_axis',(4.47034798067846E-8,0.,-0.999999999999999));
#13252=DIRECTION('',(0.,1.,0.));
#13253=DIRECTION('center_axis',(0.,1.,0.));
#13254=DIRECTION('ref_axis',(4.47034798067846E-8,0.,-0.999999999999999));
#13255=DIRECTION('center_axis',(4.4703485950019E-8,0.,-0.999999999999999));
#13256=DIRECTION('ref_axis',(-0.999999999999999,0.,-4.4703485950019E-8));
#13257=DIRECTION('',(-0.999999999999999,0.,-4.4703485950019E-8));
#13258=DIRECTION('',(0.,1.,0.));
#13259=DIRECTION('',(-0.999999999999999,0.,-4.4703485950019E-8));
#13260=DIRECTION('center_axis',(-1.,0.,0.));
#13261=DIRECTION('ref_axis',(0.,0.,1.));
#13262=DIRECTION('',(0.,0.,1.));
#13263=DIRECTION('',(0.,1.,0.));
#13264=DIRECTION('',(0.,0.,1.));
#13265=DIRECTION('center_axis',(-4.4703485950019E-8,0.,0.999999999999999));
#13266=DIRECTION('ref_axis',(0.999999999999999,0.,4.4703485950019E-8));
#13267=DIRECTION('',(-0.999999999999999,0.,-4.4703485950019E-8));
#13268=DIRECTION('',(0.,1.,0.));
#13269=DIRECTION('',(0.999999999999999,0.,4.4703485950019E-8));
#13270=DIRECTION('center_axis',(0.,-1.,0.));
#13271=DIRECTION('ref_axis',(4.47034828907375E-8,0.,-0.999999999999999));
#13272=DIRECTION('center_axis',(0.,1.,0.));
#13273=DIRECTION('ref_axis',(4.47034828907375E-8,0.,-0.999999999999999));
#13274=DIRECTION('',(0.,1.,0.));
#13275=DIRECTION('center_axis',(0.,-1.,0.));
#13276=DIRECTION('ref_axis',(4.47034828907375E-8,0.,-0.999999999999999));
#13277=DIRECTION('center_axis',(0.,-1.,0.));
#13278=DIRECTION('ref_axis',(0.,0.,1.));
#13279=DIRECTION('center_axis',(0.,1.,0.));
#13280=DIRECTION('ref_axis',(0.,0.,1.));
#13281=DIRECTION('',(0.,1.,0.));
#13282=DIRECTION('center_axis',(0.,1.,0.));
#13283=DIRECTION('ref_axis',(0.,0.,1.));
#13284=DIRECTION('center_axis',(0.,0.,1.));
#13285=DIRECTION('ref_axis',(1.,0.,0.));
#13286=DIRECTION('',(1.,0.,0.));
#13287=DIRECTION('',(0.,1.,0.));
#13288=DIRECTION('',(1.,0.,0.));
#13289=DIRECTION('center_axis',(1.,0.,0.));
#13290=DIRECTION('ref_axis',(0.,0.,-1.));
#13291=DIRECTION('',(0.,0.,-1.));
#13292=DIRECTION('',(0.,1.,0.));
#13293=DIRECTION('',(0.,0.,-1.));
#13294=DIRECTION('center_axis',(0.,0.,-1.));
#13295=DIRECTION('ref_axis',(-1.,0.,0.));
#13296=DIRECTION('',(1.,0.,0.));
#13297=DIRECTION('',(-1.,0.,0.));
#13298=DIRECTION('center_axis',(0.,1.,0.));
#13299=DIRECTION('ref_axis',(1.,0.,0.));
#13300=DIRECTION('center_axis',(0.,1.,0.));
#13301=DIRECTION('ref_axis',(1.,0.,0.));
#13302=DIRECTION('center_axis',(0.,-1.,0.));
#13303=DIRECTION('ref_axis',(-5.55111512312579E-15,0.,1.));
#13304=DIRECTION('center_axis',(0.,1.,0.));
#13305=DIRECTION('ref_axis',(-5.55111512312579E-15,0.,1.));
#13306=DIRECTION('',(0.,1.,0.));
#13307=DIRECTION('center_axis',(0.,-1.,0.));
#13308=DIRECTION('ref_axis',(-5.55111512312579E-15,0.,1.));
#13309=DIRECTION('',(0.,1.,0.));
#13310=DIRECTION('center_axis',(0.,-1.,0.));
#13311=DIRECTION('ref_axis',(4.47034798067846E-8,0.,-0.999999999999999));
#13312=DIRECTION('center_axis',(0.,1.,0.));
#13313=DIRECTION('ref_axis',(4.47034798067846E-8,0.,-0.999999999999999));
#13314=DIRECTION('',(0.,1.,0.));
#13315=DIRECTION('center_axis',(0.,1.,0.));
#13316=DIRECTION('ref_axis',(4.47034798067846E-8,0.,-0.999999999999999));
#13317=DIRECTION('center_axis',(4.4703485950019E-8,0.,-0.999999999999999));
#13318=DIRECTION('ref_axis',(-0.999999999999999,0.,-4.4703485950019E-8));
#13319=DIRECTION('',(-0.999999999999999,0.,-4.4703485950019E-8));
#13320=DIRECTION('',(0.,1.,0.));
#13321=DIRECTION('',(-0.999999999999999,0.,-4.4703485950019E-8));
#13322=DIRECTION('center_axis',(-1.,0.,0.));
#13323=DIRECTION('ref_axis',(0.,0.,1.));
#13324=DIRECTION('',(0.,0.,1.));
#13325=DIRECTION('',(0.,1.,0.));
#13326=DIRECTION('',(0.,0.,1.));
#13327=DIRECTION('center_axis',(-4.4703485950019E-8,0.,0.999999999999999));
#13328=DIRECTION('ref_axis',(0.999999999999999,0.,4.4703485950019E-8));
#13329=DIRECTION('',(-0.999999999999999,0.,-4.4703485950019E-8));
#13330=DIRECTION('',(0.,1.,0.));
#13331=DIRECTION('',(0.999999999999999,0.,4.4703485950019E-8));
#13332=DIRECTION('center_axis',(0.,-1.,0.));
#13333=DIRECTION('ref_axis',(4.47034828907375E-8,0.,-0.999999999999999));
#13334=DIRECTION('center_axis',(0.,1.,0.));
#13335=DIRECTION('ref_axis',(4.47034828907375E-8,0.,-0.999999999999999));
#13336=DIRECTION('',(0.,1.,0.));
#13337=DIRECTION('center_axis',(0.,-1.,0.));
#13338=DIRECTION('ref_axis',(4.47034828907375E-8,0.,-0.999999999999999));
#13339=DIRECTION('center_axis',(0.,-1.,0.));
#13340=DIRECTION('ref_axis',(0.,0.,1.));
#13341=DIRECTION('center_axis',(0.,1.,0.));
#13342=DIRECTION('ref_axis',(0.,0.,1.));
#13343=DIRECTION('',(0.,1.,0.));
#13344=DIRECTION('center_axis',(0.,1.,0.));
#13345=DIRECTION('ref_axis',(0.,0.,1.));
#13346=DIRECTION('center_axis',(0.,0.,1.));
#13347=DIRECTION('ref_axis',(1.,0.,0.));
#13348=DIRECTION('',(1.,0.,0.));
#13349=DIRECTION('',(0.,1.,0.));
#13350=DIRECTION('',(1.,0.,0.));
#13351=DIRECTION('center_axis',(1.,0.,0.));
#13352=DIRECTION('ref_axis',(0.,0.,-1.));
#13353=DIRECTION('',(0.,0.,-1.));
#13354=DIRECTION('',(0.,1.,0.));
#13355=DIRECTION('',(0.,0.,-1.));
#13356=DIRECTION('center_axis',(0.,0.,-1.));
#13357=DIRECTION('ref_axis',(-1.,0.,0.));
#13358=DIRECTION('',(1.,0.,0.));
#13359=DIRECTION('',(-1.,0.,0.));
#13360=DIRECTION('center_axis',(0.,1.,0.));
#13361=DIRECTION('ref_axis',(1.,0.,0.));
#13362=DIRECTION('center_axis',(0.,1.,0.));
#13363=DIRECTION('ref_axis',(1.,0.,0.));
#13364=DIRECTION('center_axis',(0.,-1.,0.));
#13365=DIRECTION('ref_axis',(-5.55111512312579E-15,0.,1.));
#13366=DIRECTION('center_axis',(0.,1.,0.));
#13367=DIRECTION('ref_axis',(-5.55111512312579E-15,0.,1.));
#13368=DIRECTION('',(0.,1.,0.));
#13369=DIRECTION('center_axis',(0.,-1.,0.));
#13370=DIRECTION('ref_axis',(-5.55111512312579E-15,0.,1.));
#13371=DIRECTION('',(0.,1.,0.));
#13372=DIRECTION('center_axis',(0.,-1.,0.));
#13373=DIRECTION('ref_axis',(4.47034798067846E-8,0.,-0.999999999999999));
#13374=DIRECTION('center_axis',(0.,1.,0.));
#13375=DIRECTION('ref_axis',(4.47034798067846E-8,0.,-0.999999999999999));
#13376=DIRECTION('',(0.,1.,0.));
#13377=DIRECTION('center_axis',(0.,1.,0.));
#13378=DIRECTION('ref_axis',(4.47034798067846E-8,0.,-0.999999999999999));
#13379=DIRECTION('center_axis',(4.4703485950019E-8,0.,-0.999999999999999));
#13380=DIRECTION('ref_axis',(-0.999999999999999,0.,-4.4703485950019E-8));
#13381=DIRECTION('',(-0.999999999999999,0.,-4.4703485950019E-8));
#13382=DIRECTION('',(0.,1.,0.));
#13383=DIRECTION('',(-0.999999999999999,0.,-4.4703485950019E-8));
#13384=DIRECTION('center_axis',(-1.,0.,0.));
#13385=DIRECTION('ref_axis',(0.,0.,1.));
#13386=DIRECTION('',(0.,0.,1.));
#13387=DIRECTION('',(0.,1.,0.));
#13388=DIRECTION('',(0.,0.,1.));
#13389=DIRECTION('center_axis',(-4.4703485950019E-8,0.,0.999999999999999));
#13390=DIRECTION('ref_axis',(0.999999999999999,0.,4.4703485950019E-8));
#13391=DIRECTION('',(-0.999999999999999,0.,-4.4703485950019E-8));
#13392=DIRECTION('',(0.,1.,0.));
#13393=DIRECTION('',(0.999999999999999,0.,4.4703485950019E-8));
#13394=DIRECTION('center_axis',(0.,-1.,0.));
#13395=DIRECTION('ref_axis',(4.47034828907375E-8,0.,-0.999999999999999));
#13396=DIRECTION('center_axis',(0.,1.,0.));
#13397=DIRECTION('ref_axis',(4.47034828907375E-8,0.,-0.999999999999999));
#13398=DIRECTION('',(0.,1.,0.));
#13399=DIRECTION('center_axis',(0.,-1.,0.));
#13400=DIRECTION('ref_axis',(4.47034828907375E-8,0.,-0.999999999999999));
#13401=DIRECTION('center_axis',(0.,-1.,0.));
#13402=DIRECTION('ref_axis',(0.,0.,1.));
#13403=DIRECTION('center_axis',(0.,1.,0.));
#13404=DIRECTION('ref_axis',(0.,0.,1.));
#13405=DIRECTION('',(0.,1.,0.));
#13406=DIRECTION('center_axis',(0.,1.,0.));
#13407=DIRECTION('ref_axis',(0.,0.,1.));
#13408=DIRECTION('center_axis',(0.,0.,1.));
#13409=DIRECTION('ref_axis',(1.,0.,0.));
#13410=DIRECTION('',(1.,0.,0.));
#13411=DIRECTION('',(0.,1.,0.));
#13412=DIRECTION('',(1.,0.,0.));
#13413=DIRECTION('center_axis',(1.,0.,0.));
#13414=DIRECTION('ref_axis',(0.,0.,-1.));
#13415=DIRECTION('',(0.,0.,-1.));
#13416=DIRECTION('',(0.,1.,0.));
#13417=DIRECTION('',(0.,0.,-1.));
#13418=DIRECTION('center_axis',(0.,0.,-1.));
#13419=DIRECTION('ref_axis',(-1.,0.,0.));
#13420=DIRECTION('',(1.,0.,0.));
#13421=DIRECTION('',(-1.,0.,0.));
#13422=DIRECTION('center_axis',(0.,1.,0.));
#13423=DIRECTION('ref_axis',(1.,0.,0.));
#13424=DIRECTION('center_axis',(0.,1.,0.));
#13425=DIRECTION('ref_axis',(1.,0.,0.));
#13426=DIRECTION('',(0.,0.,1.));
#13427=DIRECTION('',(1.,0.,0.));
#13428=DIRECTION('',(0.,0.,1.));
#13429=DIRECTION('',(1.,0.,0.));
#13430=DIRECTION('',(0.,0.,-1.));
#13431=DIRECTION('',(-1.,0.,0.));
#13432=DIRECTION('axis',(0.,0.,1.));
#13433=DIRECTION('refdir',(1.,0.,0.));
#13434=DIRECTION('axis',(0.,0.,1.));
#13435=DIRECTION('refdir',(1.,0.,0.));
#13436=DIRECTION('axis',(0.,0.,1.));
#13437=DIRECTION('refdir',(1.,0.,0.));
#13438=DIRECTION('axis',(0.,0.,1.));
#13439=DIRECTION('refdir',(1.,0.,0.));
#13440=DIRECTION('axis',(0.,0.,1.));
#13441=DIRECTION('refdir',(1.,0.,0.));
#13442=DIRECTION('axis',(0.,0.,1.));
#13443=DIRECTION('refdir',(1.,0.,0.));
#13444=DIRECTION('center_axis',(-4.99600361081317E-16,-1.98452365651749E-15,
-1.));
#13445=DIRECTION('ref_axis',(0.70710678118654,0.707106781186555,-3.92523114670949E-15));
#13446=DIRECTION('center_axis',(0.,0.,-1.));
#13447=DIRECTION('ref_axis',(0.70710678118654,0.707106781186555,-3.92523114670949E-15));
#13448=DIRECTION('',(4.99600361081317E-16,1.98452365651749E-15,1.));
#13449=DIRECTION('center_axis',(0.,0.,1.));
#13450=DIRECTION('ref_axis',(0.70710678118654,0.707106781186555,-3.92523114670949E-15));
#13451=DIRECTION('',(-4.99600361081317E-16,-1.98452365651749E-15,-1.));
#13452=DIRECTION('center_axis',(1.,1.79419633619115E-30,-4.99600361081317E-16));
#13453=DIRECTION('ref_axis',(2.78566507156171E-30,-1.,1.98452365651749E-15));
#13454=DIRECTION('',(1.79419633619115E-30,-1.,0.));
#13455=DIRECTION('',(-1.79419633619115E-30,1.,0.));
#13456=DIRECTION('',(4.99600361081317E-16,1.98452365651749E-15,1.));
#13457=DIRECTION('center_axis',(-4.99600361081317E-16,-1.98452365651749E-15,
-1.));
#13458=DIRECTION('ref_axis',(0.70710678118654,-0.707106781186555,1.07852076885685E-29));
#13459=DIRECTION('center_axis',(0.,0.,-1.));
#13460=DIRECTION('ref_axis',(0.70710678118654,-0.707106781186555,1.07852076885685E-29));
#13461=DIRECTION('center_axis',(0.,0.,1.));
#13462=DIRECTION('ref_axis',(0.70710678118654,-0.707106781186555,1.07852076885685E-29));
#13463=DIRECTION('',(-4.99600361081317E-16,-1.98452365651749E-15,-1.));
#13464=DIRECTION('center_axis',(2.78566507156171E-30,-1.,1.98452365651749E-15));
#13465=DIRECTION('ref_axis',(-1.,-1.79419633619115E-30,4.99600361081317E-16));
#13466=DIRECTION('',(-1.,-2.78566507156171E-30,0.));
#13467=DIRECTION('',(1.,2.78566507156171E-30,0.));
#13468=DIRECTION('',(4.99600361081317E-16,1.98452365651749E-15,1.));
#13469=DIRECTION('center_axis',(-2.78566507156171E-30,1.,-1.98452365651749E-15));
#13470=DIRECTION('ref_axis',(1.,1.79419633619115E-30,-4.99600361081317E-16));
#13471=DIRECTION('',(1.,2.78566507156171E-30,0.));
#13472=DIRECTION('',(-4.99600361081317E-16,-1.98452365651749E-15,-1.));
#13473=DIRECTION('',(-1.,-2.78566507156171E-30,0.));
#13474=DIRECTION('center_axis',(4.99600361081317E-16,1.98452365651749E-15,
1.));
#13475=DIRECTION('ref_axis',(-0.70710678118654,-0.707106781186555,9.24446373305873E-30));
#13476=DIRECTION('center_axis',(0.,0.,-1.));
#13477=DIRECTION('ref_axis',(-0.70710678118654,-0.707106781186555,9.24446373305873E-30));
#13478=DIRECTION('center_axis',(0.,0.,1.));
#13479=DIRECTION('ref_axis',(-0.70710678118654,-0.707106781186555,9.24446373305873E-30));
#13480=DIRECTION('',(-4.99600361081317E-16,-1.98452365651749E-15,-1.));
#13481=DIRECTION('center_axis',(-1.,-1.79419633619115E-30,4.99600361081317E-16));
#13482=DIRECTION('ref_axis',(-2.78566507156171E-30,1.,-1.98452365651749E-15));
#13483=DIRECTION('',(-1.79419633619115E-30,1.,0.));
#13484=DIRECTION('',(1.79419633619115E-30,-1.,0.));
#13485=DIRECTION('',(4.99600361081317E-16,1.98452365651749E-15,1.));
#13486=DIRECTION('center_axis',(-4.99600361081317E-16,-1.98452365651749E-15,
-1.));
#13487=DIRECTION('ref_axis',(-0.70710678118654,0.707106781186555,-1.07852076885685E-29));
#13488=DIRECTION('center_axis',(0.,0.,-1.));
#13489=DIRECTION('ref_axis',(-0.70710678118654,0.707106781186555,-1.07852076885685E-29));
#13490=DIRECTION('center_axis',(0.,0.,1.));
#13491=DIRECTION('ref_axis',(-0.70710678118654,0.707106781186555,-1.07852076885685E-29));
#13492=DIRECTION('center_axis',(-0.707106781186549,0.707106781186546,0.));
#13493=DIRECTION('ref_axis',(-0.707106781186546,-0.707106781186549,0.));
#13494=DIRECTION('',(0.707106781186546,0.707106781186549,0.));
#13495=DIRECTION('',(0.,0.,1.));
#13496=DIRECTION('',(-0.707106781186546,-0.707106781186549,0.));
#13497=DIRECTION('',(0.,0.,1.));
#13498=DIRECTION('center_axis',(0.,1.,0.));
#13499=DIRECTION('ref_axis',(-1.,0.,0.));
#13500=DIRECTION('',(-1.,0.,0.));
#13501=DIRECTION('',(-1.,0.,0.));
#13502=DIRECTION('',(0.,0.,1.));
#13503=DIRECTION('center_axis',(0.707106781186549,0.707106781186546,0.));
#13504=DIRECTION('ref_axis',(-0.707106781186546,0.707106781186549,0.));
#13505=DIRECTION('',(0.707106781186546,-0.707106781186549,0.));
#13506=DIRECTION('',(-0.707106781186546,0.707106781186549,0.));
#13507=DIRECTION('',(0.,0.,1.));
#13508=DIRECTION('center_axis',(1.,0.,0.));
#13509=DIRECTION('ref_axis',(0.,1.,0.));
#13510=DIRECTION('',(0.,1.,0.));
#13511=DIRECTION('',(0.,1.,0.));
#13512=DIRECTION('',(0.,0.,1.));
#13513=DIRECTION('center_axis',(0.707106781186549,-0.707106781186546,0.));
#13514=DIRECTION('ref_axis',(0.707106781186546,0.707106781186549,0.));
#13515=DIRECTION('',(0.707106781186546,0.707106781186549,0.));
#13516=DIRECTION('',(0.707106781186546,0.707106781186549,0.));
#13517=DIRECTION('',(0.,0.,1.));
#13518=DIRECTION('center_axis',(0.,-1.,0.));
#13519=DIRECTION('ref_axis',(1.,0.,0.));
#13520=DIRECTION('',(1.,0.,0.));
#13521=DIRECTION('',(1.,0.,0.));
#13522=DIRECTION('',(0.,0.,1.));
#13523=DIRECTION('center_axis',(-0.707106781186549,-0.707106781186546,0.));
#13524=DIRECTION('ref_axis',(0.707106781186546,-0.707106781186549,0.));
#13525=DIRECTION('',(0.707106781186546,-0.707106781186549,0.));
#13526=DIRECTION('',(0.707106781186546,-0.707106781186549,0.));
#13527=DIRECTION('',(0.,0.,1.));
#13528=DIRECTION('center_axis',(-1.,0.,0.));
#13529=DIRECTION('ref_axis',(0.,-1.,0.));
#13530=DIRECTION('',(0.,-1.,0.));
#13531=DIRECTION('',(0.,-1.,0.));
#13532=DIRECTION('center_axis',(0.,0.,1.));
#13533=DIRECTION('ref_axis',(1.,0.,0.));
#13534=DIRECTION('center_axis',(0.,0.,1.));
#13535=DIRECTION('ref_axis',(1.,0.,0.));
#13536=DIRECTION('axis',(0.,0.,1.));
#13537=DIRECTION('refdir',(1.,0.,0.));
#13538=DIRECTION('center_axis',(0.707106781186551,-0.707106781186544,-2.2038970286794E-15));
#13539=DIRECTION('ref_axis',(-3.11678106803215E-15,0.,-1.));
#13540=DIRECTION('',(0.70710678118654,0.707106781186555,0.));
#13541=DIRECTION('',(5.10130472454961E-15,1.98452365651747E-15,1.));
#13542=DIRECTION('',(-0.70710678118654,-0.707106781186555,0.));
#13543=DIRECTION('',(-5.10130472454961E-15,-1.98452365651747E-15,-1.));
#13544=DIRECTION('center_axis',(0.707106781186522,1.40327013494869E-15,
0.707106781186573));
#13545=DIRECTION('ref_axis',(0.707106781186573,0.,-0.707106781186522));
#13546=DIRECTION('',(0.707106781186573,0.,-0.707106781186522));
#13547=DIRECTION('',(-1.523179474417E-29,1.,-1.98452365651747E-15));
#13548=DIRECTION('',(-0.707106781186575,0.,0.70710678118652));
#13549=DIRECTION('',(1.523179474417E-29,-1.,1.98452365651747E-15));
#13550=DIRECTION('center_axis',(0.707106781186528,0.707106781186567,-5.01043729857657E-15));
#13551=DIRECTION('ref_axis',(-7.08582838106719E-15,0.,-1.));
#13552=DIRECTION('',(-0.707106781186571,0.707106781186524,0.));
#13553=DIRECTION('',(5.10130472454961E-15,1.98452365651747E-15,1.));
#13554=DIRECTION('',(0.707106781186571,-0.707106781186524,0.));
#13555=DIRECTION('',(-5.10130472454961E-15,-1.98452365651747E-15,-1.));
#13556=DIRECTION('center_axis',(-1.,-2.81108734682763E-30,-1.28102656687548E-17));
#13557=DIRECTION('ref_axis',(0.,0.707106781186539,0.707106781186556));
#13558=DIRECTION('center_axis',(1.,2.81108734682763E-30,1.28102656687548E-17));
#13559=DIRECTION('ref_axis',(0.,0.707106781186539,0.707106781186556));
#13560=DIRECTION('center_axis',(0.70710678118662,-1.40327013494847E-15,
-0.707106781186475));
#13561=DIRECTION('ref_axis',(-0.707106781186475,0.,-0.70710678118662));
#13562=DIRECTION('',(0.707106781186475,0.,0.70710678118662));
#13563=DIRECTION('',(1.523179474417E-29,-1.,1.98452365651747E-15));
#13564=DIRECTION('',(-0.707106781186477,0.,-0.707106781186618));
#13565=DIRECTION('',(-1.523179474417E-29,1.,-1.98452365651747E-15));
#13566=DIRECTION('center_axis',(-1.,-2.81108734682763E-30,-1.28102656687548E-17));
#13567=DIRECTION('ref_axis',(0.,0.70710678118655,-0.707106781186545));
#13568=DIRECTION('center_axis',(1.,2.81108734682763E-30,1.28102656687548E-17));
#13569=DIRECTION('ref_axis',(0.,0.70710678118655,-0.707106781186545));
#13570=DIRECTION('center_axis',(-1.,-2.81108734682763E-30,-1.28102656687548E-17));
#13571=DIRECTION('ref_axis',(0.,-0.70710678118655,-0.707106781186545));
#13572=DIRECTION('center_axis',(1.,2.81108734682763E-30,1.28102656687548E-17));
#13573=DIRECTION('ref_axis',(0.,-0.70710678118655,-0.707106781186545));
#13574=DIRECTION('center_axis',(-1.,-2.81108734682763E-30,-1.28102656687548E-17));
#13575=DIRECTION('ref_axis',(0.,-0.70710678118655,0.707106781186545));
#13576=DIRECTION('center_axis',(1.,2.81108734682763E-30,1.28102656687548E-17));
#13577=DIRECTION('ref_axis',(0.,-0.70710678118655,0.707106781186545));
#13578=DIRECTION('center_axis',(1.,2.81108734682763E-30,1.28102656687548E-17));
#13579=DIRECTION('ref_axis',(0.,0.70710678118654,0.707106781186555));
#13580=DIRECTION('',(-1.,-2.81108734682763E-30,-1.28102656687548E-17));
#13581=DIRECTION('center_axis',(-1.,0.,0.));
#13582=DIRECTION('ref_axis',(0.,1.11022302462516E-14,1.));
#13583=DIRECTION('',(1.,2.81108734682763E-30,1.28102656687548E-17));
#13584=DIRECTION('center_axis',(-2.78566507156171E-30,1.,-1.98452365651747E-15));
#13585=DIRECTION('ref_axis',(1.,1.79419633619116E-30,-4.99600361081318E-16));
#13586=DIRECTION('',(1.,2.81108734682763E-30,1.28102656687548E-17));
#13587=DIRECTION('center_axis',(-2.78566507156171E-30,1.,-1.98452365651747E-15));
#13588=DIRECTION('ref_axis',(-0.707106781186548,1.40327013494863E-15,0.707106781186547));
#13589=DIRECTION('',(4.99600361081318E-16,1.98452365651747E-15,1.));
#13590=DIRECTION('',(1.,1.79419633619116E-30,-4.99600361081318E-16));
#13591=DIRECTION('',(-4.99600361081318E-16,-1.98452365651747E-15,-1.));
#13592=DIRECTION('center_axis',(2.78566507156171E-30,-1.,1.98452365651747E-15));
#13593=DIRECTION('ref_axis',(-0.707106781186546,1.40327013494863E-15,0.707106781186549));
#13594=DIRECTION('center_axis',(1.,2.81108734682763E-30,1.28102656687548E-17));
#13595=DIRECTION('ref_axis',(0.,0.707106781186548,-0.707106781186548));
#13596=DIRECTION('',(-1.,-2.81108734682763E-30,-1.28102656687548E-17));
#13597=DIRECTION('center_axis',(1.,0.,0.));
#13598=DIRECTION('ref_axis',(0.,0.,-1.));
#13599=DIRECTION('center_axis',(1.28102656687548E-17,-1.98452365651747E-15,
-1.));
#13600=DIRECTION('ref_axis',(-1.523179474417E-29,1.,-1.98452365651747E-15));
#13601=DIRECTION('',(1.,2.81108734682763E-30,1.28102656687548E-17));
#13602=DIRECTION('',(-1.523179474417E-29,1.,-1.98452365651747E-15));
#13603=DIRECTION('center_axis',(-1.,-5.10813483919692E-30,5.10130472454961E-15));
#13604=DIRECTION('ref_axis',(5.10130472454961E-15,1.98452365651747E-15,
1.));
#13605=DIRECTION('center_axis',(1.,2.81108734682763E-30,1.28102656687548E-17));
#13606=DIRECTION('ref_axis',(0.,-0.707106781186548,0.707106781186548));
#13607=DIRECTION('',(-1.,-2.81108734682763E-30,-1.28102656687548E-17));
#13608=DIRECTION('center_axis',(-1.,0.,0.));
#13609=DIRECTION('ref_axis',(0.,-1.,0.));
#13610=DIRECTION('',(1.,2.81108734682763E-30,1.28102656687548E-17));
#13611=DIRECTION('center_axis',(1.,2.81108734682763E-30,1.28102656687548E-17));
#13612=DIRECTION('ref_axis',(0.,-0.707106781186548,-0.707106781186548));
#13613=DIRECTION('',(-1.,-2.81108734682763E-30,-1.28102656687548E-17));
#13614=DIRECTION('center_axis',(1.,0.,0.));
#13615=DIRECTION('ref_axis',(0.,-1.,0.));
#13616=DIRECTION('center_axis',(-1.28102656687548E-17,1.98452365651747E-15,
1.));
#13617=DIRECTION('ref_axis',(1.523179474417E-29,-1.,1.98452365651747E-15));
#13618=DIRECTION('',(1.523179474417E-29,-1.,1.98452365651747E-15));
#13619=DIRECTION('center_axis',(0.707106781186555,-1.40327013494861E-15,
-0.70710678118654));
#13620=DIRECTION('ref_axis',(-0.70710678118654,0.,-0.707106781186555));
#13621=DIRECTION('',(-0.70710678118654,0.,-0.707106781186555));
#13622=DIRECTION('',(-2.78566507156171E-30,1.,-1.98452365651747E-15));
#13623=DIRECTION('',(0.70710678118654,0.,0.707106781186555));
#13624=DIRECTION('',(2.78566507156171E-30,-1.,1.98452365651747E-15));
#13625=DIRECTION('center_axis',(-3.53270803203846E-16,-0.707106781186548,
-0.707106781186548));
#13626=DIRECTION('ref_axis',(-1.,0.,4.99600361081316E-16));
#13627=DIRECTION('',(0.,0.707106781186548,-0.707106781186548));
#13628=DIRECTION('',(1.,1.79419633619116E-30,-4.99600361081318E-16));
#13629=DIRECTION('',(0.,-0.707106781186548,0.707106781186548));
#13630=DIRECTION('',(-1.,-1.79419633619116E-30,4.99600361081318E-16));
#13631=DIRECTION('center_axis',(4.99600361081318E-16,1.98452365651747E-15,
1.));
#13632=DIRECTION('ref_axis',(0.707106781186536,-0.707106781186559,0.));
#13633=DIRECTION('center_axis',(-4.99600361081318E-16,-1.98452365651747E-15,
-1.));
#13634=DIRECTION('ref_axis',(0.707106781186536,-0.707106781186559,0.));
#13635=DIRECTION('center_axis',(-0.707106781186553,-1.40327013494862E-15,
-0.707106781186542));
#13636=DIRECTION('ref_axis',(-0.707106781186542,0.,0.707106781186553));
#13637=DIRECTION('',(0.707106781186542,0.,-0.707106781186553));
#13638=DIRECTION('',(2.78566507156171E-30,-1.,1.98452365651747E-15));
#13639=DIRECTION('',(-0.707106781186542,0.,0.707106781186553));
#13640=DIRECTION('',(-2.78566507156171E-30,1.,-1.98452365651747E-15));
#13641=DIRECTION('center_axis',(4.99600361081318E-16,1.98452365651747E-15,
1.));
#13642=DIRECTION('ref_axis',(-0.707106781186536,-0.707106781186559,0.));
#13643=DIRECTION('center_axis',(-4.99600361081318E-16,-1.98452365651747E-15,
-1.));
#13644=DIRECTION('ref_axis',(-0.707106781186536,-0.707106781186559,0.));
#13645=DIRECTION('center_axis',(-3.53270803203849E-16,0.707106781186548,
-0.707106781186548));
#13646=DIRECTION('ref_axis',(-1.,0.,4.9960036108132E-16));
#13647=DIRECTION('',(0.,-0.707106781186548,-0.707106781186548));
#13648=DIRECTION('',(-1.,-1.79419633619116E-30,4.99600361081318E-16));
#13649=DIRECTION('',(0.,0.707106781186546,0.707106781186549));
#13650=DIRECTION('center_axis',(4.99600361081318E-16,1.98452365651747E-15,
1.));
#13651=DIRECTION('ref_axis',(-0.707106781186536,0.707106781186559,0.));
#13652=DIRECTION('center_axis',(-4.99600361081318E-16,-1.98452365651747E-15,
-1.));
#13653=DIRECTION('ref_axis',(-0.707106781186536,0.707106781186559,0.));
#13654=DIRECTION('center_axis',(4.99600361081318E-16,1.98452365651747E-15,
1.));
#13655=DIRECTION('ref_axis',(0.707106781186536,0.707106781186559,0.));
#13656=DIRECTION('center_axis',(-4.99600361081318E-16,-1.98452365651747E-15,
-1.));
#13657=DIRECTION('ref_axis',(0.707106781186536,0.707106781186559,0.));
#13658=DIRECTION('center_axis',(-4.99600361081318E-16,-1.98452365651747E-15,
-1.));
#13659=DIRECTION('ref_axis',(0.70710678118654,-0.707106781186555,0.));
#13660=DIRECTION('',(4.99600361081318E-16,1.98452365651747E-15,1.));
#13661=DIRECTION('center_axis',(-5.5511151231259E-15,0.,1.));
#13662=DIRECTION('ref_axis',(0.,-1.,0.));
#13663=DIRECTION('',(-4.99600361081318E-16,-1.98452365651747E-15,-1.));
#13664=DIRECTION('center_axis',(1.,1.79419633619116E-30,-4.99600361081318E-16));
#13665=DIRECTION('ref_axis',(2.78566507156171E-30,-1.,1.98452365651747E-15));
#13666=DIRECTION('',(-4.99600361081318E-16,-1.98452365651747E-15,-1.));
#13667=DIRECTION('',(-2.78566507156171E-30,1.,-1.98452365651749E-15));
#13668=DIRECTION('center_axis',(-4.99600361081318E-16,-1.98452365651747E-15,
-1.));
#13669=DIRECTION('ref_axis',(0.70710678118654,0.707106781186555,-3.92523114670948E-15));
#13670=DIRECTION('center_axis',(-5.5511151231259E-15,0.,1.));
#13671=DIRECTION('ref_axis',(1.,0.,5.5511151231259E-15));
#13672=DIRECTION('center_axis',(-4.99600361081318E-16,-1.98452365651747E-15,
-1.));
#13673=DIRECTION('ref_axis',(-4.93038065763143E-31,1.,-1.98452365651747E-15));
#13674=DIRECTION('center_axis',(4.99600361081318E-16,1.98452365651747E-15,
1.));
#13675=DIRECTION('ref_axis',(-0.70710678118654,-0.707106781186555,0.));
#13676=DIRECTION('',(4.99600361081318E-16,1.98452365651747E-15,1.));
#13677=DIRECTION('center_axis',(0.,0.,-1.));
#13678=DIRECTION('ref_axis',(0.,-1.,0.));
#13679=DIRECTION('',(-4.99600361081318E-16,-1.98452365651747E-15,-1.));
#13680=DIRECTION('center_axis',(-1.,-1.79419633619116E-30,4.99600361081318E-16));
#13681=DIRECTION('ref_axis',(-2.78566507156171E-30,1.,-1.98452365651747E-15));
#13682=DIRECTION('',(2.78566507156171E-30,-1.,1.98452365651749E-15));
#13683=DIRECTION('',(4.99600361081318E-16,1.98452365651747E-15,1.));
#13684=DIRECTION('center_axis',(-4.99600361081318E-16,-1.98452365651747E-15,
-1.));
#13685=DIRECTION('ref_axis',(-0.70710678118654,0.707106781186555,0.));
#13686=DIRECTION('center_axis',(0.,0.,-1.));
#13687=DIRECTION('ref_axis',(-1.,0.,0.));
#13688=DIRECTION('center_axis',(2.78566507156171E-30,-1.,1.98452365651747E-15));
#13689=DIRECTION('ref_axis',(-1.,-1.79419633619116E-30,4.99600361081318E-16));
#13690=DIRECTION('center_axis',(-2.78566507156171E-30,1.,-1.98452365651747E-15));
#13691=DIRECTION('ref_axis',(-0.707106781186546,1.40327013494863E-15,0.707106781186549));
#13692=DIRECTION('center_axis',(2.78566507156171E-30,-1.,1.98452365651747E-15));
#13693=DIRECTION('ref_axis',(-0.707106781186548,1.40327013494862E-15,0.707106781186546));
#13694=DIRECTION('center_axis',(-2.78566507156171E-30,1.,-1.98452365651747E-15));
#13695=DIRECTION('ref_axis',(0.,1.57199751170845E-15,1.));
#13696=DIRECTION('center_axis',(2.78566507156171E-30,-1.,1.98452365651747E-15));
#13697=DIRECTION('ref_axis',(-0.707106781186548,1.39897087894391E-15,0.707106781186547));
#13698=DIRECTION('center_axis',(-2.78566507156171E-30,1.,-1.98452365651747E-15));
#13699=DIRECTION('ref_axis',(0.,2.26287527448302E-15,1.));
#13700=DIRECTION('center_axis',(-2.78566507156171E-30,1.,-1.98452365651747E-15));
#13701=DIRECTION('ref_axis',(-0.707106781186546,1.4032478508757E-15,0.707106781186549));
#13702=DIRECTION('center_axis',(-2.78566507156171E-30,1.,-1.98452365651747E-15));
#13703=DIRECTION('ref_axis',(0.,1.57199751170844E-15,1.));
#13704=DIRECTION('center_axis',(-2.78566507156171E-30,1.,-1.98452365651747E-15));
#13705=DIRECTION('ref_axis',(-0.707106781186549,1.39897087894391E-15,0.707106781186546));
#13706=DIRECTION('center_axis',(-2.78566507156171E-30,1.,-1.98452365651747E-15));
#13707=DIRECTION('ref_axis',(0.,1.69715645586227E-15,1.));
#13708=DIRECTION('center_axis',(2.78566507156171E-30,-1.,1.98452365651747E-15));
#13709=DIRECTION('ref_axis',(-0.707106781186546,1.4032478508757E-15,0.707106781186549));
#13710=DIRECTION('center_axis',(-4.58217252368629E-30,1.,-1.98452365651748E-15));
#13711=DIRECTION('ref_axis',(-1.,-1.28676042362274E-29,-4.17502290049832E-15));
#13712=DIRECTION('center_axis',(-4.58217252368629E-30,1.,-1.98452365651748E-15));
#13713=DIRECTION('ref_axis',(-1.,-1.28676042362274E-29,-4.17502290049832E-15));
#13714=DIRECTION('',(1.75162308040602E-46,0.,1.));
#13715=DIRECTION('',(1.,-8.9551399873492E-47,0.));
#13716=DIRECTION('',(1.75162308040602E-46,0.,1.));
#13717=DIRECTION('',(1.,-8.9551399873492E-47,0.));
#13718=DIRECTION('',(1.75162308040602E-46,0.,1.));
#13719=DIRECTION('',(1.,-8.9551399873492E-47,0.));
#13720=DIRECTION('',(1.75162308040602E-46,0.,1.));
#13721=DIRECTION('',(1.,-8.9551399873492E-47,0.));
#13722=DIRECTION('',(1.75162308040602E-46,0.,1.));
#13723=DIRECTION('',(1.,-8.9551399873492E-47,0.));
#13724=DIRECTION('',(1.75162308040602E-46,0.,1.));
#13725=DIRECTION('',(1.,-8.9551399873492E-47,0.));
#13726=DIRECTION('',(1.75162308040602E-46,0.,1.));
#13727=DIRECTION('',(1.,-8.9551399873492E-47,0.));
#13728=DIRECTION('',(1.75162308040602E-46,0.,1.));
#13729=DIRECTION('',(1.,-8.9551399873492E-47,0.));
#13730=DIRECTION('',(1.75162308040602E-46,0.,1.));
#13731=DIRECTION('',(1.,-3.94430452610506E-31,-4.52736471620217E-31));
#13732=DIRECTION('',(1.75162308040602E-46,0.,1.));
#13733=DIRECTION('',(1.,-3.94430452610506E-31,-4.52736471620217E-31));
#13734=DIRECTION('',(1.75162308040602E-46,0.,1.));
#13735=DIRECTION('',(1.,-3.94430452610506E-31,-4.52736471620217E-31));
#13736=DIRECTION('',(1.75162308040602E-46,0.,1.));
#13737=DIRECTION('',(1.,-3.94430452610506E-31,-4.52736471620217E-31));
#13738=DIRECTION('',(1.72929362852242E-16,1.,0.));
#13739=DIRECTION('',(0.,0.,1.));
#13740=DIRECTION('',(0.,0.,1.));
#13741=DIRECTION('',(1.,0.,0.));
#13742=DIRECTION('',(0.,0.,1.));
#13743=DIRECTION('',(1.,0.,0.));
#13744=DIRECTION('',(0.,0.,1.));
#13745=DIRECTION('',(1.,0.,0.));
#13746=DIRECTION('',(-8.38164711797248E-31,-4.44089209850063E-16,1.));
#13747=DIRECTION('',(0.999999999999998,3.6776137690708E-16,2.51084646069836E-31));
#13748=DIRECTION('center_axis',(0.,0.,1.));
#13749=DIRECTION('ref_axis',(1.,0.,0.));
#13750=CARTESIAN_POINT('',(0.,0.,0.));
#13751=CARTESIAN_POINT('',(0.,0.,0.));
#13752=CARTESIAN_POINT('',(0.,0.,0.));
#13753=CARTESIAN_POINT('Origin',(30.1,14.1,0.));
#13754=CARTESIAN_POINT('',(30.1,14.1,0.));
#13755=CARTESIAN_POINT('',(0.,14.1,0.));
#13756=CARTESIAN_POINT('',(30.1,14.1,0.));
#13757=CARTESIAN_POINT('',(0.,14.1,7.2));
#13758=CARTESIAN_POINT('',(0.,14.1,0.));
#13759=CARTESIAN_POINT('',(30.1,14.1,7.2));
#13760=CARTESIAN_POINT('',(30.1,14.1,7.2));
#13761=CARTESIAN_POINT('',(30.1,14.1,0.));
#13762=CARTESIAN_POINT('Origin',(30.1,0.,0.));
#13763=CARTESIAN_POINT('',(30.1,0.,0.));
#13764=CARTESIAN_POINT('',(30.1,0.,0.));
#13765=CARTESIAN_POINT('',(30.1,0.,7.2));
#13766=CARTESIAN_POINT('',(30.1,0.,7.2));
#13767=CARTESIAN_POINT('',(30.1,0.,0.));
#13768=CARTESIAN_POINT('Origin',(0.,0.,0.));
#13769=CARTESIAN_POINT('',(0.,0.,0.));
#13770=CARTESIAN_POINT('',(0.,0.,0.));
#13771=CARTESIAN_POINT('',(0.,0.,7.2));
#13772=CARTESIAN_POINT('',(0.,0.,7.2));
#13773=CARTESIAN_POINT('',(0.,0.,0.));
#13774=CARTESIAN_POINT('Origin',(0.,14.1,0.));
#13775=CARTESIAN_POINT('',(0.,14.1,0.));
#13776=CARTESIAN_POINT('',(0.,14.1,7.2));
#13777=CARTESIAN_POINT('Origin',(15.05,7.05,7.2));
#13778=CARTESIAN_POINT('Origin',(15.05,7.05,0.));
#13779=CARTESIAN_POINT('',(0.,0.,0.));
#13780=CARTESIAN_POINT('',(0.,0.,0.));
#13781=CARTESIAN_POINT('Origin',(-3.37913888482378,6.17666906167351,7.2));
#13782=CARTESIAN_POINT('',(-3.56010096434944,3.91343441121599,7.2));
#13783=CARTESIAN_POINT('',(-3.37913888482378,6.17666906167351,7.2));
#13784=CARTESIAN_POINT('',(-3.62676386514717,3.07970290580389,7.2));
#13785=CARTESIAN_POINT('',(-3.56010096434944,3.91343441121599,7.3));
#13786=CARTESIAN_POINT('',(-3.56010096434944,3.91343441121599,7.2));
#13787=CARTESIAN_POINT('',(-3.37913888482378,6.17666906167351,7.3));
#13788=CARTESIAN_POINT('',(-3.62676386514717,3.07970290580389,7.3));
#13789=CARTESIAN_POINT('',(-3.37913888482378,6.17666906167351,7.2));
#13790=CARTESIAN_POINT('Origin',(-2.31270295517264,6.96764696745204,7.2));
#13791=CARTESIAN_POINT('',(-2.31270295517264,6.96764696745204,7.2));
#13792=CARTESIAN_POINT('',(-7.82994520219667,2.87549609660555,7.2));
#13793=CARTESIAN_POINT('',(-2.31270295517264,6.96764696745204,7.3));
#13794=CARTESIAN_POINT('',(-7.82994520219667,2.87549609660555,7.3));
#13795=CARTESIAN_POINT('',(-2.31270295517264,6.96764696745204,7.2));
#13796=CARTESIAN_POINT('Origin',(-2.62015391348919,3.12245650543746,7.2));
#13797=CARTESIAN_POINT('',(-2.62015391348919,3.12245650543746,7.2));
#13798=CARTESIAN_POINT('',(-2.62994520219667,3.,7.2));
#13799=CARTESIAN_POINT('',(-2.62015391348919,3.12245650543746,7.3));
#13800=CARTESIAN_POINT('',(-2.62994520219667,3.,7.3));
#13801=CARTESIAN_POINT('',(-2.62015391348919,3.12245650543746,7.2));
#13802=CARTESIAN_POINT('Origin',(-3.56010096434944,3.91343441121598,7.2));
#13803=CARTESIAN_POINT('',(-7.43773329876437,7.1765134330051,7.2));
#13804=CARTESIAN_POINT('',(-7.43773329876437,7.1765134330051,7.3));
#13805=CARTESIAN_POINT('Origin',(-2.93640195976104,5.04505173644475,7.3));
#13806=CARTESIAN_POINT('Origin',(-2.93640195976104,5.04505173644475,7.2));
#13807=CARTESIAN_POINT('Origin',(-6.47426643095216,10.6,7.2));
#13808=CARTESIAN_POINT('',(-6.47426643095216,10.6,7.2));
#13809=CARTESIAN_POINT('',(-2.90237942751513,10.6,7.2));
#13810=CARTESIAN_POINT('',(-7.25212036710712,10.6,7.2));
#13811=CARTESIAN_POINT('',(-2.90237942751513,10.6,7.3));
#13812=CARTESIAN_POINT('',(-2.90237942751513,10.6,7.2));
#13813=CARTESIAN_POINT('',(-6.47426643095216,10.6,7.3));
#13814=CARTESIAN_POINT('',(-7.25212036710712,10.6,7.3));
#13815=CARTESIAN_POINT('',(-6.47426643095216,10.6,7.2));
#13816=CARTESIAN_POINT('Origin',(-7.25212036710712,11.2285688372969,7.2));
#13817=CARTESIAN_POINT('',(-7.25212036710712,11.2285688372969,7.2));
#13818=CARTESIAN_POINT('',(-2.23926837084814,7.17777934537049,7.2));
#13819=CARTESIAN_POINT('',(-7.25212036710712,11.2285688372969,7.3));
#13820=CARTESIAN_POINT('',(-2.23926837084814,7.17777934537049,7.3));
#13821=CARTESIAN_POINT('',(-7.25212036710712,11.2285688372969,7.2));
#13822=CARTESIAN_POINT('Origin',(-7.25212036710712,11.6,7.2));
#13823=CARTESIAN_POINT('',(-7.25212036710712,11.6,7.2));
#13824=CARTESIAN_POINT('',(-7.25212036710712,11.6,7.2));
#13825=CARTESIAN_POINT('',(-7.25212036710712,11.6,7.3));
#13826=CARTESIAN_POINT('',(-7.25212036710712,11.6,7.3));
#13827=CARTESIAN_POINT('',(-7.25212036710712,11.6,7.2));
#13828=CARTESIAN_POINT('Origin',(-2.05212036710712,11.6,7.2));
#13829=CARTESIAN_POINT('',(-2.05212036710712,11.6,7.2));
#13830=CARTESIAN_POINT('',(-7.25212036710712,11.6,7.2));
#13831=CARTESIAN_POINT('',(-2.05212036710712,11.6,7.3));
#13832=CARTESIAN_POINT('',(-7.25212036710712,11.6,7.3));
#13833=CARTESIAN_POINT('',(-2.05212036710712,11.6,7.2));
#13834=CARTESIAN_POINT('Origin',(-2.05212036710712,11.2240433470885,7.2));
#13835=CARTESIAN_POINT('',(-2.05212036710712,11.2240433470885,7.2));
#13836=CARTESIAN_POINT('',(-2.05212036710712,11.6,7.2));
#13837=CARTESIAN_POINT('',(-2.05212036710712,11.2240433470885,7.3));
#13838=CARTESIAN_POINT('',(-2.05212036710712,11.6,7.3));
#13839=CARTESIAN_POINT('',(-2.05212036710712,11.2240433470885,7.2));
#13840=CARTESIAN_POINT('Origin',(-2.90237942751513,10.6,7.2));
#13841=CARTESIAN_POINT('',(-7.56128879260962,7.18061697974716,7.2));
#13842=CARTESIAN_POINT('',(-7.56128879260962,7.18061697974716,7.3));
#13843=CARTESIAN_POINT('Origin',(-4.65212036710712,11.1,7.3));
#13844=CARTESIAN_POINT('Origin',(-4.65212036710712,11.1,7.2));
#13845=CARTESIAN_POINT('Origin',(-3.07997430326207,7.6,7.2));
#13846=CARTESIAN_POINT('',(-6.6518613066991,7.6,7.2));
#13847=CARTESIAN_POINT('',(-3.07997430326207,7.6,7.2));
#13848=CARTESIAN_POINT('',(-7.50212036710712,7.6,7.2));
#13849=CARTESIAN_POINT('',(-6.6518613066991,7.6,7.3));
#13850=CARTESIAN_POINT('',(-6.6518613066991,7.6,7.2));
#13851=CARTESIAN_POINT('',(-3.07997430326207,7.6,7.3));
#13852=CARTESIAN_POINT('',(-7.50212036710712,7.6,7.3));
#13853=CARTESIAN_POINT('',(-3.07997430326207,7.6,7.2));
#13854=CARTESIAN_POINT('Origin',(-2.46541596054612,7.1033871978053,7.2));
#13855=CARTESIAN_POINT('',(-2.46541596054612,7.1033871978053,7.2));
#13856=CARTESIAN_POINT('',(-2.36497236336609,7.02222065462951,7.2));
#13857=CARTESIAN_POINT('',(-2.46541596054612,7.1033871978053,7.3));
#13858=CARTESIAN_POINT('',(-2.36497236336609,7.02222065462951,7.3));
#13859=CARTESIAN_POINT('',(-2.46541596054612,7.1033871978053,7.2));
#13860=CARTESIAN_POINT('Origin',(-3.14410772973984,6.6,7.2));
#13861=CARTESIAN_POINT('',(-3.14410772973984,6.6,7.2));
#13862=CARTESIAN_POINT('',(-7.88951781064263,3.08031876694113,7.2));
#13863=CARTESIAN_POINT('',(-3.14410772973984,6.6,7.3));
#13864=CARTESIAN_POINT('',(-7.88951781064263,3.08031876694113,7.3));
#13865=CARTESIAN_POINT('',(-3.14410772973984,6.6,7.2));
#13866=CARTESIAN_POINT('Origin',(-6.75264197424614,6.6,7.2));
#13867=CARTESIAN_POINT('',(-6.75264197424614,6.6,7.2));
#13868=CARTESIAN_POINT('',(-7.50212036710712,6.6,7.2));
#13869=CARTESIAN_POINT('',(-6.75264197424614,6.6,7.3));
#13870=CARTESIAN_POINT('',(-7.50212036710712,6.6,7.3));
#13871=CARTESIAN_POINT('',(-6.75264197424614,6.6,7.2));
#13872=CARTESIAN_POINT('Origin',(-7.34042813705102,7.094629849283,7.2));
#13873=CARTESIAN_POINT('',(-7.34042813705102,7.094629849283,7.2));
#13874=CARTESIAN_POINT('',(-7.43773329876437,7.1765134330051,7.2));
#13875=CARTESIAN_POINT('',(-7.34042813705102,7.094629849283,7.3));
#13876=CARTESIAN_POINT('',(-7.43773329876437,7.1765134330051,7.3));
#13877=CARTESIAN_POINT('',(-7.34042813705102,7.094629849283,7.2));
#13878=CARTESIAN_POINT('Origin',(-6.6518613066991,7.6,7.2));
#13879=CARTESIAN_POINT('',(-7.44295194160461,7.01938302025284,7.2));
#13880=CARTESIAN_POINT('',(-7.44295194160461,7.01938302025284,7.3));
#13881=CARTESIAN_POINT('Origin',(-4.90292204879857,7.1,7.3));
#13882=CARTESIAN_POINT('Origin',(-4.90292204879857,7.1,7.2));
#13883=CARTESIAN_POINT('Origin',(-7.82994520219667,2.87549609660555,7.2));
#13884=CARTESIAN_POINT('',(-7.82994520219667,2.87549609660555,7.2));
#13885=CARTESIAN_POINT('',(-7.82994520219667,2.5,7.2));
#13886=CARTESIAN_POINT('',(-7.82994520219667,3.5,7.2));
#13887=CARTESIAN_POINT('',(-7.82994520219667,2.5,7.3));
#13888=CARTESIAN_POINT('',(-7.82994520219667,2.5,7.2));
#13889=CARTESIAN_POINT('',(-7.82994520219667,2.87549609660555,7.3));
#13890=CARTESIAN_POINT('',(-7.82994520219667,3.5,7.3));
#13891=CARTESIAN_POINT('',(-7.82994520219667,2.87549609660555,7.2));
#13892=CARTESIAN_POINT('Origin',(-6.98795783956394,3.5,7.2));
#13893=CARTESIAN_POINT('',(-6.98795783956394,3.5,7.2));
#13894=CARTESIAN_POINT('',(-7.82994520219667,2.87549609660555,7.2));
#13895=CARTESIAN_POINT('',(-6.98795783956394,3.5,7.3));
#13896=CARTESIAN_POINT('',(-7.82994520219667,2.87549609660555,7.3));
#13897=CARTESIAN_POINT('',(-6.98795783956394,3.5,7.2));
#13898=CARTESIAN_POINT('Origin',(-3.37942359505764,3.5,7.2));
#13899=CARTESIAN_POINT('',(-3.37942359505764,3.5,7.2));
#13900=CARTESIAN_POINT('',(-7.82994520219667,3.5,7.2));
#13901=CARTESIAN_POINT('',(-3.37942359505764,3.5,7.3));
#13902=CARTESIAN_POINT('',(-7.82994520219667,3.5,7.3));
#13903=CARTESIAN_POINT('',(-3.37942359505764,3.5,7.2));
#13904=CARTESIAN_POINT('Origin',(-2.62994520219667,2.8693039952954,7.2));
#13905=CARTESIAN_POINT('',(-2.62994520219667,2.8693039952954,7.2));
#13906=CARTESIAN_POINT('',(-7.56650743544986,7.0234865669949,7.2));
#13907=CARTESIAN_POINT('',(-2.62994520219667,2.8693039952954,7.3));
#13908=CARTESIAN_POINT('',(-7.56650743544986,7.0234865669949,7.3));
#13909=CARTESIAN_POINT('',(-2.62994520219667,2.8693039952954,7.2));
#13910=CARTESIAN_POINT('Origin',(-2.62994520219667,2.5,7.2));
#13911=CARTESIAN_POINT('',(-2.62994520219667,2.5,7.2));
#13912=CARTESIAN_POINT('',(-2.62994520219667,3.5,7.2));
#13913=CARTESIAN_POINT('',(-2.62994520219667,2.5,7.3));
#13914=CARTESIAN_POINT('',(-2.62994520219667,3.5,7.3));
#13915=CARTESIAN_POINT('',(-2.62994520219667,2.5,7.2));
#13916=CARTESIAN_POINT('Origin',(-7.82994520219667,2.5,7.2));
#13917=CARTESIAN_POINT('',(-7.82994520219667,2.5,7.2));
#13918=CARTESIAN_POINT('',(-7.82994520219667,2.5,7.3));
#13919=CARTESIAN_POINT('Origin',(-5.22994520219667,3.,7.3));
#13920=CARTESIAN_POINT('Origin',(-5.22994520219667,3.,7.2));
#13921=CARTESIAN_POINT('Origin',(-3.24825162897843,7.99311935194042,7.2));
#13922=CARTESIAN_POINT('',(-2.29447113940736,7.22238764319612,7.2));
#13923=CARTESIAN_POINT('',(-3.24825162897843,7.99311935194042,7.2));
#13924=CARTESIAN_POINT('',(-2.23926837084814,7.17777934537049,7.2));
#13925=CARTESIAN_POINT('',(-2.29447113940736,7.22238764319612,7.3));
#13926=CARTESIAN_POINT('',(-2.29447113940736,7.22238764319612,7.2));
#13927=CARTESIAN_POINT('',(-3.24825162897843,7.99311935194042,7.3));
#13928=CARTESIAN_POINT('',(-2.23926837084814,7.17777934537049,7.3));
#13929=CARTESIAN_POINT('',(-3.24825162897843,7.99311935194042,7.2));
#13930=CARTESIAN_POINT('Origin',(-3.11036775586776,10.1992613217111,7.2));
#13931=CARTESIAN_POINT('',(-3.11036775586776,10.1992613217111,7.2));
#13932=CARTESIAN_POINT('',(-3.30017294559,7.16237828615518,7.2));
#13933=CARTESIAN_POINT('',(-3.11036775586776,10.1992613217111,7.3));
#13934=CARTESIAN_POINT('',(-3.30017294559,7.16237828615518,7.3));
#13935=CARTESIAN_POINT('',(-3.11036775586776,10.1992613217111,7.2));
#13936=CARTESIAN_POINT('Origin',(-2.06024580270365,10.9699930304554,7.2));
#13937=CARTESIAN_POINT('',(-2.06024580270365,10.9699930304554,7.2));
#13938=CARTESIAN_POINT('',(-7.44295194160461,7.01938302025284,7.2));
#13939=CARTESIAN_POINT('',(-2.06024580270365,10.9699930304554,7.3));
#13940=CARTESIAN_POINT('',(-7.44295194160461,7.01938302025284,7.3));
#13941=CARTESIAN_POINT('',(-2.06024580270365,10.9699930304554,7.2));
#13942=CARTESIAN_POINT('Origin',(-2.29447113940736,7.22238764319612,7.2));
#13943=CARTESIAN_POINT('',(-2.30212036710712,7.1,7.2));
#13944=CARTESIAN_POINT('',(-2.30212036710712,7.1,7.3));
#13945=CARTESIAN_POINT('Origin',(-2.65424871584104,9.09619033682575,7.3));
#13946=CARTESIAN_POINT('Origin',(-2.65424871584104,9.09619033682575,7.2));
#13947=CARTESIAN_POINT('Origin',(-7.25976959480687,10.9776123568039,7.2));
#13948=CARTESIAN_POINT('',(-7.49399493151058,7.23000696954463,7.2));
#13949=CARTESIAN_POINT('',(-7.25976959480687,10.9776123568039,7.2));
#13950=CARTESIAN_POINT('',(-7.50212036710712,7.1,7.2));
#13951=CARTESIAN_POINT('',(-7.49399493151058,7.23000696954463,7.3));
#13952=CARTESIAN_POINT('',(-7.49399493151058,7.23000696954463,7.2));
#13953=CARTESIAN_POINT('',(-7.25976959480687,10.9776123568039,7.3));
#13954=CARTESIAN_POINT('',(-7.50212036710712,7.1,7.3));
#13955=CARTESIAN_POINT('',(-7.25976959480687,10.9776123568039,7.2));
#13956=CARTESIAN_POINT('Origin',(-6.30598910523581,10.2068806480596,7.2));
#13957=CARTESIAN_POINT('',(-6.3059891052358,10.2068806480596,7.2));
#13958=CARTESIAN_POINT('',(-2.36497236336609,7.02222065462951,7.2));
#13959=CARTESIAN_POINT('',(-6.3059891052358,10.2068806480596,7.3));
#13960=CARTESIAN_POINT('',(-2.36497236336609,7.02222065462951,7.3));
#13961=CARTESIAN_POINT('',(-6.3059891052358,10.2068806480596,7.2));
#13962=CARTESIAN_POINT('Origin',(-6.44387297834647,8.00073867828893,7.2));
#13963=CARTESIAN_POINT('',(-6.44387297834647,8.00073867828893,7.2));
#13964=CARTESIAN_POINT('',(-6.50406778862423,7.03762171384482,7.2));
#13965=CARTESIAN_POINT('',(-6.44387297834647,8.00073867828893,7.3));
#13966=CARTESIAN_POINT('',(-6.50406778862423,7.03762171384482,7.3));
#13967=CARTESIAN_POINT('',(-6.44387297834647,8.00073867828893,7.2));
#13968=CARTESIAN_POINT('Origin',(-7.49399493151058,7.23000696954463,7.2));
#13969=CARTESIAN_POINT('',(-7.56128879260962,7.18061697974716,7.2));
#13970=CARTESIAN_POINT('',(-7.56128879260962,7.18061697974716,7.3));
#13971=CARTESIAN_POINT('Origin',(-6.89999201837319,9.10380966317426,7.3));
#13972=CARTESIAN_POINT('Origin',(-6.89999201837319,9.10380966317426,7.2));
#13973=CARTESIAN_POINT('Origin',(-6.57196459094804,6.18656557699753,7.2));
#13974=CARTESIAN_POINT('',(-7.5119116558146,6.97754349456255,7.2));
#13975=CARTESIAN_POINT('',(-6.57196459094804,6.18656557699753,7.2));
#13976=CARTESIAN_POINT('',(-7.56650743544986,7.0234865669949,7.2));
#13977=CARTESIAN_POINT('',(-7.5119116558146,6.97754349456255,7.3));
#13978=CARTESIAN_POINT('',(-7.5119116558146,6.97754349456255,7.2));
#13979=CARTESIAN_POINT('',(-6.57196459094804,6.18656557699753,7.3));
#13980=CARTESIAN_POINT('',(-7.56650743544986,7.0234865669949,7.3));
#13981=CARTESIAN_POINT('',(-6.57196459094804,6.18656557699753,7.2));
#13982=CARTESIAN_POINT('Origin',(-6.75292666858887,3.92333095011298,7.2));
#13983=CARTESIAN_POINT('',(-6.75292666858887,3.92333095011298,7.2));
#13984=CARTESIAN_POINT('',(-6.83312652439242,2.92029709300845,7.2));
#13985=CARTESIAN_POINT('',(-6.75292666858887,3.92333095011298,7.3));
#13986=CARTESIAN_POINT('',(-6.83312652439242,2.92029709300845,7.3));
#13987=CARTESIAN_POINT('',(-6.75292666858887,3.92333095011298,7.2));
#13988=CARTESIAN_POINT('Origin',(-7.81936261413115,3.13235303254796,7.2));
#13989=CARTESIAN_POINT('',(-7.81936261413115,3.13235303254796,7.2));
#13990=CARTESIAN_POINT('',(-7.88951781064263,3.08031876694113,7.2));
#13991=CARTESIAN_POINT('',(-7.81936261413115,3.13235303254796,7.3));
#13992=CARTESIAN_POINT('',(-7.88951781064263,3.08031876694113,7.3));
#13993=CARTESIAN_POINT('',(-7.81936261413115,3.13235303254796,7.2));
#13994=CARTESIAN_POINT('Origin',(-7.5119116558146,6.97754349456255,7.2));
#13995=CARTESIAN_POINT('',(-7.82994520219667,3.,7.2));
#13996=CARTESIAN_POINT('',(-7.82994520219667,3.,7.3));
#13997=CARTESIAN_POINT('Origin',(-7.19566360253959,5.05494826355525,7.3));
#13998=CARTESIAN_POINT('Origin',(-7.19566360253959,5.05494826355525,7.2));
#13999=CARTESIAN_POINT('',(0.,0.,0.));
#14000=CARTESIAN_POINT('',(7.5,0.,0.));
#14001=CARTESIAN_POINT('',(15.,0.,0.));
#14002=CARTESIAN_POINT('',(22.5,0.,0.));
#14003=CARTESIAN_POINT('',(0.,-1.11022302462516E-15,-7.05));
#14004=CARTESIAN_POINT('',(0.,8.8,-7.05));
#14005=CARTESIAN_POINT('',(0.,0.,0.));
#14006=CARTESIAN_POINT('Origin',(39.35,15.81,-1.));
#14007=CARTESIAN_POINT('',(38.75,15.81,0.));
#14008=CARTESIAN_POINT('Origin',(39.35,15.81,0.));
#14009=CARTESIAN_POINT('',(38.75,15.81,-1.5));
#14010=CARTESIAN_POINT('',(38.75,15.81,-1.));
#14011=CARTESIAN_POINT('Origin',(39.35,15.81,-1.5));
#14012=CARTESIAN_POINT('Origin',(39.35,10.73,-1.));
#14013=CARTESIAN_POINT('',(38.85,10.73,0.));
#14014=CARTESIAN_POINT('Origin',(39.35,10.73,0.));
#14015=CARTESIAN_POINT('',(38.85,10.73,-1.5));
#14016=CARTESIAN_POINT('',(38.85,10.73,-1.));
#14017=CARTESIAN_POINT('Origin',(39.35,10.73,-1.5));
#14018=CARTESIAN_POINT('Origin',(39.35,13.27,-1.));
#14019=CARTESIAN_POINT('',(38.85,13.27,0.));
#14020=CARTESIAN_POINT('Origin',(39.35,13.27,0.));
#14021=CARTESIAN_POINT('',(38.85,13.27,-1.5));
#14022=CARTESIAN_POINT('',(38.85,13.27,-1.));
#14023=CARTESIAN_POINT('Origin',(39.35,13.27,-1.5));
#14024=CARTESIAN_POINT('Origin',(39.35,8.19,-1.));
#14025=CARTESIAN_POINT('',(38.85,8.19,0.));
#14026=CARTESIAN_POINT('Origin',(39.35,8.19,0.));
#14027=CARTESIAN_POINT('',(38.85,8.19,-1.5));
#14028=CARTESIAN_POINT('',(38.85,8.19,-1.));
#14029=CARTESIAN_POINT('Origin',(39.35,8.19,-1.5));
#14030=CARTESIAN_POINT('Origin',(1.,1.,0.));
#14031=CARTESIAN_POINT('',(0.,1.,-1.5));
#14032=CARTESIAN_POINT('',(1.,0.,-1.5));
#14033=CARTESIAN_POINT('Origin',(1.,1.,-1.5));
#14034=CARTESIAN_POINT('',(1.,0.,0.));
#14035=CARTESIAN_POINT('',(1.,0.,0.));
#14036=CARTESIAN_POINT('',(0.,1.,0.));
#14037=CARTESIAN_POINT('Origin',(1.,1.,0.));
#14038=CARTESIAN_POINT('',(0.,1.,0.));
#14039=CARTESIAN_POINT('Origin',(21.05,12.,0.));
#14040=CARTESIAN_POINT('',(41.1,0.,0.));
#14041=CARTESIAN_POINT('',(0.,0.,0.));
#14042=CARTESIAN_POINT('',(42.1,1.,0.));
#14043=CARTESIAN_POINT('Origin',(41.1,1.,0.));
#14044=CARTESIAN_POINT('',(42.1,23.,0.));
#14045=CARTESIAN_POINT('',(42.1,0.,0.));
#14046=CARTESIAN_POINT('',(41.1,24.,0.));
#14047=CARTESIAN_POINT('Origin',(41.1,23.,0.));
#14048=CARTESIAN_POINT('',(0.999999999999996,24.,0.));
#14049=CARTESIAN_POINT('',(42.1,24.,0.));
#14050=CARTESIAN_POINT('',(0.,23.,0.));
#14051=CARTESIAN_POINT('Origin',(1.,23.,0.));
#14052=CARTESIAN_POINT('',(0.,24.,0.));
#14053=CARTESIAN_POINT('',(41.3,22.,0.));
#14054=CARTESIAN_POINT('Origin',(40.05,22.,0.));
#14055=CARTESIAN_POINT('',(3.29999999999999,22.,0.));
#14056=CARTESIAN_POINT('Origin',(2.04999999999999,22.,0.));
#14057=CARTESIAN_POINT('',(41.3,2.,0.));
#14058=CARTESIAN_POINT('Origin',(40.05,2.,0.));
#14059=CARTESIAN_POINT('',(3.29999999999999,2.,0.));
#14060=CARTESIAN_POINT('Origin',(2.04999999999999,2.,0.));
#14061=CARTESIAN_POINT('Origin',(42.1,0.,0.));
#14062=CARTESIAN_POINT('',(41.1,0.,-1.5));
#14063=CARTESIAN_POINT('',(0.,0.,-1.5));
#14064=CARTESIAN_POINT('',(41.1,0.,0.));
#14065=CARTESIAN_POINT('Origin',(41.1,1.,0.));
#14066=CARTESIAN_POINT('',(42.1,1.,-1.5));
#14067=CARTESIAN_POINT('Origin',(41.1,1.,-1.5));
#14068=CARTESIAN_POINT('',(42.1,1.,0.));
#14069=CARTESIAN_POINT('Origin',(1.,23.,0.));
#14070=CARTESIAN_POINT('',(0.999999999999996,24.,-1.5));
#14071=CARTESIAN_POINT('',(0.,23.,-1.5));
#14072=CARTESIAN_POINT('Origin',(1.,23.,-1.5));
#14073=CARTESIAN_POINT('',(0.,23.,0.));
#14074=CARTESIAN_POINT('',(1.,24.,0.));
#14075=CARTESIAN_POINT('Origin',(0.,24.,0.));
#14076=CARTESIAN_POINT('',(41.1,24.,-1.5));
#14077=CARTESIAN_POINT('',(41.1,24.,0.));
#14078=CARTESIAN_POINT('',(42.1,24.,-1.5));
#14079=CARTESIAN_POINT('Origin',(41.1,23.,0.));
#14080=CARTESIAN_POINT('',(42.1,23.,-1.5));
#14081=CARTESIAN_POINT('Origin',(41.1,23.,-1.5));
#14082=CARTESIAN_POINT('',(42.1,23.,0.));
#14083=CARTESIAN_POINT('Origin',(2.04999999999999,2.,0.));
#14084=CARTESIAN_POINT('',(3.29999999999999,2.,-1.5));
#14085=CARTESIAN_POINT('Origin',(2.04999999999999,2.,-1.5));
#14086=CARTESIAN_POINT('',(3.29999999999999,2.,0.));
#14087=CARTESIAN_POINT('Origin',(40.05,2.,0.));
#14088=CARTESIAN_POINT('',(41.3,2.,-1.5));
#14089=CARTESIAN_POINT('Origin',(40.05,2.,-1.5));
#14090=CARTESIAN_POINT('',(41.3,2.,0.));
#14091=CARTESIAN_POINT('Origin',(2.04999999999999,22.,0.));
#14092=CARTESIAN_POINT('',(3.29999999999999,22.,-1.5));
#14093=CARTESIAN_POINT('Origin',(2.04999999999999,22.,-1.5));
#14094=CARTESIAN_POINT('',(3.29999999999999,22.,0.));
#14095=CARTESIAN_POINT('Origin',(40.05,22.,0.));
#14096=CARTESIAN_POINT('',(41.3,22.,-1.5));
#14097=CARTESIAN_POINT('Origin',(40.05,22.,-1.5));
#14098=CARTESIAN_POINT('',(41.3,22.,0.));
#14099=CARTESIAN_POINT('Origin',(0.,0.,0.));
#14100=CARTESIAN_POINT('',(0.,24.,-1.5));
#14101=CARTESIAN_POINT('Origin',(42.1,24.,0.));
#14102=CARTESIAN_POINT('',(42.1,0.,-1.5));
#14103=CARTESIAN_POINT('Origin',(21.05,12.,-1.5));
#14104=CARTESIAN_POINT('',(0.,0.,0.));
#14105=CARTESIAN_POINT('Origin',(34.7137807125232,16.242518079705,-1.5));
#14106=CARTESIAN_POINT('',(35.022782350764,16.2412628869224,-1.5));
#14107=CARTESIAN_POINT('',(34.7137807125232,16.242518079705,-1.5));
#14108=CARTESIAN_POINT('',(35.022782350764,16.2412628869224,-1.5));
#14109=CARTESIAN_POINT('',(35.022782350764,16.2412628869224,-1.6));
#14110=CARTESIAN_POINT('',(35.022782350764,16.2412628869224,-1.5));
#14111=CARTESIAN_POINT('',(34.7137807125232,16.242518079705,-1.6));
#14112=CARTESIAN_POINT('',(35.022782350764,16.2412628869224,-1.6));
#14113=CARTESIAN_POINT('',(34.7137807125232,16.242518079705,-1.5));
#14114=CARTESIAN_POINT('Origin',(34.7122456649046,15.8646221616323,-1.5));
#14115=CARTESIAN_POINT('',(34.7122456649046,15.8646221616323,-1.5));
#14116=CARTESIAN_POINT('',(34.7137807125232,16.242518079705,-1.5));
#14117=CARTESIAN_POINT('',(34.7122456649046,15.8646221616323,-1.6));
#14118=CARTESIAN_POINT('',(34.7137807125232,16.242518079705,-1.6));
#14119=CARTESIAN_POINT('',(34.7122456649046,15.8646221616323,-1.5));
#14120=CARTESIAN_POINT('Origin',(34.3897725366752,16.2438342304093,-1.5));
#14121=CARTESIAN_POINT('',(34.3897725366752,16.2438342304093,-1.5));
#14122=CARTESIAN_POINT('',(34.7122456649046,15.8646221616323,-1.5));
#14123=CARTESIAN_POINT('',(34.3897725366752,16.2438342304093,-1.6));
#14124=CARTESIAN_POINT('',(34.7122456649046,15.8646221616323,-1.6));
#14125=CARTESIAN_POINT('',(34.3897725366752,16.2438342304093,-1.5));
#14126=CARTESIAN_POINT('Origin',(33.9791347907571,16.2455022783131,-1.5));
#14127=CARTESIAN_POINT('',(33.9791347907571,16.2455022783131,-1.5));
#14128=CARTESIAN_POINT('',(34.3897725366752,16.2438342304093,-1.5));
#14129=CARTESIAN_POINT('',(33.9791347907571,16.2455022783131,-1.6));
#14130=CARTESIAN_POINT('',(34.3897725366752,16.2438342304093,-1.6));
#14131=CARTESIAN_POINT('',(33.9791347907571,16.2455022783131,-1.5));
#14132=CARTESIAN_POINT('Origin',(34.3418560098832,15.8668088244082,-1.5));
#14133=CARTESIAN_POINT('',(34.3418560098832,15.8668088244082,-1.5));
#14134=CARTESIAN_POINT('',(33.9791347907571,16.2455022783131,-1.5));
#14135=CARTESIAN_POINT('',(34.3418560098832,15.8668088244082,-1.6));
#14136=CARTESIAN_POINT('',(33.9791347907571,16.2455022783131,-1.6));
#14137=CARTESIAN_POINT('',(34.3418560098832,15.8668088244082,-1.5));
#14138=CARTESIAN_POINT('Origin',(33.9587018565109,15.245577013593,-1.5));
#14139=CARTESIAN_POINT('',(33.9587018565109,15.245577013593,-1.5));
#14140=CARTESIAN_POINT('',(34.3418560098832,15.8668088244082,-1.5));
#14141=CARTESIAN_POINT('',(33.9587018565109,15.245577013593,-1.6));
#14142=CARTESIAN_POINT('',(34.3418560098832,15.8668088244082,-1.6));
#14143=CARTESIAN_POINT('',(33.9587018565109,15.245577013593,-1.5));
#14144=CARTESIAN_POINT('Origin',(34.3393262291935,15.2440308827434,-1.5));
#14145=CARTESIAN_POINT('',(34.3393262291935,15.2440308827434,-1.5));
#14146=CARTESIAN_POINT('',(33.9587018565109,15.245577013593,-1.5));
#14147=CARTESIAN_POINT('',(34.3393262291935,15.2440308827434,-1.6));
#14148=CARTESIAN_POINT('',(33.9587018565109,15.245577013593,-1.6));
#14149=CARTESIAN_POINT('',(34.3393262291935,15.2440308827434,-1.5));
#14150=CARTESIAN_POINT('Origin',(34.5517728303109,15.6544946077789,-1.5));
#14151=CARTESIAN_POINT('',(34.5517728303109,15.6544946077789,-1.5));
#14152=CARTESIAN_POINT('',(34.3393262291935,15.2440308827434,-1.5));
#14153=CARTESIAN_POINT('',(34.5517728303109,15.6544946077789,-1.6));
#14154=CARTESIAN_POINT('',(34.3393262291935,15.2440308827434,-1.6));
#14155=CARTESIAN_POINT('',(34.5517728303109,15.6544946077789,-1.5));
#14156=CARTESIAN_POINT('Origin',(34.7107106169834,15.4867261690544,-1.5));
#14157=CARTESIAN_POINT('',(34.7107106169834,15.4867261690544,-1.5));
#14158=CARTESIAN_POINT('',(34.5517728303109,15.6544946077789,-1.5));
#14159=CARTESIAN_POINT('',(34.7107106169834,15.4867261690544,-1.6));
#14160=CARTESIAN_POINT('',(34.5517728303109,15.6544946077789,-1.6));
#14161=CARTESIAN_POINT('',(34.7107106169834,15.4867261690544,-1.5));
#14162=CARTESIAN_POINT('Origin',(34.709718654947,15.2425263149936,-1.5));
#14163=CARTESIAN_POINT('',(34.709718654947,15.2425263149936,-1.5));
#14164=CARTESIAN_POINT('',(34.7107106169834,15.4867261690544,-1.5));
#14165=CARTESIAN_POINT('',(34.709718654947,15.2425263149936,-1.6));
#14166=CARTESIAN_POINT('',(34.7107106169834,15.4867261690544,-1.6));
#14167=CARTESIAN_POINT('',(34.709718654947,15.2425263149936,-1.5));
#14168=CARTESIAN_POINT('Origin',(35.0187202931878,15.2412711222111,-1.5));
#14169=CARTESIAN_POINT('',(35.0187202931878,15.2412711222111,-1.5));
#14170=CARTESIAN_POINT('',(34.709718654947,15.2425263149936,-1.5));
#14171=CARTESIAN_POINT('',(35.0187202931878,15.2412711222111,-1.6));
#14172=CARTESIAN_POINT('',(34.709718654947,15.2425263149936,-1.6));
#14173=CARTESIAN_POINT('',(35.0187202931878,15.2412711222111,-1.5));
#14174=CARTESIAN_POINT('Origin',(35.022782350764,16.2412628869224,-1.5));
#14175=CARTESIAN_POINT('',(35.0187202931878,15.2412711222111,-1.5));
#14176=CARTESIAN_POINT('',(35.0187202931878,15.2412711222111,-1.6));
#14177=CARTESIAN_POINT('Origin',(35.5176894888558,15.7346568851397,-1.6));
#14178=CARTESIAN_POINT('Origin',(35.5176894888558,15.7346568851397,-1.5));
#14179=CARTESIAN_POINT('Origin',(36.7665589678754,12.9213217983252,-1.5));
#14180=CARTESIAN_POINT('',(36.7687784141629,13.4677020423441,-1.5));
#14181=CARTESIAN_POINT('',(36.7665589678754,12.9213217983252,-1.5));
#14182=CARTESIAN_POINT('',(36.7687784141629,13.4677020423441,-1.5));
#14183=CARTESIAN_POINT('',(36.7687784141629,13.4677020423441,-1.6));
#14184=CARTESIAN_POINT('',(36.7687784141629,13.4677020423441,-1.5));
#14185=CARTESIAN_POINT('',(36.7665589678754,12.9213217983252,-1.6));
#14186=CARTESIAN_POINT('',(36.7687784141629,13.4677020423441,-1.6));
#14187=CARTESIAN_POINT('',(36.7665589678754,12.9213217983252,-1.5));
#14188=CARTESIAN_POINT('Origin',(36.690843328003,12.9216293621467,-1.5));
#14189=CARTESIAN_POINT('',(36.690843328003,12.9216293621467,-1.5));
#14190=CARTESIAN_POINT('',(36.7665589678754,12.9213217983252,-1.5));
#14191=CARTESIAN_POINT('',(36.690843328003,12.9216293621467,-1.6));
#14192=CARTESIAN_POINT('',(36.7665589678754,12.9213217983252,-1.6));
#14193=CARTESIAN_POINT('',(36.690843328003,12.9216293621467,-1.5));
#14194=CARTESIAN_POINT('Ctrl Pts',(36.5531404781,12.9433348379443,-1.5));
#14195=CARTESIAN_POINT('Ctrl Pts',(36.5531404781,12.9433348379443,-1.6));
#14196=CARTESIAN_POINT('Ctrl Pts',(36.5712746309653,12.9371442866462,-1.5));
#14197=CARTESIAN_POINT('Ctrl Pts',(36.5712746309653,12.9371442866462,-1.6));
#14198=CARTESIAN_POINT('Ctrl Pts',(36.6157576415658,12.9219588869717,-1.5));
#14199=CARTESIAN_POINT('Ctrl Pts',(36.6157576415658,12.9219588869717,-1.6));
#14200=CARTESIAN_POINT('Ctrl Pts',(36.6629120858042,12.9217519426029,-1.5));
#14201=CARTESIAN_POINT('Ctrl Pts',(36.6629120858042,12.9217519426029,-1.6));
#14202=CARTESIAN_POINT('Ctrl Pts',(36.690843328003,12.9216293621467,-1.5));
#14203=CARTESIAN_POINT('Ctrl Pts',(36.690843328003,12.9216293621467,-1.6));
#14204=CARTESIAN_POINT('',(36.5531404781,12.9433348379443,-1.5));
#14205=CARTESIAN_POINT('Ctrl Pts',(36.690843328003,12.9216293621467,-1.5));
#14206=CARTESIAN_POINT('Ctrl Pts',(36.6629120858042,12.9217519426029,-1.5));
#14207=CARTESIAN_POINT('Ctrl Pts',(36.6157576415658,12.9219588869717,-1.5));
#14208=CARTESIAN_POINT('Ctrl Pts',(36.5712746309653,12.9371442866462,-1.5));
#14209=CARTESIAN_POINT('Ctrl Pts',(36.5531404781,12.9433348379443,-1.5));
#14210=CARTESIAN_POINT('',(36.5531404781,12.9433348379443,-1.6));
#14211=CARTESIAN_POINT('Ctrl Pts',(36.5531404781,12.9433348379443,-1.6));
#14212=CARTESIAN_POINT('Ctrl Pts',(36.5712746309653,12.9371442866462,-1.6));
#14213=CARTESIAN_POINT('Ctrl Pts',(36.6157576415658,12.9219588869717,-1.6));
#14214=CARTESIAN_POINT('Ctrl Pts',(36.6629120858042,12.9217519426029,-1.6));
#14215=CARTESIAN_POINT('Ctrl Pts',(36.690843328003,12.9216293621467,-1.6));
#14216=CARTESIAN_POINT('',(36.5531404781,12.9433348379443,-1.5));
#14217=CARTESIAN_POINT('Ctrl Pts',(36.4893257311972,13.0186288794519,-1.5));
#14218=CARTESIAN_POINT('Ctrl Pts',(36.4893257311972,13.0186288794519,-1.6));
#14219=CARTESIAN_POINT('Ctrl Pts',(36.4972681433871,13.0024281150332,-1.5));
#14220=CARTESIAN_POINT('Ctrl Pts',(36.4972681433871,13.0024281150332,-1.6));
#14221=CARTESIAN_POINT('Ctrl Pts',(36.5122441822903,12.9718803075919,-1.5));
#14222=CARTESIAN_POINT('Ctrl Pts',(36.5122441822903,12.9718803075919,-1.6));
#14223=CARTESIAN_POINT('Ctrl Pts',(36.5400712528017,12.95245711092,-1.5));
#14224=CARTESIAN_POINT('Ctrl Pts',(36.5400712528017,12.95245711092,-1.6));
#14225=CARTESIAN_POINT('Ctrl Pts',(36.5531404781,12.9433348379443,-1.5));
#14226=CARTESIAN_POINT('Ctrl Pts',(36.5531404781,12.9433348379443,-1.6));
#14227=CARTESIAN_POINT('',(36.4893257311972,13.0186288794519,-1.5));
#14228=CARTESIAN_POINT('Ctrl Pts',(36.5531404781,12.9433348379443,-1.5));
#14229=CARTESIAN_POINT('Ctrl Pts',(36.5400712528017,12.95245711092,-1.5));
#14230=CARTESIAN_POINT('Ctrl Pts',(36.5122441822903,12.9718803075919,-1.5));
#14231=CARTESIAN_POINT('Ctrl Pts',(36.4972681433871,13.0024281150332,-1.5));
#14232=CARTESIAN_POINT('Ctrl Pts',(36.4893257311972,13.0186288794519,-1.5));
#14233=CARTESIAN_POINT('',(36.4893257311972,13.0186288794519,-1.6));
#14234=CARTESIAN_POINT('Ctrl Pts',(36.4893257311972,13.0186288794519,-1.6));
#14235=CARTESIAN_POINT('Ctrl Pts',(36.4972681433871,13.0024281150332,-1.6));
#14236=CARTESIAN_POINT('Ctrl Pts',(36.5122441822903,12.9718803075919,-1.6));
#14237=CARTESIAN_POINT('Ctrl Pts',(36.5400712528017,12.95245711092,-1.6));
#14238=CARTESIAN_POINT('Ctrl Pts',(36.5531404781,12.9433348379443,-1.6));
#14239=CARTESIAN_POINT('',(36.4893257311972,13.0186288794519,-1.5));
#14240=CARTESIAN_POINT('Ctrl Pts',(36.4668401716781,13.1926643976458,-1.5));
#14241=CARTESIAN_POINT('Ctrl Pts',(36.4668401716781,13.1926643976458,-1.6));
#14242=CARTESIAN_POINT('Ctrl Pts',(36.4667626330893,13.1578794645059,-1.5));
#14243=CARTESIAN_POINT('Ctrl Pts',(36.4667626330893,13.1578794645059,-1.6));
#14244=CARTESIAN_POINT('Ctrl Pts',(36.466630837508,13.0987540592328,-1.5));
#14245=CARTESIAN_POINT('Ctrl Pts',(36.466630837508,13.0987540592328,-1.6));
#14246=CARTESIAN_POINT('Ctrl Pts',(36.4827074047077,13.0419951312212,-1.5));
#14247=CARTESIAN_POINT('Ctrl Pts',(36.4827074047077,13.0419951312212,-1.6));
#14248=CARTESIAN_POINT('Ctrl Pts',(36.4893257311972,13.0186288794519,-1.5));
#14249=CARTESIAN_POINT('Ctrl Pts',(36.4893257311972,13.0186288794519,-1.6));
#14250=CARTESIAN_POINT('',(36.4668401716781,13.1926643976458,-1.5));
#14251=CARTESIAN_POINT('Ctrl Pts',(36.4893257311972,13.0186288794519,-1.5));
#14252=CARTESIAN_POINT('Ctrl Pts',(36.4827074047077,13.0419951312212,-1.5));
#14253=CARTESIAN_POINT('Ctrl Pts',(36.466630837508,13.0987540592328,-1.5));
#14254=CARTESIAN_POINT('Ctrl Pts',(36.4667626330893,13.1578794645059,-1.5));
#14255=CARTESIAN_POINT('Ctrl Pts',(36.4668401716781,13.1926643976458,-1.5));
#14256=CARTESIAN_POINT('',(36.4668401716781,13.1926643976458,-1.6));
#14257=CARTESIAN_POINT('Ctrl Pts',(36.4668401716781,13.1926643976458,-1.6));
#14258=CARTESIAN_POINT('Ctrl Pts',(36.4667626330893,13.1578794645059,-1.6));
#14259=CARTESIAN_POINT('Ctrl Pts',(36.466630837508,13.0987540592328,-1.6));
#14260=CARTESIAN_POINT('Ctrl Pts',(36.4827074047077,13.0419951312212,-1.6));
#14261=CARTESIAN_POINT('Ctrl Pts',(36.4893257311972,13.0186288794519,-1.6));
#14262=CARTESIAN_POINT('',(36.4668401716781,13.1926643976458,-1.5));
#14263=CARTESIAN_POINT('Ctrl Pts',(36.5195653787591,13.4100508439947,-1.5));
#14264=CARTESIAN_POINT('Ctrl Pts',(36.5195653787591,13.4100508439947,-1.6));
#14265=CARTESIAN_POINT('Ctrl Pts',(36.5044598248989,13.3827549402921,-1.5));
#14266=CARTESIAN_POINT('Ctrl Pts',(36.5044598248989,13.3827549402921,-1.6));
#14267=CARTESIAN_POINT('Ctrl Pts',(36.4673478307185,13.3156931543595,-1.5));
#14268=CARTESIAN_POINT('Ctrl Pts',(36.4673478307185,13.3156931543595,-1.6));
#14269=CARTESIAN_POINT('Ctrl Pts',(36.4670291443474,13.2384610263145,-1.5));
#14270=CARTESIAN_POINT('Ctrl Pts',(36.4670291443474,13.2384610263145,-1.6));
#14271=CARTESIAN_POINT('Ctrl Pts',(36.4668401716781,13.1926643976458,-1.5));
#14272=CARTESIAN_POINT('Ctrl Pts',(36.4668401716781,13.1926643976458,-1.6));
#14273=CARTESIAN_POINT('',(36.5195653787591,13.4100508439947,-1.5));
#14274=CARTESIAN_POINT('Ctrl Pts',(36.4668401716781,13.1926643976458,-1.5));
#14275=CARTESIAN_POINT('Ctrl Pts',(36.4670291443474,13.2384610263145,-1.5));
#14276=CARTESIAN_POINT('Ctrl Pts',(36.4673478307185,13.3156931543595,-1.5));
#14277=CARTESIAN_POINT('Ctrl Pts',(36.5044598248989,13.3827549402921,-1.5));
#14278=CARTESIAN_POINT('Ctrl Pts',(36.5195653787591,13.4100508439947,-1.5));
#14279=CARTESIAN_POINT('',(36.5195653787591,13.4100508439947,-1.6));
#14280=CARTESIAN_POINT('Ctrl Pts',(36.5195653787591,13.4100508439947,-1.6));
#14281=CARTESIAN_POINT('Ctrl Pts',(36.5044598248989,13.3827549402921,-1.6));
#14282=CARTESIAN_POINT('Ctrl Pts',(36.4673478307185,13.3156931543595,-1.6));
#14283=CARTESIAN_POINT('Ctrl Pts',(36.4670291443474,13.2384610263145,-1.6));
#14284=CARTESIAN_POINT('Ctrl Pts',(36.4668401716781,13.1926643976458,-1.6));
#14285=CARTESIAN_POINT('',(36.5195653787591,13.4100508439947,-1.5));
#14286=CARTESIAN_POINT('Ctrl Pts',(36.6916985469855,13.468015147781,-1.5));
#14287=CARTESIAN_POINT('Ctrl Pts',(36.6916985469855,13.468015147781,-1.6));
#14288=CARTESIAN_POINT('Ctrl Pts',(36.6559313534974,13.4671294247417,-1.5));
#14289=CARTESIAN_POINT('Ctrl Pts',(36.6559313534974,13.4671294247417,-1.6));
#14290=CARTESIAN_POINT('Ctrl Pts',(36.5920616231401,13.4655477828466,-1.5));
#14291=CARTESIAN_POINT('Ctrl Pts',(36.5920616231401,13.4655477828466,-1.6));
#14292=CARTESIAN_POINT('Ctrl Pts',(36.5417169298954,13.4270081814317,-1.5));
#14293=CARTESIAN_POINT('Ctrl Pts',(36.5417169298954,13.4270081814317,-1.6));
#14294=CARTESIAN_POINT('Ctrl Pts',(36.5195653787591,13.4100508439947,-1.5));
#14295=CARTESIAN_POINT('Ctrl Pts',(36.5195653787591,13.4100508439947,-1.6));
#14296=CARTESIAN_POINT('',(36.6916985469855,13.468015147781,-1.5));
#14297=CARTESIAN_POINT('Ctrl Pts',(36.5195653787591,13.4100508439947,-1.5));
#14298=CARTESIAN_POINT('Ctrl Pts',(36.5417169298954,13.4270081814317,-1.5));
#14299=CARTESIAN_POINT('Ctrl Pts',(36.5920616231401,13.4655477828466,-1.5));
#14300=CARTESIAN_POINT('Ctrl Pts',(36.6559313534974,13.4671294247417,-1.5));
#14301=CARTESIAN_POINT('Ctrl Pts',(36.6916985469855,13.468015147781,-1.5));
#14302=CARTESIAN_POINT('',(36.6916985469855,13.468015147781,-1.6));
#14303=CARTESIAN_POINT('Ctrl Pts',(36.6916985469855,13.468015147781,-1.6));
#14304=CARTESIAN_POINT('Ctrl Pts',(36.6559313534974,13.4671294247417,-1.6));
#14305=CARTESIAN_POINT('Ctrl Pts',(36.5920616231401,13.4655477828466,-1.6));
#14306=CARTESIAN_POINT('Ctrl Pts',(36.5417169298954,13.4270081814317,-1.6));
#14307=CARTESIAN_POINT('Ctrl Pts',(36.5195653787591,13.4100508439947,-1.6));
#14308=CARTESIAN_POINT('',(36.6916985469855,13.468015147781,-1.5));
#14309=CARTESIAN_POINT('Origin',(36.7687784141629,13.4677020423441,-1.5));
#14310=CARTESIAN_POINT('',(36.6916985469855,13.468015147781,-1.5));
#14311=CARTESIAN_POINT('',(36.6916985469855,13.468015147781,-1.6));
#14312=CARTESIAN_POINT('Origin',(36.6196313565066,13.694776340902,-1.5));
#14313=CARTESIAN_POINT('',(37.0786998422979,13.6929115629243,-1.5));
#14314=CARTESIAN_POINT('',(36.6196313565066,13.694776340902,-1.5));
#14315=CARTESIAN_POINT('',(37.0786998422979,13.6929115629243,-1.5));
#14316=CARTESIAN_POINT('',(37.0786998422979,13.6929115629243,-1.6));
#14317=CARTESIAN_POINT('',(37.0786998422979,13.6929115629243,-1.5));
#14318=CARTESIAN_POINT('',(36.6196313565066,13.694776340902,-1.6));
#14319=CARTESIAN_POINT('',(37.0786998422979,13.6929115629243,-1.6));
#14320=CARTESIAN_POINT('',(36.6196313565066,13.694776340902,-1.5));
#14321=CARTESIAN_POINT('Ctrl Pts',(36.4005203986493,13.6588311602475,-1.5));
#14322=CARTESIAN_POINT('Ctrl Pts',(36.4005203986493,13.6588311602475,-1.6));
#14323=CARTESIAN_POINT('Ctrl Pts',(36.4324110120274,13.6694163269888,-1.5));
#14324=CARTESIAN_POINT('Ctrl Pts',(36.4324110120274,13.6694163269888,-1.6));
#14325=CARTESIAN_POINT('Ctrl Pts',(36.5034225060445,13.6929865385682,-1.5));
#14326=CARTESIAN_POINT('Ctrl Pts',(36.5034225060445,13.6929865385682,-1.6));
#14327=CARTESIAN_POINT('Ctrl Pts',(36.5783520089731,13.6941405728666,-1.5));
#14328=CARTESIAN_POINT('Ctrl Pts',(36.5783520089731,13.6941405728666,-1.6));
#14329=CARTESIAN_POINT('Ctrl Pts',(36.6196313565066,13.694776340902,-1.5));
#14330=CARTESIAN_POINT('Ctrl Pts',(36.6196313565066,13.694776340902,-1.6));
#14331=CARTESIAN_POINT('',(36.4005203986493,13.6588311602475,-1.5));
#14332=CARTESIAN_POINT('Ctrl Pts',(36.6196313565066,13.694776340902,-1.5));
#14333=CARTESIAN_POINT('Ctrl Pts',(36.5783520089731,13.6941405728666,-1.5));
#14334=CARTESIAN_POINT('Ctrl Pts',(36.5034225060445,13.6929865385682,-1.5));
#14335=CARTESIAN_POINT('Ctrl Pts',(36.4324110120274,13.6694163269888,-1.5));
#14336=CARTESIAN_POINT('Ctrl Pts',(36.4005203986493,13.6588311602475,-1.5));
#14337=CARTESIAN_POINT('',(36.4005203986493,13.6588311602475,-1.6));
#14338=CARTESIAN_POINT('Ctrl Pts',(36.4005203986493,13.6588311602475,-1.6));
#14339=CARTESIAN_POINT('Ctrl Pts',(36.4324110120274,13.6694163269888,-1.6));
#14340=CARTESIAN_POINT('Ctrl Pts',(36.5034225060445,13.6929865385682,-1.6));
#14341=CARTESIAN_POINT('Ctrl Pts',(36.5783520089731,13.6941405728666,-1.6));
#14342=CARTESIAN_POINT('Ctrl Pts',(36.6196313565066,13.694776340902,-1.6));
#14343=CARTESIAN_POINT('',(36.4005203986493,13.6588311602475,-1.5));
#14344=CARTESIAN_POINT('Ctrl Pts',(36.2616199649115,13.5536645915019,-1.5));
#14345=CARTESIAN_POINT('Ctrl Pts',(36.2616199649115,13.5536645915019,-1.6));
#14346=CARTESIAN_POINT('Ctrl Pts',(36.2812695739234,13.5752792985383,-1.5));
#14347=CARTESIAN_POINT('Ctrl Pts',(36.2812695739234,13.5752792985383,-1.6));
#14348=CARTESIAN_POINT('Ctrl Pts',(36.3210018487132,13.6189850780758,-1.5));
#14349=CARTESIAN_POINT('Ctrl Pts',(36.3210018487132,13.6189850780758,-1.6));
#14350=CARTESIAN_POINT('Ctrl Pts',(36.3738223120784,13.6454529717344,-1.5));
#14351=CARTESIAN_POINT('Ctrl Pts',(36.3738223120784,13.6454529717344,-1.6));
#14352=CARTESIAN_POINT('Ctrl Pts',(36.4005203986493,13.6588311602475,-1.5));
#14353=CARTESIAN_POINT('Ctrl Pts',(36.4005203986493,13.6588311602475,-1.6));
#14354=CARTESIAN_POINT('',(36.2616199649115,13.5536645915019,-1.5));
#14355=CARTESIAN_POINT('Ctrl Pts',(36.4005203986493,13.6588311602475,-1.5));
#14356=CARTESIAN_POINT('Ctrl Pts',(36.3738223120784,13.6454529717344,-1.5));
#14357=CARTESIAN_POINT('Ctrl Pts',(36.3210018487132,13.6189850780758,-1.5));
#14358=CARTESIAN_POINT('Ctrl Pts',(36.2812695739234,13.5752792985383,-1.5));
#14359=CARTESIAN_POINT('Ctrl Pts',(36.2616199649115,13.5536645915019,-1.5));
#14360=CARTESIAN_POINT('',(36.2616199649115,13.5536645915019,-1.6));
#14361=CARTESIAN_POINT('Ctrl Pts',(36.2616199649115,13.5536645915019,-1.6));
#14362=CARTESIAN_POINT('Ctrl Pts',(36.2812695739234,13.5752792985383,-1.6));
#14363=CARTESIAN_POINT('Ctrl Pts',(36.3210018487132,13.6189850780758,-1.6));
#14364=CARTESIAN_POINT('Ctrl Pts',(36.3738223120784,13.6454529717344,-1.6));
#14365=CARTESIAN_POINT('Ctrl Pts',(36.4005203986493,13.6588311602475,-1.6));
#14366=CARTESIAN_POINT('',(36.2616199649115,13.5536645915019,-1.5));
#14367=CARTESIAN_POINT('Ctrl Pts',(36.181842664285,13.3936871960291,-1.5));
#14368=CARTESIAN_POINT('Ctrl Pts',(36.181842664285,13.3936871960291,-1.6));
#14369=CARTESIAN_POINT('Ctrl Pts',(36.1912181977798,13.4229513203849,-1.5));
#14370=CARTESIAN_POINT('Ctrl Pts',(36.1912181977798,13.4229513203849,-1.6));
#14371=CARTESIAN_POINT('Ctrl Pts',(36.2096178976756,13.4803828368056,-1.5));
#14372=CARTESIAN_POINT('Ctrl Pts',(36.2096178976756,13.4803828368056,-1.6));
#14373=CARTESIAN_POINT('Ctrl Pts',(36.2445080339076,13.5295503130344,-1.5));
#14374=CARTESIAN_POINT('Ctrl Pts',(36.2445080339076,13.5295503130344,-1.6));
#14375=CARTESIAN_POINT('Ctrl Pts',(36.2616199649115,13.5536645915019,-1.5));
#14376=CARTESIAN_POINT('Ctrl Pts',(36.2616199649115,13.5536645915019,-1.6));
#14377=CARTESIAN_POINT('',(36.181842664285,13.3936871960291,-1.5));
#14378=CARTESIAN_POINT('Ctrl Pts',(36.2616199649115,13.5536645915019,-1.5));
#14379=CARTESIAN_POINT('Ctrl Pts',(36.2445080339076,13.5295503130344,-1.5));
#14380=CARTESIAN_POINT('Ctrl Pts',(36.2096178976756,13.4803828368056,-1.5));
#14381=CARTESIAN_POINT('Ctrl Pts',(36.1912181977798,13.4229513203849,-1.5));
#14382=CARTESIAN_POINT('Ctrl Pts',(36.181842664285,13.3936871960291,-1.5));
#14383=CARTESIAN_POINT('',(36.181842664285,13.3936871960291,-1.6));
#14384=CARTESIAN_POINT('Ctrl Pts',(36.181842664285,13.3936871960291,-1.6));
#14385=CARTESIAN_POINT('Ctrl Pts',(36.1912181977798,13.4229513203849,-1.6));
#14386=CARTESIAN_POINT('Ctrl Pts',(36.2096178976756,13.4803828368056,-1.6));
#14387=CARTESIAN_POINT('Ctrl Pts',(36.2445080339076,13.5295503130344,-1.6));
#14388=CARTESIAN_POINT('Ctrl Pts',(36.2616199649115,13.5536645915019,-1.6));
#14389=CARTESIAN_POINT('',(36.181842664285,13.3936871960291,-1.5));
#14390=CARTESIAN_POINT('Ctrl Pts',(36.1564992802764,13.2000640616335,-1.5));
#14391=CARTESIAN_POINT('Ctrl Pts',(36.1564992802764,13.2000640616335,-1.6));
#14392=CARTESIAN_POINT('Ctrl Pts',(36.1575746784458,13.2333986091622,-1.5));
#14393=CARTESIAN_POINT('Ctrl Pts',(36.1575746784458,13.2333986091622,-1.6));
#14394=CARTESIAN_POINT('Ctrl Pts',(36.1596838583811,13.2987777038972,-1.5));
#14395=CARTESIAN_POINT('Ctrl Pts',(36.1596838583811,13.2987777038972,-1.6));
#14396=CARTESIAN_POINT('Ctrl Pts',(36.1745541982856,13.3624696020207,-1.5));
#14397=CARTESIAN_POINT('Ctrl Pts',(36.1745541982856,13.3624696020207,-1.6));
#14398=CARTESIAN_POINT('Ctrl Pts',(36.181842664285,13.3936871960291,-1.5));
#14399=CARTESIAN_POINT('Ctrl Pts',(36.181842664285,13.3936871960291,-1.6));
#14400=CARTESIAN_POINT('',(36.1564992802764,13.2000640616335,-1.5));
#14401=CARTESIAN_POINT('Ctrl Pts',(36.181842664285,13.3936871960291,-1.5));
#14402=CARTESIAN_POINT('Ctrl Pts',(36.1745541982856,13.3624696020207,-1.5));
#14403=CARTESIAN_POINT('Ctrl Pts',(36.1596838583811,13.2987777038972,-1.5));
#14404=CARTESIAN_POINT('Ctrl Pts',(36.1575746784458,13.2333986091622,-1.5));
#14405=CARTESIAN_POINT('Ctrl Pts',(36.1564992802764,13.2000640616335,-1.5));
#14406=CARTESIAN_POINT('',(36.1564992802764,13.2000640616335,-1.6));
#14407=CARTESIAN_POINT('Ctrl Pts',(36.1564992802764,13.2000640616335,-1.6));
#14408=CARTESIAN_POINT('Ctrl Pts',(36.1575746784458,13.2333986091622,-1.6));
#14409=CARTESIAN_POINT('Ctrl Pts',(36.1596838583811,13.2987777038972,-1.6));
#14410=CARTESIAN_POINT('Ctrl Pts',(36.1745541982856,13.3624696020207,-1.6));
#14411=CARTESIAN_POINT('Ctrl Pts',(36.181842664285,13.3936871960291,-1.6));
#14412=CARTESIAN_POINT('',(36.1564992802764,13.2000640616335,-1.5));
#14413=CARTESIAN_POINT('Ctrl Pts',(36.1923225443307,12.9509398422986,-1.5));
#14414=CARTESIAN_POINT('Ctrl Pts',(36.1923225443307,12.9509398422986,-1.6));
#14415=CARTESIAN_POINT('Ctrl Pts',(36.1817676565085,12.9862714408561,-1.5));
#14416=CARTESIAN_POINT('Ctrl Pts',(36.1817676565085,12.9862714408561,-1.6));
#14417=CARTESIAN_POINT('Ctrl Pts',(36.1575339855252,13.0673916146736,-1.5));
#14418=CARTESIAN_POINT('Ctrl Pts',(36.1575339855252,13.0673916146736,-1.6));
#14419=CARTESIAN_POINT('Ctrl Pts',(36.1568726011034,13.1521959487831,-1.5));
#14420=CARTESIAN_POINT('Ctrl Pts',(36.1568726011034,13.1521959487831,-1.6));
#14421=CARTESIAN_POINT('Ctrl Pts',(36.1564992802764,13.2000640616335,-1.5));
#14422=CARTESIAN_POINT('Ctrl Pts',(36.1564992802764,13.2000640616335,-1.6));
#14423=CARTESIAN_POINT('',(36.1923225443307,12.9509398422986,-1.5));
#14424=CARTESIAN_POINT('Ctrl Pts',(36.1564992802764,13.2000640616335,-1.5));
#14425=CARTESIAN_POINT('Ctrl Pts',(36.1568726011034,13.1521959487831,-1.5));
#14426=CARTESIAN_POINT('Ctrl Pts',(36.1575339855252,13.0673916146736,-1.5));
#14427=CARTESIAN_POINT('Ctrl Pts',(36.1817676565085,12.9862714408561,-1.5));
#14428=CARTESIAN_POINT('Ctrl Pts',(36.1923225443307,12.9509398422986,-1.5));
#14429=CARTESIAN_POINT('',(36.1923225443307,12.9509398422986,-1.6));
#14430=CARTESIAN_POINT('Ctrl Pts',(36.1923225443307,12.9509398422986,-1.6));
#14431=CARTESIAN_POINT('Ctrl Pts',(36.1817676565085,12.9862714408561,-1.6));
#14432=CARTESIAN_POINT('Ctrl Pts',(36.1575339855252,13.0673916146736,-1.6));
#14433=CARTESIAN_POINT('Ctrl Pts',(36.1568726011034,13.1521959487831,-1.6));
#14434=CARTESIAN_POINT('Ctrl Pts',(36.1564992802764,13.2000640616335,-1.6));
#14435=CARTESIAN_POINT('',(36.1923225443307,12.9509398422986,-1.5));
#14436=CARTESIAN_POINT('Ctrl Pts',(36.292675432615,12.8025091017007,-1.5));
#14437=CARTESIAN_POINT('Ctrl Pts',(36.292675432615,12.8025091017007,-1.6));
#14438=CARTESIAN_POINT('Ctrl Pts',(36.2722452596702,12.824038463703,-1.5));
#14439=CARTESIAN_POINT('Ctrl Pts',(36.2722452596702,12.824038463703,-1.6));
#14440=CARTESIAN_POINT('Ctrl Pts',(36.2305851814679,12.8679399474097,-1.5));
#14441=CARTESIAN_POINT('Ctrl Pts',(36.2305851814679,12.8679399474097,-1.6));
#14442=CARTESIAN_POINT('Ctrl Pts',(36.2052389439963,12.9229213915384,-1.5));
#14443=CARTESIAN_POINT('Ctrl Pts',(36.2052389439963,12.9229213915384,-1.6));
#14444=CARTESIAN_POINT('Ctrl Pts',(36.1923225443307,12.9509398422986,-1.5));
#14445=CARTESIAN_POINT('Ctrl Pts',(36.1923225443307,12.9509398422986,-1.6));
#14446=CARTESIAN_POINT('',(36.292675432615,12.8025091017007,-1.5));
#14447=CARTESIAN_POINT('Ctrl Pts',(36.1923225443307,12.9509398422986,-1.5));
#14448=CARTESIAN_POINT('Ctrl Pts',(36.2052389439963,12.9229213915384,-1.5));
#14449=CARTESIAN_POINT('Ctrl Pts',(36.2305851814679,12.8679399474097,-1.5));
#14450=CARTESIAN_POINT('Ctrl Pts',(36.2722452596702,12.824038463703,-1.5));
#14451=CARTESIAN_POINT('Ctrl Pts',(36.292675432615,12.8025091017007,-1.5));
#14452=CARTESIAN_POINT('',(36.292675432615,12.8025091017007,-1.6));
#14453=CARTESIAN_POINT('Ctrl Pts',(36.292675432615,12.8025091017007,-1.6));
#14454=CARTESIAN_POINT('Ctrl Pts',(36.2722452596702,12.824038463703,-1.6));
#14455=CARTESIAN_POINT('Ctrl Pts',(36.2305851814679,12.8679399474097,-1.6));
#14456=CARTESIAN_POINT('Ctrl Pts',(36.2052389439963,12.9229213915384,-1.6));
#14457=CARTESIAN_POINT('Ctrl Pts',(36.1923225443307,12.9509398422986,-1.6));
#14458=CARTESIAN_POINT('',(36.292675432615,12.8025091017007,-1.5));
#14459=CARTESIAN_POINT('Ctrl Pts',(36.4315069876083,12.7228175483903,-1.5));
#14460=CARTESIAN_POINT('Ctrl Pts',(36.4315069876083,12.7228175483903,-1.6));
#14461=CARTESIAN_POINT('Ctrl Pts',(36.4068078039801,12.7314838458587,-1.5));
#14462=CARTESIAN_POINT('Ctrl Pts',(36.4068078039801,12.7314838458587,-1.6));
#14463=CARTESIAN_POINT('Ctrl Pts',(36.355637070795,12.7494383176396,-1.5));
#14464=CARTESIAN_POINT('Ctrl Pts',(36.355637070795,12.7494383176396,-1.6));
#14465=CARTESIAN_POINT('Ctrl Pts',(36.3141417273503,12.7844150189319,-1.5));
#14466=CARTESIAN_POINT('Ctrl Pts',(36.3141417273503,12.7844150189319,-1.6));
#14467=CARTESIAN_POINT('Ctrl Pts',(36.292675432615,12.8025091017007,-1.5));
#14468=CARTESIAN_POINT('Ctrl Pts',(36.292675432615,12.8025091017007,-1.6));
#14469=CARTESIAN_POINT('',(36.4315069876083,12.7228175483903,-1.5));
#14470=CARTESIAN_POINT('Ctrl Pts',(36.292675432615,12.8025091017007,-1.5));
#14471=CARTESIAN_POINT('Ctrl Pts',(36.3141417273503,12.7844150189319,-1.5));
#14472=CARTESIAN_POINT('Ctrl Pts',(36.355637070795,12.7494383176396,-1.5));
#14473=CARTESIAN_POINT('Ctrl Pts',(36.4068078039801,12.7314838458587,-1.5));
#14474=CARTESIAN_POINT('Ctrl Pts',(36.4315069876083,12.7228175483903,-1.5));
#14475=CARTESIAN_POINT('',(36.4315069876083,12.7228175483903,-1.6));
#14476=CARTESIAN_POINT('Ctrl Pts',(36.4315069876083,12.7228175483903,-1.6));
#14477=CARTESIAN_POINT('Ctrl Pts',(36.4068078039801,12.7314838458587,-1.6));
#14478=CARTESIAN_POINT('Ctrl Pts',(36.355637070795,12.7494383176396,-1.6));
#14479=CARTESIAN_POINT('Ctrl Pts',(36.3141417273503,12.7844150189319,-1.6));
#14480=CARTESIAN_POINT('Ctrl Pts',(36.292675432615,12.8025091017007,-1.6));
#14481=CARTESIAN_POINT('',(36.4315069876083,12.7228175483903,-1.5));
#14482=CARTESIAN_POINT('Ctrl Pts',(36.6155692989304,12.6947845761906,-1.5));
#14483=CARTESIAN_POINT('Ctrl Pts',(36.6155692989304,12.6947845761906,-1.6));
#14484=CARTESIAN_POINT('Ctrl Pts',(36.5863438972597,12.6962944971393,-1.5));
#14485=CARTESIAN_POINT('Ctrl Pts',(36.5863438972597,12.6962944971393,-1.6));
#14486=CARTESIAN_POINT('Ctrl Pts',(36.5240815702798,12.6995112601757,-1.5));
#14487=CARTESIAN_POINT('Ctrl Pts',(36.5240815702798,12.6995112601757,-1.6));
#14488=CARTESIAN_POINT('Ctrl Pts',(36.4635993650382,12.7147380715372,-1.5));
#14489=CARTESIAN_POINT('Ctrl Pts',(36.4635993650382,12.7147380715372,-1.6));
#14490=CARTESIAN_POINT('Ctrl Pts',(36.4315069876083,12.7228175483903,-1.5));
#14491=CARTESIAN_POINT('Ctrl Pts',(36.4315069876083,12.7228175483903,-1.6));
#14492=CARTESIAN_POINT('',(36.6155692989304,12.6947845761906,-1.5));
#14493=CARTESIAN_POINT('Ctrl Pts',(36.4315069876083,12.7228175483903,-1.5));
#14494=CARTESIAN_POINT('Ctrl Pts',(36.4635993650382,12.7147380715372,-1.5));
#14495=CARTESIAN_POINT('Ctrl Pts',(36.5240815702798,12.6995112601757,-1.5));
#14496=CARTESIAN_POINT('Ctrl Pts',(36.5863438972597,12.6962944971393,-1.5));
#14497=CARTESIAN_POINT('Ctrl Pts',(36.6155692989304,12.6947845761906,-1.5));
#14498=CARTESIAN_POINT('',(36.6155692989304,12.6947845761906,-1.6));
#14499=CARTESIAN_POINT('Ctrl Pts',(36.6155692989304,12.6947845761906,-1.6));
#14500=CARTESIAN_POINT('Ctrl Pts',(36.5863438972597,12.6962944971393,-1.6));
#14501=CARTESIAN_POINT('Ctrl Pts',(36.5240815702798,12.6995112601757,-1.6));
#14502=CARTESIAN_POINT('Ctrl Pts',(36.4635993650382,12.7147380715372,-1.6));
#14503=CARTESIAN_POINT('Ctrl Pts',(36.4315069876083,12.7228175483903,-1.6));
#14504=CARTESIAN_POINT('',(36.6155692989304,12.6947845761906,-1.5));
#14505=CARTESIAN_POINT('Origin',(37.0746377847217,12.6929197982129,-1.5));
#14506=CARTESIAN_POINT('',(37.0746377847217,12.6929197982129,-1.5));
#14507=CARTESIAN_POINT('',(36.6155692989304,12.6947845761906,-1.5));
#14508=CARTESIAN_POINT('',(37.0746377847217,12.6929197982129,-1.6));
#14509=CARTESIAN_POINT('',(36.6155692989304,12.6947845761906,-1.6));
#14510=CARTESIAN_POINT('',(37.0746377847217,12.6929197982129,-1.5));
#14511=CARTESIAN_POINT('Origin',(37.0786998422979,13.6929115629243,-1.5));
#14512=CARTESIAN_POINT('',(37.0746377847217,12.6929197982129,-1.5));
#14513=CARTESIAN_POINT('',(37.0746377847217,12.6929197982129,-1.6));
#14514=CARTESIAN_POINT('Origin',(35.7659777749386,13.2014859012162,-1.6));
#14515=CARTESIAN_POINT('Origin',(35.7659777749386,13.2014859012162,-1.5));
#14516=CARTESIAN_POINT('Origin',(35.6742093172883,13.6986167312859,-1.5));
#14517=CARTESIAN_POINT('',(35.9838930505553,13.6973587677712,-1.5));
#14518=CARTESIAN_POINT('',(35.6742093172883,13.6986167312859,-1.5));
#14519=CARTESIAN_POINT('',(35.9838930505553,13.6973587677712,-1.5));
#14520=CARTESIAN_POINT('',(35.9838930505553,13.6973587677712,-1.6));
#14521=CARTESIAN_POINT('',(35.9838930505553,13.6973587677712,-1.5));
#14522=CARTESIAN_POINT('',(35.6742093172883,13.6986167312859,-1.6));
#14523=CARTESIAN_POINT('',(35.9838930505553,13.6973587677712,-1.6));
#14524=CARTESIAN_POINT('',(35.6742093172883,13.6986167312859,-1.5));
#14525=CARTESIAN_POINT('Origin',(35.6701472597121,12.6986249665745,-1.5));
#14526=CARTESIAN_POINT('',(35.6701472597121,12.6986249665745,-1.5));
#14527=CARTESIAN_POINT('',(35.6742093172883,13.6986167312859,-1.5));
#14528=CARTESIAN_POINT('',(35.6701472597121,12.6986249665745,-1.6));
#14529=CARTESIAN_POINT('',(35.6742093172883,13.6986167312859,-1.6));
#14530=CARTESIAN_POINT('',(35.6701472597121,12.6986249665745,-1.5));
#14531=CARTESIAN_POINT('Origin',(35.979830992979,12.6973670030599,-1.5));
#14532=CARTESIAN_POINT('',(35.979830992979,12.6973670030599,-1.5));
#14533=CARTESIAN_POINT('',(35.6701472597121,12.6986249665745,-1.5));
#14534=CARTESIAN_POINT('',(35.979830992979,12.6973670030599,-1.6));
#14535=CARTESIAN_POINT('',(35.6701472597121,12.6986249665745,-1.6));
#14536=CARTESIAN_POINT('',(35.979830992979,12.6973670030599,-1.5));
#14537=CARTESIAN_POINT('Origin',(35.9838930505553,13.6973587677712,-1.5));
#14538=CARTESIAN_POINT('',(35.979830992979,12.6973670030599,-1.5));
#14539=CARTESIAN_POINT('',(35.979830992979,12.6973670030599,-1.6));
#14540=CARTESIAN_POINT('Origin',(35.7659777749386,13.2014859012162,-1.6));
#14541=CARTESIAN_POINT('Origin',(35.7659777749386,13.2014859012162,-1.5));
#14542=CARTESIAN_POINT('Origin',(33.8672601421607,10.49269055447,-1.5));
#14543=CARTESIAN_POINT('',(34.1383954699979,10.5734452101082,-1.5));
#14544=CARTESIAN_POINT('',(33.8672601421607,10.49269055447,-1.5));
#14545=CARTESIAN_POINT('',(34.1383954699979,10.5734452101082,-1.5));
#14546=CARTESIAN_POINT('',(34.1383954699979,10.5734452101082,-1.6));
#14547=CARTESIAN_POINT('',(34.1383954699979,10.5734452101082,-1.5));
#14548=CARTESIAN_POINT('',(33.8672601421607,10.49269055447,-1.6));
#14549=CARTESIAN_POINT('',(34.1383954699979,10.5734452101082,-1.6));
#14550=CARTESIAN_POINT('',(33.8672601421607,10.49269055447,-1.5));
#14551=CARTESIAN_POINT('Ctrl Pts',(33.9524344772744,10.302029241964,-1.5));
#14552=CARTESIAN_POINT('Ctrl Pts',(33.9524344772744,10.302029241964,-1.6));
#14553=CARTESIAN_POINT('Ctrl Pts',(33.9341003199099,10.3300056735966,-1.5));
#14554=CARTESIAN_POINT('Ctrl Pts',(33.9341003199099,10.3300056735966,-1.6));
#14555=CARTESIAN_POINT('Ctrl Pts',(33.8954864486067,10.3889272978145,-1.5));
#14556=CARTESIAN_POINT('Ctrl Pts',(33.8954864486067,10.3889272978145,-1.6));
#14557=CARTESIAN_POINT('Ctrl Pts',(33.8769797307698,10.4569601917543,-1.5));
#14558=CARTESIAN_POINT('Ctrl Pts',(33.8769797307698,10.4569601917543,-1.6));
#14559=CARTESIAN_POINT('Ctrl Pts',(33.8672601421607,10.49269055447,-1.5));
#14560=CARTESIAN_POINT('Ctrl Pts',(33.8672601421607,10.49269055447,-1.6));
#14561=CARTESIAN_POINT('',(33.9524344772744,10.302029241964,-1.5));
#14562=CARTESIAN_POINT('Ctrl Pts',(33.8672601421607,10.49269055447,-1.5));
#14563=CARTESIAN_POINT('Ctrl Pts',(33.8769797307698,10.4569601917543,-1.5));
#14564=CARTESIAN_POINT('Ctrl Pts',(33.8954864486067,10.3889272978145,-1.5));
#14565=CARTESIAN_POINT('Ctrl Pts',(33.9341003199099,10.3300056735966,-1.5));
#14566=CARTESIAN_POINT('Ctrl Pts',(33.9524344772744,10.302029241964,-1.5));
#14567=CARTESIAN_POINT('',(33.9524344772744,10.302029241964,-1.6));
#14568=CARTESIAN_POINT('Ctrl Pts',(33.9524344772744,10.302029241964,-1.6));
#14569=CARTESIAN_POINT('Ctrl Pts',(33.9341003199099,10.3300056735966,-1.6));
#14570=CARTESIAN_POINT('Ctrl Pts',(33.8954864486067,10.3889272978145,-1.6));
#14571=CARTESIAN_POINT('Ctrl Pts',(33.8769797307698,10.4569601917543,-1.6));
#14572=CARTESIAN_POINT('Ctrl Pts',(33.8672601421607,10.49269055447,-1.6));
#14573=CARTESIAN_POINT('',(33.9524344772744,10.302029241964,-1.5));
#14574=CARTESIAN_POINT('Ctrl Pts',(34.0979406495151,10.1861575272275,-1.5));
#14575=CARTESIAN_POINT('Ctrl Pts',(34.0979406495151,10.1861575272275,-1.6));
#14576=CARTESIAN_POINT('Ctrl Pts',(34.0700697996928,10.2008202803613,-1.5));
#14577=CARTESIAN_POINT('Ctrl Pts',(34.0700697996928,10.2008202803613,-1.6));
#14578=CARTESIAN_POINT('Ctrl Pts',(34.014214559134,10.2302055200925,-1.5));
#14579=CARTESIAN_POINT('Ctrl Pts',(34.014214559134,10.2302055200925,-1.6));
#14580=CARTESIAN_POINT('Ctrl Pts',(33.9730557267215,10.2780555786028,-1.5));
#14581=CARTESIAN_POINT('Ctrl Pts',(33.9730557267215,10.2780555786028,-1.6));
#14582=CARTESIAN_POINT('Ctrl Pts',(33.9524344772744,10.302029241964,-1.5));
#14583=CARTESIAN_POINT('Ctrl Pts',(33.9524344772744,10.302029241964,-1.6));
#14584=CARTESIAN_POINT('',(34.0979406495151,10.1861575272275,-1.5));
#14585=CARTESIAN_POINT('Ctrl Pts',(33.9524344772744,10.302029241964,-1.5));
#14586=CARTESIAN_POINT('Ctrl Pts',(33.9730557267215,10.2780555786028,-1.5));
#14587=CARTESIAN_POINT('Ctrl Pts',(34.014214559134,10.2302055200925,-1.5));
#14588=CARTESIAN_POINT('Ctrl Pts',(34.0700697996928,10.2008202803613,-1.5));
#14589=CARTESIAN_POINT('Ctrl Pts',(34.0979406495151,10.1861575272275,-1.5));
#14590=CARTESIAN_POINT('',(34.0979406495151,10.1861575272275,-1.6));
#14591=CARTESIAN_POINT('Ctrl Pts',(34.0979406495151,10.1861575272275,-1.6));
#14592=CARTESIAN_POINT('Ctrl Pts',(34.0700697996928,10.2008202803613,-1.6));
#14593=CARTESIAN_POINT('Ctrl Pts',(34.014214559134,10.2302055200925,-1.6));
#14594=CARTESIAN_POINT('Ctrl Pts',(33.9730557267215,10.2780555786028,-1.6));
#14595=CARTESIAN_POINT('Ctrl Pts',(33.9524344772744,10.302029241964,-1.6));
#14596=CARTESIAN_POINT('',(34.0979406495151,10.1861575272275,-1.5));
#14597=CARTESIAN_POINT('Ctrl Pts',(34.3187904405386,10.146378792612,-1.5));
#14598=CARTESIAN_POINT('Ctrl Pts',(34.3187904405386,10.146378792612,-1.6));
#14599=CARTESIAN_POINT('Ctrl Pts',(34.277557780335,10.1475067246127,-1.5));
#14600=CARTESIAN_POINT('Ctrl Pts',(34.277557780335,10.1475067246127,-1.6));
#14601=CARTESIAN_POINT('Ctrl Pts',(34.2018186241072,10.1495785923408,-1.5));
#14602=CARTESIAN_POINT('Ctrl Pts',(34.2018186241072,10.1495785923408,-1.6));
#14603=CARTESIAN_POINT('Ctrl Pts',(34.1304540851386,10.1747084510466,-1.5));
#14604=CARTESIAN_POINT('Ctrl Pts',(34.1304540851386,10.1747084510466,-1.6));
#14605=CARTESIAN_POINT('Ctrl Pts',(34.0979406495151,10.1861575272275,-1.5));
#14606=CARTESIAN_POINT('Ctrl Pts',(34.0979406495151,10.1861575272275,-1.6));
#14607=CARTESIAN_POINT('',(34.3187904405386,10.146378792612,-1.5));
#14608=CARTESIAN_POINT('Ctrl Pts',(34.0979406495151,10.1861575272275,-1.5));
#14609=CARTESIAN_POINT('Ctrl Pts',(34.1304540851386,10.1747084510466,-1.5));
#14610=CARTESIAN_POINT('Ctrl Pts',(34.2018186241072,10.1495785923408,-1.5));
#14611=CARTESIAN_POINT('Ctrl Pts',(34.277557780335,10.1475067246127,-1.5));
#14612=CARTESIAN_POINT('Ctrl Pts',(34.3187904405386,10.146378792612,-1.5));
#14613=CARTESIAN_POINT('',(34.3187904405386,10.146378792612,-1.6));
#14614=CARTESIAN_POINT('Ctrl Pts',(34.3187904405386,10.146378792612,-1.6));
#14615=CARTESIAN_POINT('Ctrl Pts',(34.277557780335,10.1475067246127,-1.6));
#14616=CARTESIAN_POINT('Ctrl Pts',(34.2018186241072,10.1495785923408,-1.6));
#14617=CARTESIAN_POINT('Ctrl Pts',(34.1304540851386,10.1747084510466,-1.6));
#14618=CARTESIAN_POINT('Ctrl Pts',(34.0979406495151,10.1861575272275,-1.6));
#14619=CARTESIAN_POINT('',(34.3187904405386,10.146378792612,-1.5));
#14620=CARTESIAN_POINT('Ctrl Pts',(34.5856914381009,10.1923618125244,-1.5));
#14621=CARTESIAN_POINT('Ctrl Pts',(34.5856914381009,10.1923618125244,-1.6));
#14622=CARTESIAN_POINT('Ctrl Pts',(34.5464896181769,10.1788233837096,-1.5));
#14623=CARTESIAN_POINT('Ctrl Pts',(34.5464896181769,10.1788233837096,-1.6));
#14624=CARTESIAN_POINT('Ctrl Pts',(34.4601629165685,10.1490102804708,-1.5));
#14625=CARTESIAN_POINT('Ctrl Pts',(34.4601629165685,10.1490102804708,-1.6));
#14626=CARTESIAN_POINT('Ctrl Pts',(34.3687123750857,10.1473080326475,-1.5));
#14627=CARTESIAN_POINT('Ctrl Pts',(34.3687123750857,10.1473080326475,-1.6));
#14628=CARTESIAN_POINT('Ctrl Pts',(34.3187904405386,10.146378792612,-1.5));
#14629=CARTESIAN_POINT('Ctrl Pts',(34.3187904405386,10.146378792612,-1.6));
#14630=CARTESIAN_POINT('',(34.5856914381009,10.1923618125244,-1.5));
#14631=CARTESIAN_POINT('Ctrl Pts',(34.3187904405386,10.146378792612,-1.5));
#14632=CARTESIAN_POINT('Ctrl Pts',(34.3687123750857,10.1473080326475,-1.5));
#14633=CARTESIAN_POINT('Ctrl Pts',(34.4601629165685,10.1490102804708,-1.5));
#14634=CARTESIAN_POINT('Ctrl Pts',(34.5464896181769,10.1788233837096,-1.5));
#14635=CARTESIAN_POINT('Ctrl Pts',(34.5856914381009,10.1923618125244,-1.5));
#14636=CARTESIAN_POINT('',(34.5856914381009,10.1923618125244,-1.6));
#14637=CARTESIAN_POINT('Ctrl Pts',(34.5856914381009,10.1923618125244,-1.6));
#14638=CARTESIAN_POINT('Ctrl Pts',(34.5464896181769,10.1788233837096,-1.6));
#14639=CARTESIAN_POINT('Ctrl Pts',(34.4601629165685,10.1490102804708,-1.6));
#14640=CARTESIAN_POINT('Ctrl Pts',(34.3687123750857,10.1473080326475,-1.6));
#14641=CARTESIAN_POINT('Ctrl Pts',(34.3187904405386,10.146378792612,-1.6));
#14642=CARTESIAN_POINT('',(34.5856914381009,10.1923618125244,-1.5));
#14643=CARTESIAN_POINT('Ctrl Pts',(34.7644043238417,10.3587586834817,-1.5));
#14644=CARTESIAN_POINT('Ctrl Pts',(34.7644043238417,10.3587586834817,-1.6));
#14645=CARTESIAN_POINT('Ctrl Pts',(34.7391776128529,10.3225875255462,-1.5));
#14646=CARTESIAN_POINT('Ctrl Pts',(34.7391776128529,10.3225875255462,-1.6));
#14647=CARTESIAN_POINT('Ctrl Pts',(34.6914625876045,10.254171642282,-1.5));
#14648=CARTESIAN_POINT('Ctrl Pts',(34.6914625876045,10.254171642282,-1.6));
#14649=CARTESIAN_POINT('Ctrl Pts',(34.6195732287151,10.2121614244183,-1.5));
#14650=CARTESIAN_POINT('Ctrl Pts',(34.6195732287151,10.2121614244183,-1.6));
#14651=CARTESIAN_POINT('Ctrl Pts',(34.5856914381009,10.1923618125244,-1.5));
#14652=CARTESIAN_POINT('Ctrl Pts',(34.5856914381009,10.1923618125244,-1.6));
#14653=CARTESIAN_POINT('',(34.7644043238417,10.3587586834817,-1.5));
#14654=CARTESIAN_POINT('Ctrl Pts',(34.5856914381009,10.1923618125244,-1.5));
#14655=CARTESIAN_POINT('Ctrl Pts',(34.6195732287151,10.2121614244183,-1.5));
#14656=CARTESIAN_POINT('Ctrl Pts',(34.6914625876045,10.254171642282,-1.5));
#14657=CARTESIAN_POINT('Ctrl Pts',(34.7391776128529,10.3225875255462,-1.5));
#14658=CARTESIAN_POINT('Ctrl Pts',(34.7644043238417,10.3587586834817,-1.5));
#14659=CARTESIAN_POINT('',(34.7644043238417,10.3587586834817,-1.6));
#14660=CARTESIAN_POINT('Ctrl Pts',(34.7644043238417,10.3587586834817,-1.6));
#14661=CARTESIAN_POINT('Ctrl Pts',(34.7391776128529,10.3225875255462,-1.6));
#14662=CARTESIAN_POINT('Ctrl Pts',(34.6914625876045,10.254171642282,-1.6));
#14663=CARTESIAN_POINT('Ctrl Pts',(34.6195732287151,10.2121614244183,-1.6));
#14664=CARTESIAN_POINT('Ctrl Pts',(34.5856914381009,10.1923618125244,-1.6));
#14665=CARTESIAN_POINT('',(34.7644043238417,10.3587586834817,-1.5));
#14666=CARTESIAN_POINT('Ctrl Pts',(34.8406792441547,10.6640448298353,-1.5));
#14667=CARTESIAN_POINT('Ctrl Pts',(34.8406792441547,10.6640448298353,-1.6));
#14668=CARTESIAN_POINT('Ctrl Pts',(34.8383437465191,10.6064857333716,-1.5));
#14669=CARTESIAN_POINT('Ctrl Pts',(34.8383437465191,10.6064857333716,-1.6));
#14670=CARTESIAN_POINT('Ctrl Pts',(34.8339915876962,10.4992253680919,-1.5));
#14671=CARTESIAN_POINT('Ctrl Pts',(34.8339915876962,10.4992253680919,-1.6));
#14672=CARTESIAN_POINT('Ctrl Pts',(34.7864388504758,10.4032368930246,-1.5));
#14673=CARTESIAN_POINT('Ctrl Pts',(34.7864388504758,10.4032368930246,-1.6));
#14674=CARTESIAN_POINT('Ctrl Pts',(34.7644043238417,10.3587586834817,-1.5));
#14675=CARTESIAN_POINT('Ctrl Pts',(34.7644043238417,10.3587586834817,-1.6));
#14676=CARTESIAN_POINT('',(34.8406792441547,10.6640448298353,-1.5));
#14677=CARTESIAN_POINT('Ctrl Pts',(34.7644043238417,10.3587586834817,-1.5));
#14678=CARTESIAN_POINT('Ctrl Pts',(34.7864388504758,10.4032368930246,-1.5));
#14679=CARTESIAN_POINT('Ctrl Pts',(34.8339915876962,10.4992253680919,-1.5));
#14680=CARTESIAN_POINT('Ctrl Pts',(34.8383437465191,10.6064857333716,-1.5));
#14681=CARTESIAN_POINT('Ctrl Pts',(34.8406792441547,10.6640448298353,-1.5));
#14682=CARTESIAN_POINT('',(34.8406792441547,10.6640448298353,-1.6));
#14683=CARTESIAN_POINT('Ctrl Pts',(34.8406792441547,10.6640448298353,-1.6));
#14684=CARTESIAN_POINT('Ctrl Pts',(34.8383437465191,10.6064857333716,-1.6));
#14685=CARTESIAN_POINT('Ctrl Pts',(34.8339915876962,10.4992253680919,-1.6));
#14686=CARTESIAN_POINT('Ctrl Pts',(34.7864388504758,10.4032368930246,-1.6));
#14687=CARTESIAN_POINT('Ctrl Pts',(34.7644043238417,10.3587586834817,-1.6));
#14688=CARTESIAN_POINT('',(34.8406792441547,10.6640448298353,-1.5));
#14689=CARTESIAN_POINT('Ctrl Pts',(34.7105783674083,11.0458862199404,-1.5));
#14690=CARTESIAN_POINT('Ctrl Pts',(34.7105783674083,11.0458862199404,-1.6));
#14691=CARTESIAN_POINT('Ctrl Pts',(34.7487021924696,10.9937551348698,-1.5));
#14692=CARTESIAN_POINT('Ctrl Pts',(34.7487021924696,10.9937551348698,-1.6));
#14693=CARTESIAN_POINT('Ctrl Pts',(34.8314555944072,10.8805969029936,-1.5));
#14694=CARTESIAN_POINT('Ctrl Pts',(34.8314555944072,10.8805969029936,-1.6));
#14695=CARTESIAN_POINT('Ctrl Pts',(34.8374476696593,10.7399154640969,-1.5));
#14696=CARTESIAN_POINT('Ctrl Pts',(34.8374476696593,10.7399154640969,-1.6));
#14697=CARTESIAN_POINT('Ctrl Pts',(34.8406792441547,10.6640448298353,-1.5));
#14698=CARTESIAN_POINT('Ctrl Pts',(34.8406792441547,10.6640448298353,-1.6));
#14699=CARTESIAN_POINT('',(34.7105783674083,11.0458862199404,-1.5));
#14700=CARTESIAN_POINT('Ctrl Pts',(34.8406792441547,10.6640448298353,-1.5));
#14701=CARTESIAN_POINT('Ctrl Pts',(34.8374476696593,10.7399154640969,-1.5));
#14702=CARTESIAN_POINT('Ctrl Pts',(34.8314555944072,10.8805969029936,-1.5));
#14703=CARTESIAN_POINT('Ctrl Pts',(34.7487021924696,10.9937551348698,-1.5));
#14704=CARTESIAN_POINT('Ctrl Pts',(34.7105783674083,11.0458862199404,-1.5));
#14705=CARTESIAN_POINT('',(34.7105783674083,11.0458862199404,-1.6));
#14706=CARTESIAN_POINT('Ctrl Pts',(34.7105783674083,11.0458862199404,-1.6));
#14707=CARTESIAN_POINT('Ctrl Pts',(34.7487021924696,10.9937551348698,-1.6));
#14708=CARTESIAN_POINT('Ctrl Pts',(34.8314555944072,10.8805969029936,-1.6));
#14709=CARTESIAN_POINT('Ctrl Pts',(34.8374476696593,10.7399154640969,-1.6));
#14710=CARTESIAN_POINT('Ctrl Pts',(34.8406792441547,10.6640448298353,-1.6));
#14711=CARTESIAN_POINT('',(34.7105783674083,11.0458862199404,-1.5));
#14712=CARTESIAN_POINT('Ctrl Pts',(34.3373184772982,11.18110063116,-1.5));
#14713=CARTESIAN_POINT('Ctrl Pts',(34.3373184772982,11.18110063116,-1.6));
#14714=CARTESIAN_POINT('Ctrl Pts',(34.4114283369717,11.176958641934,-1.5));
#14715=CARTESIAN_POINT('Ctrl Pts',(34.4114283369717,11.176958641934,-1.6));
#14716=CARTESIAN_POINT('Ctrl Pts',(34.5499802153576,11.1692149977002,-1.5));
#14717=CARTESIAN_POINT('Ctrl Pts',(34.5499802153576,11.1692149977002,-1.6));
#14718=CARTESIAN_POINT('Ctrl Pts',(34.6595952133945,11.085037916212,-1.5));
#14719=CARTESIAN_POINT('Ctrl Pts',(34.6595952133945,11.085037916212,-1.6));
#14720=CARTESIAN_POINT('Ctrl Pts',(34.7105783674083,11.0458862199404,-1.5));
#14721=CARTESIAN_POINT('Ctrl Pts',(34.7105783674083,11.0458862199404,-1.6));
#14722=CARTESIAN_POINT('',(34.3373184772982,11.18110063116,-1.5));
#14723=CARTESIAN_POINT('Ctrl Pts',(34.7105783674083,11.0458862199404,-1.5));
#14724=CARTESIAN_POINT('Ctrl Pts',(34.6595952133945,11.085037916212,-1.5));
#14725=CARTESIAN_POINT('Ctrl Pts',(34.5499802153576,11.1692149977002,-1.5));
#14726=CARTESIAN_POINT('Ctrl Pts',(34.4114283369717,11.176958641934,-1.5));
#14727=CARTESIAN_POINT('Ctrl Pts',(34.3373184772982,11.18110063116,-1.5));
#14728=CARTESIAN_POINT('',(34.3373184772982,11.18110063116,-1.6));
#14729=CARTESIAN_POINT('Ctrl Pts',(34.3373184772982,11.18110063116,-1.6));
#14730=CARTESIAN_POINT('Ctrl Pts',(34.4114283369717,11.176958641934,-1.6));
#14731=CARTESIAN_POINT('Ctrl Pts',(34.5499802153576,11.1692149977002,-1.6));
#14732=CARTESIAN_POINT('Ctrl Pts',(34.6595952133945,11.085037916212,-1.6));
#14733=CARTESIAN_POINT('Ctrl Pts',(34.7105783674083,11.0458862199404,-1.6));
#14734=CARTESIAN_POINT('',(34.3373184772982,11.18110063116,-1.5));
#14735=CARTESIAN_POINT('Ctrl Pts',(34.0402846621578,11.1059082513031,-1.5));
#14736=CARTESIAN_POINT('Ctrl Pts',(34.0402846621578,11.1059082513031,-1.6));
#14737=CARTESIAN_POINT('Ctrl Pts',(34.0822089838931,11.1279685561406,-1.5));
#14738=CARTESIAN_POINT('Ctrl Pts',(34.0822089838931,11.1279685561406,-1.6));
#14739=CARTESIAN_POINT('Ctrl Pts',(34.1748521034649,11.1767167618183,-1.5));
#14740=CARTESIAN_POINT('Ctrl Pts',(34.1748521034649,11.1767167618183,-1.6));
#14741=CARTESIAN_POINT('Ctrl Pts',(34.2798408757243,11.1795496991768,-1.5));
#14742=CARTESIAN_POINT('Ctrl Pts',(34.2798408757243,11.1795496991768,-1.6));
#14743=CARTESIAN_POINT('Ctrl Pts',(34.3373184772982,11.18110063116,-1.5));
#14744=CARTESIAN_POINT('Ctrl Pts',(34.3373184772982,11.18110063116,-1.6));
#14745=CARTESIAN_POINT('',(34.0402846621578,11.1059082513031,-1.5));
#14746=CARTESIAN_POINT('Ctrl Pts',(34.3373184772982,11.18110063116,-1.5));
#14747=CARTESIAN_POINT('Ctrl Pts',(34.2798408757243,11.1795496991768,-1.5));
#14748=CARTESIAN_POINT('Ctrl Pts',(34.1748521034649,11.1767167618183,-1.5));
#14749=CARTESIAN_POINT('Ctrl Pts',(34.0822089838931,11.1279685561406,-1.5));
#14750=CARTESIAN_POINT('Ctrl Pts',(34.0402846621578,11.1059082513031,-1.5));
#14751=CARTESIAN_POINT('',(34.0402846621578,11.1059082513031,-1.6));
#14752=CARTESIAN_POINT('Ctrl Pts',(34.0402846621578,11.1059082513031,-1.6));
#14753=CARTESIAN_POINT('Ctrl Pts',(34.0822089838931,11.1279685561406,-1.6));
#14754=CARTESIAN_POINT('Ctrl Pts',(34.1748521034649,11.1767167618183,-1.6));
#14755=CARTESIAN_POINT('Ctrl Pts',(34.2798408757243,11.1795496991768,-1.6));
#14756=CARTESIAN_POINT('Ctrl Pts',(34.3373184772982,11.18110063116,-1.6));
#14757=CARTESIAN_POINT('',(34.0402846621578,11.1059082513031,-1.5));
#14758=CARTESIAN_POINT('Ctrl Pts',(33.8783505089439,10.8719119450351,-1.5));
#14759=CARTESIAN_POINT('Ctrl Pts',(33.8783505089439,10.8719119450351,-1.6));
#14760=CARTESIAN_POINT('Ctrl Pts',(33.8971497958766,10.9202655663793,-1.5));
#14761=CARTESIAN_POINT('Ctrl Pts',(33.8971497958766,10.9202655663793,-1.6));
#14762=CARTESIAN_POINT('Ctrl Pts',(33.9325742010349,11.0113806325779,-1.5));
#14763=CARTESIAN_POINT('Ctrl Pts',(33.9325742010349,11.0113806325779,-1.6));
#14764=CARTESIAN_POINT('Ctrl Pts',(34.0058809052379,11.0757152209983,-1.5));
#14765=CARTESIAN_POINT('Ctrl Pts',(34.0058809052379,11.0757152209983,-1.6));
#14766=CARTESIAN_POINT('Ctrl Pts',(34.0402846621578,11.1059082513031,-1.5));
#14767=CARTESIAN_POINT('Ctrl Pts',(34.0402846621578,11.1059082513031,-1.6));
#14768=CARTESIAN_POINT('',(33.8783505089439,10.8719119450351,-1.5));
#14769=CARTESIAN_POINT('Ctrl Pts',(34.0402846621578,11.1059082513031,-1.5));
#14770=CARTESIAN_POINT('Ctrl Pts',(34.0058809052379,11.0757152209983,-1.5));
#14771=CARTESIAN_POINT('Ctrl Pts',(33.9325742010349,11.0113806325779,-1.5));
#14772=CARTESIAN_POINT('Ctrl Pts',(33.8971497958766,10.9202655663793,-1.5));
#14773=CARTESIAN_POINT('Ctrl Pts',(33.8783505089439,10.8719119450351,-1.5));
#14774=CARTESIAN_POINT('',(33.8783505089439,10.8719119450351,-1.6));
#14775=CARTESIAN_POINT('Ctrl Pts',(33.8783505089439,10.8719119450351,-1.6));
#14776=CARTESIAN_POINT('Ctrl Pts',(33.8971497958766,10.9202655663793,-1.6));
#14777=CARTESIAN_POINT('Ctrl Pts',(33.9325742010349,11.0113806325779,-1.6));
#14778=CARTESIAN_POINT('Ctrl Pts',(34.0058809052379,11.0757152209983,-1.6));
#14779=CARTESIAN_POINT('Ctrl Pts',(34.0402846621578,11.1059082513031,-1.6));
#14780=CARTESIAN_POINT('',(33.8783505089439,10.8719119450351,-1.5));
#14781=CARTESIAN_POINT('Origin',(34.1509529410446,10.8100946914067,-1.5));
#14782=CARTESIAN_POINT('',(34.1509529410446,10.8100946914067,-1.5));
#14783=CARTESIAN_POINT('',(33.8783505089439,10.8719119450351,-1.5));
#14784=CARTESIAN_POINT('',(34.1509529410446,10.8100946914067,-1.6));
#14785=CARTESIAN_POINT('',(33.8783505089439,10.8719119450351,-1.6));
#14786=CARTESIAN_POINT('',(34.1509529410446,10.8100946914067,-1.5));
#14787=CARTESIAN_POINT('Ctrl Pts',(34.1812378572223,10.8768208436111,-1.5));
#14788=CARTESIAN_POINT('Ctrl Pts',(34.1812378572223,10.8768208436111,-1.6));
#14789=CARTESIAN_POINT('Ctrl Pts',(34.1757686316778,10.8678947388146,-1.5));
#14790=CARTESIAN_POINT('Ctrl Pts',(34.1757686316778,10.8678947388146,-1.6));
#14791=CARTESIAN_POINT('Ctrl Pts',(34.1629278527135,10.8469378157969,-1.5));
#14792=CARTESIAN_POINT('Ctrl Pts',(34.1629278527135,10.8469378157969,-1.6));
#14793=CARTESIAN_POINT('Ctrl Pts',(34.1553202599361,10.8235315899512,-1.5));
#14794=CARTESIAN_POINT('Ctrl Pts',(34.1553202599361,10.8235315899512,-1.6));
#14795=CARTESIAN_POINT('Ctrl Pts',(34.1509529410446,10.8100946914067,-1.5));
#14796=CARTESIAN_POINT('Ctrl Pts',(34.1509529410446,10.8100946914067,-1.6));
#14797=CARTESIAN_POINT('',(34.1812378572223,10.8768208436111,-1.5));
#14798=CARTESIAN_POINT('Ctrl Pts',(34.1509529410446,10.8100946914067,-1.5));
#14799=CARTESIAN_POINT('Ctrl Pts',(34.1553202599361,10.8235315899512,-1.5));
#14800=CARTESIAN_POINT('Ctrl Pts',(34.1629278527135,10.8469378157969,-1.5));
#14801=CARTESIAN_POINT('Ctrl Pts',(34.1757686316778,10.8678947388146,-1.5));
#14802=CARTESIAN_POINT('Ctrl Pts',(34.1812378572223,10.8768208436111,-1.5));
#14803=CARTESIAN_POINT('',(34.1812378572223,10.8768208436111,-1.6));
#14804=CARTESIAN_POINT('Ctrl Pts',(34.1812378572223,10.8768208436111,-1.6));
#14805=CARTESIAN_POINT('Ctrl Pts',(34.1757686316778,10.8678947388146,-1.6));
#14806=CARTESIAN_POINT('Ctrl Pts',(34.1629278527135,10.8469378157969,-1.6));
#14807=CARTESIAN_POINT('Ctrl Pts',(34.1553202599361,10.8235315899512,-1.6));
#14808=CARTESIAN_POINT('Ctrl Pts',(34.1509529410446,10.8100946914067,-1.6));
#14809=CARTESIAN_POINT('',(34.1812378572223,10.8768208436111,-1.5));
#14810=CARTESIAN_POINT('Ctrl Pts',(34.2448968206729,10.9311329182853,-1.5));
#14811=CARTESIAN_POINT('Ctrl Pts',(34.2448968206729,10.9311329182853,-1.6));
#14812=CARTESIAN_POINT('Ctrl Pts',(34.2327988023745,10.9240689679138,-1.5));
#14813=CARTESIAN_POINT('Ctrl Pts',(34.2327988023745,10.9240689679138,-1.6));
#14814=CARTESIAN_POINT('Ctrl Pts',(34.2083309647929,10.9097823644297,-1.5));
#14815=CARTESIAN_POINT('Ctrl Pts',(34.2083309647929,10.9097823644297,-1.6));
#14816=CARTESIAN_POINT('Ctrl Pts',(34.1903355271881,10.8878890843876,-1.5));
#14817=CARTESIAN_POINT('Ctrl Pts',(34.1903355271881,10.8878890843876,-1.6));
#14818=CARTESIAN_POINT('Ctrl Pts',(34.1812378572223,10.8768208436111,-1.5));
#14819=CARTESIAN_POINT('Ctrl Pts',(34.1812378572223,10.8768208436111,-1.6));
#14820=CARTESIAN_POINT('',(34.2448968206729,10.9311329182853,-1.5));
#14821=CARTESIAN_POINT('Ctrl Pts',(34.1812378572223,10.8768208436111,-1.5));
#14822=CARTESIAN_POINT('Ctrl Pts',(34.1903355271881,10.8878890843876,-1.5));
#14823=CARTESIAN_POINT('Ctrl Pts',(34.2083309647929,10.9097823644297,-1.5));
#14824=CARTESIAN_POINT('Ctrl Pts',(34.2327988023745,10.9240689679138,-1.5));
#14825=CARTESIAN_POINT('Ctrl Pts',(34.2448968206729,10.9311329182853,-1.5));
#14826=CARTESIAN_POINT('',(34.2448968206729,10.9311329182853,-1.6));
#14827=CARTESIAN_POINT('Ctrl Pts',(34.2448968206729,10.9311329182853,-1.6));
#14828=CARTESIAN_POINT('Ctrl Pts',(34.2327988023745,10.9240689679138,-1.6));
#14829=CARTESIAN_POINT('Ctrl Pts',(34.2083309647929,10.9097823644297,-1.6));
#14830=CARTESIAN_POINT('Ctrl Pts',(34.1903355271881,10.8878890843876,-1.6));
#14831=CARTESIAN_POINT('Ctrl Pts',(34.1812378572223,10.8768208436111,-1.6));
#14832=CARTESIAN_POINT('',(34.2448968206729,10.9311329182853,-1.5));
#14833=CARTESIAN_POINT('Ctrl Pts',(34.3288755944656,10.9498915843046,-1.5));
#14834=CARTESIAN_POINT('Ctrl Pts',(34.3288755944656,10.9498915843046,-1.6));
#14835=CARTESIAN_POINT('Ctrl Pts',(34.3139473181925,10.9492398619653,-1.5));
#14836=CARTESIAN_POINT('Ctrl Pts',(34.3139473181925,10.9492398619653,-1.6));
#14837=CARTESIAN_POINT('Ctrl Pts',(34.2848258324132,10.9479685080267,-1.5));
#14838=CARTESIAN_POINT('Ctrl Pts',(34.2848258324132,10.9479685080267,-1.6));
#14839=CARTESIAN_POINT('Ctrl Pts',(34.2579806211076,10.9366495460899,-1.5));
#14840=CARTESIAN_POINT('Ctrl Pts',(34.2579806211076,10.9366495460899,-1.6));
#14841=CARTESIAN_POINT('Ctrl Pts',(34.2448968206729,10.9311329182853,-1.5));
#14842=CARTESIAN_POINT('Ctrl Pts',(34.2448968206729,10.9311329182853,-1.6));
#14843=CARTESIAN_POINT('',(34.3288755944656,10.9498915843046,-1.5));
#14844=CARTESIAN_POINT('Ctrl Pts',(34.2448968206729,10.9311329182853,-1.5));
#14845=CARTESIAN_POINT('Ctrl Pts',(34.2579806211076,10.9366495460899,-1.5));
#14846=CARTESIAN_POINT('Ctrl Pts',(34.2848258324132,10.9479685080267,-1.5));
#14847=CARTESIAN_POINT('Ctrl Pts',(34.3139473181925,10.9492398619653,-1.5));
#14848=CARTESIAN_POINT('Ctrl Pts',(34.3288755944656,10.9498915843046,-1.5));
#14849=CARTESIAN_POINT('',(34.3288755944656,10.9498915843046,-1.6));
#14850=CARTESIAN_POINT('Ctrl Pts',(34.3288755944656,10.9498915843046,-1.6));
#14851=CARTESIAN_POINT('Ctrl Pts',(34.3139473181925,10.9492398619653,-1.6));
#14852=CARTESIAN_POINT('Ctrl Pts',(34.2848258324132,10.9479685080267,-1.6));
#14853=CARTESIAN_POINT('Ctrl Pts',(34.2579806211076,10.9366495460899,-1.6));
#14854=CARTESIAN_POINT('Ctrl Pts',(34.2448968206729,10.9311329182853,-1.6));
#14855=CARTESIAN_POINT('',(34.3288755944656,10.9498915843046,-1.5));
#14856=CARTESIAN_POINT('Ctrl Pts',(34.4895129924025,10.8646544544131,-1.5));
#14857=CARTESIAN_POINT('Ctrl Pts',(34.4895129924025,10.8646544544131,-1.6));
#14858=CARTESIAN_POINT('Ctrl Pts',(34.4687399795604,10.8894085806432,-1.5));
#14859=CARTESIAN_POINT('Ctrl Pts',(34.4687399795604,10.8894085806432,-1.6));
#14860=CARTESIAN_POINT('Ctrl Pts',(34.4267486811127,10.939447441652,-1.5));
#14861=CARTESIAN_POINT('Ctrl Pts',(34.4267486811127,10.939447441652,-1.6));
#14862=CARTESIAN_POINT('Ctrl Pts',(34.3617297753099,10.9463856792267,-1.5));
#14863=CARTESIAN_POINT('Ctrl Pts',(34.3617297753099,10.9463856792267,-1.6));
#14864=CARTESIAN_POINT('Ctrl Pts',(34.3288755944656,10.9498915843046,-1.5));
#14865=CARTESIAN_POINT('Ctrl Pts',(34.3288755944656,10.9498915843046,-1.6));
#14866=CARTESIAN_POINT('',(34.4895129924025,10.8646544544131,-1.5));
#14867=CARTESIAN_POINT('Ctrl Pts',(34.3288755944656,10.9498915843046,-1.5));
#14868=CARTESIAN_POINT('Ctrl Pts',(34.3617297753099,10.9463856792267,-1.5));
#14869=CARTESIAN_POINT('Ctrl Pts',(34.4267486811127,10.939447441652,-1.5));
#14870=CARTESIAN_POINT('Ctrl Pts',(34.4687399795604,10.8894085806432,-1.5));
#14871=CARTESIAN_POINT('Ctrl Pts',(34.4895129924025,10.8646544544131,-1.5));
#14872=CARTESIAN_POINT('',(34.4895129924025,10.8646544544131,-1.6));
#14873=CARTESIAN_POINT('Ctrl Pts',(34.4895129924025,10.8646544544131,-1.6));
#14874=CARTESIAN_POINT('Ctrl Pts',(34.4687399795604,10.8894085806432,-1.6));
#14875=CARTESIAN_POINT('Ctrl Pts',(34.4267486811127,10.939447441652,-1.6));
#14876=CARTESIAN_POINT('Ctrl Pts',(34.3617297753099,10.9463856792267,-1.6));
#14877=CARTESIAN_POINT('Ctrl Pts',(34.3288755944656,10.9498915843046,-1.6));
#14878=CARTESIAN_POINT('',(34.4895129924025,10.8646544544131,-1.5));
#14879=CARTESIAN_POINT('Ctrl Pts',(34.5310037488815,10.6673491532363,-1.5));
#14880=CARTESIAN_POINT('Ctrl Pts',(34.5310037488815,10.6673491532363,-1.6));
#14881=CARTESIAN_POINT('Ctrl Pts',(34.530724967935,10.7069058363547,-1.5));
#14882=CARTESIAN_POINT('Ctrl Pts',(34.530724967935,10.7069058363547,-1.6));
#14883=CARTESIAN_POINT('Ctrl Pts',(34.5302395807143,10.7757782206621,-1.5));
#14884=CARTESIAN_POINT('Ctrl Pts',(34.5302395807143,10.7757782206621,-1.6));
#14885=CARTESIAN_POINT('Ctrl Pts',(34.5016725990122,10.8381189628789,-1.5));
#14886=CARTESIAN_POINT('Ctrl Pts',(34.5016725990122,10.8381189628789,-1.6));
#14887=CARTESIAN_POINT('Ctrl Pts',(34.4895129924025,10.8646544544131,-1.5));
#14888=CARTESIAN_POINT('Ctrl Pts',(34.4895129924025,10.8646544544131,-1.6));
#14889=CARTESIAN_POINT('',(34.5310037488815,10.6673491532363,-1.5));
#14890=CARTESIAN_POINT('Ctrl Pts',(34.4895129924025,10.8646544544131,-1.5));
#14891=CARTESIAN_POINT('Ctrl Pts',(34.5016725990122,10.8381189628789,-1.5));
#14892=CARTESIAN_POINT('Ctrl Pts',(34.5302395807143,10.7757782206621,-1.5));
#14893=CARTESIAN_POINT('Ctrl Pts',(34.530724967935,10.7069058363547,-1.5));
#14894=CARTESIAN_POINT('Ctrl Pts',(34.5310037488815,10.6673491532363,-1.5));
#14895=CARTESIAN_POINT('',(34.5310037488815,10.6673491532363,-1.6));
#14896=CARTESIAN_POINT('Ctrl Pts',(34.5310037488815,10.6673491532363,-1.6));
#14897=CARTESIAN_POINT('Ctrl Pts',(34.530724967935,10.7069058363547,-1.6));
#14898=CARTESIAN_POINT('Ctrl Pts',(34.5302395807143,10.7757782206621,-1.6));
#14899=CARTESIAN_POINT('Ctrl Pts',(34.5016725990122,10.8381189628789,-1.6));
#14900=CARTESIAN_POINT('Ctrl Pts',(34.4895129924025,10.8646544544131,-1.6));
#14901=CARTESIAN_POINT('',(34.5310037488815,10.6673491532363,-1.5));
#14902=CARTESIAN_POINT('Ctrl Pts',(34.479598547334,10.4390431973678,-1.5));
#14903=CARTESIAN_POINT('Ctrl Pts',(34.479598547334,10.4390431973678,-1.6));
#14904=CARTESIAN_POINT('Ctrl Pts',(34.4943108782849,10.467872515173,-1.5));
#14905=CARTESIAN_POINT('Ctrl Pts',(34.4943108782849,10.467872515173,-1.6));
#14906=CARTESIAN_POINT('Ctrl Pts',(34.5306301303574,10.5390413370223,-1.5));
#14907=CARTESIAN_POINT('Ctrl Pts',(34.5306301303574,10.5390413370223,-1.6));
#14908=CARTESIAN_POINT('Ctrl Pts',(34.5308643862146,10.6194893221558,-1.5));
#14909=CARTESIAN_POINT('Ctrl Pts',(34.5308643862146,10.6194893221558,-1.6));
#14910=CARTESIAN_POINT('Ctrl Pts',(34.5310037488815,10.6673491532363,-1.5));
#14911=CARTESIAN_POINT('Ctrl Pts',(34.5310037488815,10.6673491532363,-1.6));
#14912=CARTESIAN_POINT('',(34.479598547334,10.4390431973678,-1.5));
#14913=CARTESIAN_POINT('Ctrl Pts',(34.5310037488815,10.6673491532363,-1.5));
#14914=CARTESIAN_POINT('Ctrl Pts',(34.5308643862146,10.6194893221558,-1.5));
#14915=CARTESIAN_POINT('Ctrl Pts',(34.5306301303574,10.5390413370223,-1.5));
#14916=CARTESIAN_POINT('Ctrl Pts',(34.4943108782849,10.467872515173,-1.5));
#14917=CARTESIAN_POINT('Ctrl Pts',(34.479598547334,10.4390431973678,-1.5));
#14918=CARTESIAN_POINT('',(34.479598547334,10.4390431973678,-1.6));
#14919=CARTESIAN_POINT('Ctrl Pts',(34.479598547334,10.4390431973678,-1.6));
#14920=CARTESIAN_POINT('Ctrl Pts',(34.4943108782849,10.467872515173,-1.6));
#14921=CARTESIAN_POINT('Ctrl Pts',(34.5306301303574,10.5390413370223,-1.6));
#14922=CARTESIAN_POINT('Ctrl Pts',(34.5308643862146,10.6194893221558,-1.6));
#14923=CARTESIAN_POINT('Ctrl Pts',(34.5310037488815,10.6673491532363,-1.6));
#14924=CARTESIAN_POINT('',(34.479598547334,10.4390431973678,-1.5));
#14925=CARTESIAN_POINT('Ctrl Pts',(34.3374677433144,10.3782284471095,-1.5));
#14926=CARTESIAN_POINT('Ctrl Pts',(34.3374677433144,10.3782284471095,-1.6));
#14927=CARTESIAN_POINT('Ctrl Pts',(34.3658648037489,10.3802315646342,-1.5));
#14928=CARTESIAN_POINT('Ctrl Pts',(34.3658648037489,10.3802315646342,-1.6));
#14929=CARTESIAN_POINT('Ctrl Pts',(34.4204532826229,10.3840822145609,-1.5));
#14930=CARTESIAN_POINT('Ctrl Pts',(34.4204532826229,10.3840822145609,-1.6));
#14931=CARTESIAN_POINT('Ctrl Pts',(34.4604217666214,10.4212230942677,-1.5));
#14932=CARTESIAN_POINT('Ctrl Pts',(34.4604217666214,10.4212230942677,-1.6));
#14933=CARTESIAN_POINT('Ctrl Pts',(34.479598547334,10.4390431973678,-1.5));
#14934=CARTESIAN_POINT('Ctrl Pts',(34.479598547334,10.4390431973678,-1.6));
#14935=CARTESIAN_POINT('',(34.3374677433144,10.3782284471095,-1.5));
#14936=CARTESIAN_POINT('Ctrl Pts',(34.479598547334,10.4390431973678,-1.5));
#14937=CARTESIAN_POINT('Ctrl Pts',(34.4604217666214,10.4212230942677,-1.5));
#14938=CARTESIAN_POINT('Ctrl Pts',(34.4204532826229,10.3840822145609,-1.5));
#14939=CARTESIAN_POINT('Ctrl Pts',(34.3658648037489,10.3802315646342,-1.5));
#14940=CARTESIAN_POINT('Ctrl Pts',(34.3374677433144,10.3782284471095,-1.5));
#14941=CARTESIAN_POINT('',(34.3374677433144,10.3782284471095,-1.6));
#14942=CARTESIAN_POINT('Ctrl Pts',(34.3374677433144,10.3782284471095,-1.6));
#14943=CARTESIAN_POINT('Ctrl Pts',(34.3658648037489,10.3802315646342,-1.6));
#14944=CARTESIAN_POINT('Ctrl Pts',(34.4204532826229,10.3840822145609,-1.6));
#14945=CARTESIAN_POINT('Ctrl Pts',(34.4604217666214,10.4212230942677,-1.6));
#14946=CARTESIAN_POINT('Ctrl Pts',(34.479598547334,10.4390431973678,-1.6));
#14947=CARTESIAN_POINT('',(34.3374677433144,10.3782284471095,-1.5));
#14948=CARTESIAN_POINT('Ctrl Pts',(34.2039737274007,10.4285664821516,-1.5));
#14949=CARTESIAN_POINT('Ctrl Pts',(34.2039737274007,10.4285664821516,-1.6));
#14950=CARTESIAN_POINT('Ctrl Pts',(34.2217553252469,10.4139943501371,-1.5));
#14951=CARTESIAN_POINT('Ctrl Pts',(34.2217553252469,10.4139943501371,-1.6));
#14952=CARTESIAN_POINT('Ctrl Pts',(34.2603579037273,10.3823592926705,-1.5));
#14953=CARTESIAN_POINT('Ctrl Pts',(34.2603579037273,10.3823592926705,-1.6));
#14954=CARTESIAN_POINT('Ctrl Pts',(34.3104497978956,10.3796758234819,-1.5));
#14955=CARTESIAN_POINT('Ctrl Pts',(34.3104497978956,10.3796758234819,-1.6));
#14956=CARTESIAN_POINT('Ctrl Pts',(34.3374677433144,10.3782284471095,-1.5));
#14957=CARTESIAN_POINT('Ctrl Pts',(34.3374677433144,10.3782284471095,-1.6));
#14958=CARTESIAN_POINT('',(34.2039737274007,10.4285664821516,-1.5));
#14959=CARTESIAN_POINT('Ctrl Pts',(34.3374677433144,10.3782284471095,-1.5));
#14960=CARTESIAN_POINT('Ctrl Pts',(34.3104497978956,10.3796758234819,-1.5));
#14961=CARTESIAN_POINT('Ctrl Pts',(34.2603579037273,10.3823592926705,-1.5));
#14962=CARTESIAN_POINT('Ctrl Pts',(34.2217553252469,10.4139943501371,-1.5));
#14963=CARTESIAN_POINT('Ctrl Pts',(34.2039737274007,10.4285664821516,-1.5));
#14964=CARTESIAN_POINT('',(34.2039737274007,10.4285664821516,-1.6));
#14965=CARTESIAN_POINT('Ctrl Pts',(34.2039737274007,10.4285664821516,-1.6));
#14966=CARTESIAN_POINT('Ctrl Pts',(34.2217553252469,10.4139943501371,-1.6));
#14967=CARTESIAN_POINT('Ctrl Pts',(34.2603579037273,10.3823592926705,-1.6));
#14968=CARTESIAN_POINT('Ctrl Pts',(34.3104497978956,10.3796758234819,-1.6));
#14969=CARTESIAN_POINT('Ctrl Pts',(34.3374677433144,10.3782284471095,-1.6));
#14970=CARTESIAN_POINT('',(34.2039737274007,10.4285664821516,-1.5));
#14971=CARTESIAN_POINT('Ctrl Pts',(34.1383954699979,10.5734452101082,-1.5));
#14972=CARTESIAN_POINT('Ctrl Pts',(34.1383954699979,10.5734452101082,-1.6));
#14973=CARTESIAN_POINT('Ctrl Pts',(34.145306749498,10.5446669760494,-1.5));
#14974=CARTESIAN_POINT('Ctrl Pts',(34.145306749498,10.5446669760494,-1.6));
#14975=CARTESIAN_POINT('Ctrl Pts',(34.1579408392656,10.49205923642,-1.5));
#14976=CARTESIAN_POINT('Ctrl Pts',(34.1579408392656,10.49205923642,-1.6));
#14977=CARTESIAN_POINT('Ctrl Pts',(34.1896228574632,10.4483605097565,-1.5));
#14978=CARTESIAN_POINT('Ctrl Pts',(34.1896228574632,10.4483605097565,-1.6));
#14979=CARTESIAN_POINT('Ctrl Pts',(34.2039737274007,10.4285664821516,-1.5));
#14980=CARTESIAN_POINT('Ctrl Pts',(34.2039737274007,10.4285664821516,-1.6));
#14981=CARTESIAN_POINT('Ctrl Pts',(34.2039737274007,10.4285664821516,-1.5));
#14982=CARTESIAN_POINT('Ctrl Pts',(34.1896228574632,10.4483605097565,-1.5));
#14983=CARTESIAN_POINT('Ctrl Pts',(34.1579408392656,10.49205923642,-1.5));
#14984=CARTESIAN_POINT('Ctrl Pts',(34.145306749498,10.5446669760494,-1.5));
#14985=CARTESIAN_POINT('Ctrl Pts',(34.1383954699979,10.5734452101082,-1.5));
#14986=CARTESIAN_POINT('Ctrl Pts',(34.1383954699979,10.5734452101082,-1.6));
#14987=CARTESIAN_POINT('Ctrl Pts',(34.145306749498,10.5446669760494,-1.6));
#14988=CARTESIAN_POINT('Ctrl Pts',(34.1579408392656,10.49205923642,-1.6));
#14989=CARTESIAN_POINT('Ctrl Pts',(34.1896228574632,10.4483605097565,-1.6));
#14990=CARTESIAN_POINT('Ctrl Pts',(34.2039737274007,10.4285664821516,-1.6));
#14991=CARTESIAN_POINT('Origin',(35.4729799923748,10.6615327346495,-1.6));
#14992=CARTESIAN_POINT('Origin',(35.4729799923748,10.6615327346495,-1.5));
#14993=CARTESIAN_POINT('Origin',(36.536030973253,8.18537154163901,-1.5));
#14994=CARTESIAN_POINT('',(36.5351858660702,7.97732421407006,-1.5));
#14995=CARTESIAN_POINT('',(36.536030973253,8.18537154163901,-1.5));
#14996=CARTESIAN_POINT('',(36.5351858660702,7.97732421407006,-1.5));
#14997=CARTESIAN_POINT('',(36.5351858660702,7.97732421407006,-1.6));
#14998=CARTESIAN_POINT('',(36.5351858660702,7.97732421407006,-1.5));
#14999=CARTESIAN_POINT('',(36.536030973253,8.18537154163901,-1.6));
#15000=CARTESIAN_POINT('',(36.5351858660702,7.97732421407006,-1.6));
#15001=CARTESIAN_POINT('',(36.536030973253,8.18537154163901,-1.5));
#15002=CARTESIAN_POINT('Origin',(36.0585451953291,8.18731113233385,-1.5));
#15003=CARTESIAN_POINT('',(36.0585451953291,8.18731113233385,-1.5));
#15004=CARTESIAN_POINT('',(36.536030973253,8.18537154163901,-1.5));
#15005=CARTESIAN_POINT('',(36.0585451953291,8.18731113233385,-1.6));
#15006=CARTESIAN_POINT('',(36.536030973253,8.18537154163901,-1.6));
#15007=CARTESIAN_POINT('',(36.0585451953291,8.18731113233385,-1.5));
#15008=CARTESIAN_POINT('Origin',(36.0568134175609,7.76098445576159,-1.5));
#15009=CARTESIAN_POINT('',(36.0568134175609,7.76098445576159,-1.5));
#15010=CARTESIAN_POINT('',(36.0585451953291,8.18731113233385,-1.5));
#15011=CARTESIAN_POINT('',(36.0568134175609,7.76098445576159,-1.6));
#15012=CARTESIAN_POINT('',(36.0585451953291,8.18731113233385,-1.6));
#15013=CARTESIAN_POINT('',(36.0568134175609,7.76098445576159,-1.5));
#15014=CARTESIAN_POINT('Ctrl Pts',(36.2991308592812,7.63244112473655,-1.5));
#15015=CARTESIAN_POINT('Ctrl Pts',(36.2991308592812,7.63244112473655,-1.6));
#15016=CARTESIAN_POINT('Ctrl Pts',(36.2607417133276,7.64776308973688,-1.5));
#15017=CARTESIAN_POINT('Ctrl Pts',(36.2607417133276,7.64776308973688,-1.6));
#15018=CARTESIAN_POINT('Ctrl Pts',(36.1753894191647,7.6818290954105,-1.5));
#15019=CARTESIAN_POINT('Ctrl Pts',(36.1753894191647,7.6818290954105,-1.6));
#15020=CARTESIAN_POINT('Ctrl Pts',(36.0988999815896,7.73288958752035,-1.5));
#15021=CARTESIAN_POINT('Ctrl Pts',(36.0988999815896,7.73288958752035,-1.6));
#15022=CARTESIAN_POINT('Ctrl Pts',(36.0568134175609,7.76098445576159,-1.5));
#15023=CARTESIAN_POINT('Ctrl Pts',(36.0568134175609,7.76098445576159,-1.6));
#15024=CARTESIAN_POINT('',(36.2991308592812,7.63244112473655,-1.5));
#15025=CARTESIAN_POINT('Ctrl Pts',(36.0568134175609,7.76098445576159,-1.5));
#15026=CARTESIAN_POINT('Ctrl Pts',(36.0988999815896,7.73288958752035,-1.5));
#15027=CARTESIAN_POINT('Ctrl Pts',(36.1753894191647,7.6818290954105,-1.5));
#15028=CARTESIAN_POINT('Ctrl Pts',(36.2607417133276,7.64776308973688,-1.5));
#15029=CARTESIAN_POINT('Ctrl Pts',(36.2991308592812,7.63244112473655,-1.5));
#15030=CARTESIAN_POINT('',(36.2991308592812,7.63244112473655,-1.6));
#15031=CARTESIAN_POINT('Ctrl Pts',(36.2991308592812,7.63244112473655,-1.6));
#15032=CARTESIAN_POINT('Ctrl Pts',(36.2607417133276,7.64776308973688,-1.6));
#15033=CARTESIAN_POINT('Ctrl Pts',(36.1753894191647,7.6818290954105,-1.6));
#15034=CARTESIAN_POINT('Ctrl Pts',(36.0988999815896,7.73288958752035,-1.6));
#15035=CARTESIAN_POINT('Ctrl Pts',(36.0568134175609,7.76098445576159,-1.6));
#15036=CARTESIAN_POINT('',(36.2991308592812,7.63244112473655,-1.5));
#15037=CARTESIAN_POINT('Ctrl Pts',(36.548652000555,7.59800307276139,-1.5));
#15038=CARTESIAN_POINT('Ctrl Pts',(36.548652000555,7.59800307276139,-1.6));
#15039=CARTESIAN_POINT('Ctrl Pts',(36.5034964953166,7.59915452987278,-1.5));
#15040=CARTESIAN_POINT('Ctrl Pts',(36.5034964953166,7.59915452987278,-1.6));
#15041=CARTESIAN_POINT('Ctrl Pts',(36.41898591026,7.60130953430996,-1.5));
#15042=CARTESIAN_POINT('Ctrl Pts',(36.41898591026,7.60130953430996,-1.6));
#15043=CARTESIAN_POINT('Ctrl Pts',(36.3372116712855,7.62254987499158,-1.5));
#15044=CARTESIAN_POINT('Ctrl Pts',(36.3372116712855,7.62254987499158,-1.6));
#15045=CARTESIAN_POINT('Ctrl Pts',(36.2991308592812,7.63244112473655,-1.5));
#15046=CARTESIAN_POINT('Ctrl Pts',(36.2991308592812,7.63244112473655,-1.6));
#15047=CARTESIAN_POINT('',(36.548652000555,7.59800307276139,-1.5));
#15048=CARTESIAN_POINT('Ctrl Pts',(36.2991308592812,7.63244112473655,-1.5));
#15049=CARTESIAN_POINT('Ctrl Pts',(36.3372116712855,7.62254987499158,-1.5));
#15050=CARTESIAN_POINT('Ctrl Pts',(36.41898591026,7.60130953430996,-1.5));
#15051=CARTESIAN_POINT('Ctrl Pts',(36.5034964953166,7.59915452987278,-1.5));
#15052=CARTESIAN_POINT('Ctrl Pts',(36.548652000555,7.59800307276139,-1.5));
#15053=CARTESIAN_POINT('',(36.548652000555,7.59800307276139,-1.6));
#15054=CARTESIAN_POINT('Ctrl Pts',(36.548652000555,7.59800307276139,-1.6));
#15055=CARTESIAN_POINT('Ctrl Pts',(36.5034964953166,7.59915452987278,-1.6));
#15056=CARTESIAN_POINT('Ctrl Pts',(36.41898591026,7.60130953430996,-1.6));
#15057=CARTESIAN_POINT('Ctrl Pts',(36.3372116712855,7.62254987499158,-1.6));
#15058=CARTESIAN_POINT('Ctrl Pts',(36.2991308592812,7.63244112473655,-1.6));
#15059=CARTESIAN_POINT('',(36.548652000555,7.59800307276139,-1.5));
#15060=CARTESIAN_POINT('Ctrl Pts',(36.8394828214221,7.65753160922771,-1.5));
#15061=CARTESIAN_POINT('Ctrl Pts',(36.8394828214221,7.65753160922771,-1.6));
#15062=CARTESIAN_POINT('Ctrl Pts',(36.7969862763279,7.64003147465216,-1.5));
#15063=CARTESIAN_POINT('Ctrl Pts',(36.7969862763279,7.64003147465216,-1.6));
#15064=CARTESIAN_POINT('Ctrl Pts',(36.7040211460242,7.6017483086314,-1.5));
#15065=CARTESIAN_POINT('Ctrl Pts',(36.7040211460242,7.6017483086314,-1.6));
#15066=CARTESIAN_POINT('Ctrl Pts',(36.6033201859882,7.59932087140419,-1.5));
#15067=CARTESIAN_POINT('Ctrl Pts',(36.6033201859882,7.59932087140419,-1.6));
#15068=CARTESIAN_POINT('Ctrl Pts',(36.548652000555,7.59800307276139,-1.5));
#15069=CARTESIAN_POINT('Ctrl Pts',(36.548652000555,7.59800307276139,-1.6));
#15070=CARTESIAN_POINT('',(36.8394828214221,7.65753160922771,-1.5));
#15071=CARTESIAN_POINT('Ctrl Pts',(36.548652000555,7.59800307276139,-1.5));
#15072=CARTESIAN_POINT('Ctrl Pts',(36.6033201859882,7.59932087140419,-1.5));
#15073=CARTESIAN_POINT('Ctrl Pts',(36.7040211460242,7.6017483086314,-1.5));
#15074=CARTESIAN_POINT('Ctrl Pts',(36.7969862763279,7.64003147465216,-1.5));
#15075=CARTESIAN_POINT('Ctrl Pts',(36.8394828214221,7.65753160922771,-1.5));
#15076=CARTESIAN_POINT('',(36.8394828214221,7.65753160922771,-1.6));
#15077=CARTESIAN_POINT('Ctrl Pts',(36.8394828214221,7.65753160922771,-1.6));
#15078=CARTESIAN_POINT('Ctrl Pts',(36.7969862763279,7.64003147465216,-1.6));
#15079=CARTESIAN_POINT('Ctrl Pts',(36.7040211460242,7.6017483086314,-1.6));
#15080=CARTESIAN_POINT('Ctrl Pts',(36.6033201859882,7.59932087140419,-1.6));
#15081=CARTESIAN_POINT('Ctrl Pts',(36.548652000555,7.59800307276139,-1.6));
#15082=CARTESIAN_POINT('',(36.8394828214221,7.65753160922771,-1.5));
#15083=CARTESIAN_POINT('Ctrl Pts',(37.0141583578873,7.83758745292686,-1.5));
#15084=CARTESIAN_POINT('Ctrl Pts',(37.0141583578873,7.83758745292686,-1.6));
#15085=CARTESIAN_POINT('Ctrl Pts',(36.9915483430628,7.80030234010284,-1.5));
#15086=CARTESIAN_POINT('Ctrl Pts',(36.9915483430628,7.80030234010284,-1.6));
#15087=CARTESIAN_POINT('Ctrl Pts',(36.9470420253321,7.72690906323631,-1.5));
#15088=CARTESIAN_POINT('Ctrl Pts',(36.9470420253321,7.72690906323631,-1.6));
#15089=CARTESIAN_POINT('Ctrl Pts',(36.8749505316807,7.68040886517428,-1.5));
#15090=CARTESIAN_POINT('Ctrl Pts',(36.8749505316807,7.68040886517428,-1.6));
#15091=CARTESIAN_POINT('Ctrl Pts',(36.8394828214221,7.65753160922771,-1.5));
#15092=CARTESIAN_POINT('Ctrl Pts',(36.8394828214221,7.65753160922771,-1.6));
#15093=CARTESIAN_POINT('',(37.0141583578873,7.83758745292686,-1.5));
#15094=CARTESIAN_POINT('Ctrl Pts',(36.8394828214221,7.65753160922771,-1.5));
#15095=CARTESIAN_POINT('Ctrl Pts',(36.8749505316807,7.68040886517428,-1.5));
#15096=CARTESIAN_POINT('Ctrl Pts',(36.9470420253321,7.72690906323631,-1.5));
#15097=CARTESIAN_POINT('Ctrl Pts',(36.9915483430628,7.80030234010284,-1.5));
#15098=CARTESIAN_POINT('Ctrl Pts',(37.0141583578873,7.83758745292686,-1.5));
#15099=CARTESIAN_POINT('',(37.0141583578873,7.83758745292686,-1.6));
#15100=CARTESIAN_POINT('Ctrl Pts',(37.0141583578873,7.83758745292686,-1.6));
#15101=CARTESIAN_POINT('Ctrl Pts',(36.9915483430628,7.80030234010284,-1.6));
#15102=CARTESIAN_POINT('Ctrl Pts',(36.9470420253321,7.72690906323631,-1.6));
#15103=CARTESIAN_POINT('Ctrl Pts',(36.8749505316807,7.68040886517428,-1.6));
#15104=CARTESIAN_POINT('Ctrl Pts',(36.8394828214221,7.65753160922771,-1.6));
#15105=CARTESIAN_POINT('',(37.0141583578873,7.83758745292686,-1.5));
#15106=CARTESIAN_POINT('Ctrl Pts',(37.076668818015,8.11291564329712,-1.5));
#15107=CARTESIAN_POINT('Ctrl Pts',(37.076668818015,8.11291564329712,-1.6));
#15108=CARTESIAN_POINT('Ctrl Pts',(37.0743115365095,8.06336571408352,-1.5));
#15109=CARTESIAN_POINT('Ctrl Pts',(37.0743115365095,8.06336571408352,-1.6));
#15110=CARTESIAN_POINT('Ctrl Pts',(37.069765797957,7.96781453660922,-1.5));
#15111=CARTESIAN_POINT('Ctrl Pts',(37.069765797957,7.96781453660922,-1.6));
#15112=CARTESIAN_POINT('Ctrl Pts',(37.0322294834262,7.87990822825539,-1.5));
#15113=CARTESIAN_POINT('Ctrl Pts',(37.0322294834262,7.87990822825539,-1.6));
#15114=CARTESIAN_POINT('Ctrl Pts',(37.0141583578873,7.83758745292686,-1.5));
#15115=CARTESIAN_POINT('Ctrl Pts',(37.0141583578873,7.83758745292686,-1.6));
#15116=CARTESIAN_POINT('',(37.076668818015,8.11291564329712,-1.5));
#15117=CARTESIAN_POINT('Ctrl Pts',(37.0141583578873,7.83758745292686,-1.5));
#15118=CARTESIAN_POINT('Ctrl Pts',(37.0322294834262,7.87990822825539,-1.5));
#15119=CARTESIAN_POINT('Ctrl Pts',(37.069765797957,7.96781453660922,-1.5));
#15120=CARTESIAN_POINT('Ctrl Pts',(37.0743115365095,8.06336571408352,-1.5));
#15121=CARTESIAN_POINT('Ctrl Pts',(37.076668818015,8.11291564329712,-1.5));
#15122=CARTESIAN_POINT('',(37.076668818015,8.11291564329712,-1.6));
#15123=CARTESIAN_POINT('Ctrl Pts',(37.076668818015,8.11291564329712,-1.6));
#15124=CARTESIAN_POINT('Ctrl Pts',(37.0743115365095,8.06336571408352,-1.6));
#15125=CARTESIAN_POINT('Ctrl Pts',(37.069765797957,7.96781453660922,-1.6));
#15126=CARTESIAN_POINT('Ctrl Pts',(37.0322294834262,7.87990822825539,-1.6));
#15127=CARTESIAN_POINT('Ctrl Pts',(37.0141583578873,7.83758745292686,-1.6));
#15128=CARTESIAN_POINT('',(37.076668818015,8.11291564329712,-1.5));
#15129=CARTESIAN_POINT('Ctrl Pts',(37.010294114547,8.39763513112127,-1.5));
#15130=CARTESIAN_POINT('Ctrl Pts',(37.010294114547,8.39763513112127,-1.6));
#15131=CARTESIAN_POINT('Ctrl Pts',(37.0298046719081,8.35441124956907,-1.5));
#15132=CARTESIAN_POINT('Ctrl Pts',(37.0298046719081,8.35441124956907,-1.6));
#15133=CARTESIAN_POINT('Ctrl Pts',(37.070625655829,8.2639760384586,-1.5));
#15134=CARTESIAN_POINT('Ctrl Pts',(37.070625655829,8.2639760384586,-1.6));
#15135=CARTESIAN_POINT('Ctrl Pts',(37.074596076338,8.16472778521164,-1.5));
#15136=CARTESIAN_POINT('Ctrl Pts',(37.074596076338,8.16472778521164,-1.6));
#15137=CARTESIAN_POINT('Ctrl Pts',(37.076668818015,8.11291564329712,-1.5));
#15138=CARTESIAN_POINT('Ctrl Pts',(37.076668818015,8.11291564329712,-1.6));
#15139=CARTESIAN_POINT('',(37.010294114547,8.39763513112127,-1.5));
#15140=CARTESIAN_POINT('Ctrl Pts',(37.076668818015,8.11291564329712,-1.5));
#15141=CARTESIAN_POINT('Ctrl Pts',(37.074596076338,8.16472778521164,-1.5));
#15142=CARTESIAN_POINT('Ctrl Pts',(37.070625655829,8.2639760384586,-1.5));
#15143=CARTESIAN_POINT('Ctrl Pts',(37.0298046719081,8.35441124956907,-1.5));
#15144=CARTESIAN_POINT('Ctrl Pts',(37.010294114547,8.39763513112127,-1.5));
#15145=CARTESIAN_POINT('',(37.010294114547,8.39763513112127,-1.6));
#15146=CARTESIAN_POINT('Ctrl Pts',(37.010294114547,8.39763513112127,-1.6));
#15147=CARTESIAN_POINT('Ctrl Pts',(37.0298046719081,8.35441124956907,-1.6));
#15148=CARTESIAN_POINT('Ctrl Pts',(37.070625655829,8.2639760384586,-1.6));
#15149=CARTESIAN_POINT('Ctrl Pts',(37.074596076338,8.16472778521164,-1.6));
#15150=CARTESIAN_POINT('Ctrl Pts',(37.076668818015,8.11291564329712,-1.6));
#15151=CARTESIAN_POINT('',(37.010294114547,8.39763513112127,-1.5));
#15152=CARTESIAN_POINT('Ctrl Pts',(36.8132266755723,8.58261178355098,-1.5));
#15153=CARTESIAN_POINT('Ctrl Pts',(36.8132266755723,8.58261178355098,-1.6));
#15154=CARTESIAN_POINT('Ctrl Pts',(36.8538221367108,8.55930549189844,-1.5));
#15155=CARTESIAN_POINT('Ctrl Pts',(36.8538221367108,8.55930549189844,-1.6));
#15156=CARTESIAN_POINT('Ctrl Pts',(36.9341496335335,8.51318861045009,-1.5));
#15157=CARTESIAN_POINT('Ctrl Pts',(36.9341496335335,8.51318861045009,-1.6));
#15158=CARTESIAN_POINT('Ctrl Pts',(36.9850951555505,8.43587595105664,-1.5));
#15159=CARTESIAN_POINT('Ctrl Pts',(36.9850951555505,8.43587595105664,-1.6));
#15160=CARTESIAN_POINT('Ctrl Pts',(37.010294114547,8.39763513112127,-1.5));
#15161=CARTESIAN_POINT('Ctrl Pts',(37.010294114547,8.39763513112127,-1.6));
#15162=CARTESIAN_POINT('',(36.8132266755723,8.58261178355098,-1.5));
#15163=CARTESIAN_POINT('Ctrl Pts',(37.010294114547,8.39763513112127,-1.5));
#15164=CARTESIAN_POINT('Ctrl Pts',(36.9850951555505,8.43587595105664,-1.5));
#15165=CARTESIAN_POINT('Ctrl Pts',(36.9341496335335,8.51318861045009,-1.5));
#15166=CARTESIAN_POINT('Ctrl Pts',(36.8538221367108,8.55930549189844,-1.5));
#15167=CARTESIAN_POINT('Ctrl Pts',(36.8132266755723,8.58261178355098,-1.5));
#15168=CARTESIAN_POINT('',(36.8132266755723,8.58261178355098,-1.6));
#15169=CARTESIAN_POINT('Ctrl Pts',(36.8132266755723,8.58261178355098,-1.6));
#15170=CARTESIAN_POINT('Ctrl Pts',(36.8538221367108,8.55930549189844,-1.6));
#15171=CARTESIAN_POINT('Ctrl Pts',(36.9341496335335,8.51318861045009,-1.6));
#15172=CARTESIAN_POINT('Ctrl Pts',(36.9850951555505,8.43587595105664,-1.6));
#15173=CARTESIAN_POINT('Ctrl Pts',(37.010294114547,8.39763513112127,-1.6));
#15174=CARTESIAN_POINT('',(36.8132266755723,8.58261178355098,-1.5));
#15175=CARTESIAN_POINT('Ctrl Pts',(36.5398922731493,8.63215357590381,-1.5));
#15176=CARTESIAN_POINT('Ctrl Pts',(36.5398922731493,8.63215357590381,-1.6));
#15177=CARTESIAN_POINT('Ctrl Pts',(36.5919086134455,8.63095498971633,-1.5));
#15178=CARTESIAN_POINT('Ctrl Pts',(36.5919086134455,8.63095498971633,-1.6));
#15179=CARTESIAN_POINT('Ctrl Pts',(36.6857963367998,8.62879158245345,-1.5));
#15180=CARTESIAN_POINT('Ctrl Pts',(36.6857963367998,8.62879158245345,-1.6));
#15181=CARTESIAN_POINT('Ctrl Pts',(36.7739240853523,8.59685474743374,-1.5));
#15182=CARTESIAN_POINT('Ctrl Pts',(36.7739240853523,8.59685474743374,-1.6));
#15183=CARTESIAN_POINT('Ctrl Pts',(36.8132266755723,8.58261178355098,-1.5));
#15184=CARTESIAN_POINT('Ctrl Pts',(36.8132266755723,8.58261178355098,-1.6));
#15185=CARTESIAN_POINT('',(36.5398922731493,8.63215357590381,-1.5));
#15186=CARTESIAN_POINT('Ctrl Pts',(36.8132266755723,8.58261178355098,-1.5));
#15187=CARTESIAN_POINT('Ctrl Pts',(36.7739240853523,8.59685474743374,-1.5));
#15188=CARTESIAN_POINT('Ctrl Pts',(36.6857963367998,8.62879158245345,-1.5));
#15189=CARTESIAN_POINT('Ctrl Pts',(36.5919086134455,8.63095498971633,-1.5));
#15190=CARTESIAN_POINT('Ctrl Pts',(36.5398922731493,8.63215357590381,-1.5));
#15191=CARTESIAN_POINT('',(36.5398922731493,8.63215357590381,-1.6));
#15192=CARTESIAN_POINT('Ctrl Pts',(36.5398922731493,8.63215357590381,-1.6));
#15193=CARTESIAN_POINT('Ctrl Pts',(36.5919086134455,8.63095498971633,-1.6));
#15194=CARTESIAN_POINT('Ctrl Pts',(36.6857963367998,8.62879158245345,-1.6));
#15195=CARTESIAN_POINT('Ctrl Pts',(36.7739240853523,8.59685474743374,-1.6));
#15196=CARTESIAN_POINT('Ctrl Pts',(36.8132266755723,8.58261178355098,-1.6));
#15197=CARTESIAN_POINT('',(36.5398922731493,8.63215357590381,-1.5));
#15198=CARTESIAN_POINT('Ctrl Pts',(36.2921598033879,8.60314601927321,-1.5));
#15199=CARTESIAN_POINT('Ctrl Pts',(36.2921598033879,8.60314601927321,-1.6));
#15200=CARTESIAN_POINT('Ctrl Pts',(36.3263109793967,8.61170698147677,-1.5));
#15201=CARTESIAN_POINT('Ctrl Pts',(36.3263109793967,8.61170698147677,-1.6));
#15202=CARTESIAN_POINT('Ctrl Pts',(36.4074964563724,8.6320584270518,-1.5));
#15203=CARTESIAN_POINT('Ctrl Pts',(36.4074964563724,8.6320584270518,-1.6));
#15204=CARTESIAN_POINT('Ctrl Pts',(36.4913260941014,8.63211867286612,-1.5));
#15205=CARTESIAN_POINT('Ctrl Pts',(36.4913260941014,8.63211867286612,-1.6));
#15206=CARTESIAN_POINT('Ctrl Pts',(36.5398922731493,8.63215357590381,-1.5));
#15207=CARTESIAN_POINT('Ctrl Pts',(36.5398922731493,8.63215357590381,-1.6));
#15208=CARTESIAN_POINT('',(36.2921598033879,8.60314601927321,-1.5));
#15209=CARTESIAN_POINT('Ctrl Pts',(36.5398922731493,8.63215357590381,-1.5));
#15210=CARTESIAN_POINT('Ctrl Pts',(36.4913260941014,8.63211867286612,-1.5));
#15211=CARTESIAN_POINT('Ctrl Pts',(36.4074964563724,8.6320584270518,-1.5));
#15212=CARTESIAN_POINT('Ctrl Pts',(36.3263109793967,8.61170698147677,-1.5));
#15213=CARTESIAN_POINT('Ctrl Pts',(36.2921598033879,8.60314601927321,-1.5));
#15214=CARTESIAN_POINT('',(36.2921598033879,8.60314601927321,-1.6));
#15215=CARTESIAN_POINT('Ctrl Pts',(36.2921598033879,8.60314601927321,-1.6));
#15216=CARTESIAN_POINT('Ctrl Pts',(36.3263109793967,8.61170698147677,-1.6));
#15217=CARTESIAN_POINT('Ctrl Pts',(36.4074964563724,8.6320584270518,-1.6));
#15218=CARTESIAN_POINT('Ctrl Pts',(36.4913260941014,8.63211867286612,-1.6));
#15219=CARTESIAN_POINT('Ctrl Pts',(36.5398922731493,8.63215357590381,-1.6));
#15220=CARTESIAN_POINT('',(36.2921598033879,8.60314601927321,-1.5));
#15221=CARTESIAN_POINT('Ctrl Pts',(36.1553556790351,8.51024936973381,-1.5));
#15222=CARTESIAN_POINT('Ctrl Pts',(36.1553556790351,8.51024936973381,-1.6));
#15223=CARTESIAN_POINT('Ctrl Pts',(36.1747815937237,8.52999196389315,-1.5));
#15224=CARTESIAN_POINT('Ctrl Pts',(36.1747815937237,8.52999196389315,-1.6));
#15225=CARTESIAN_POINT('Ctrl Pts',(36.2141892917535,8.57004208258402,-1.5));
#15226=CARTESIAN_POINT('Ctrl Pts',(36.2141892917535,8.57004208258402,-1.6));
#15227=CARTESIAN_POINT('Ctrl Pts',(36.2659263722395,8.59200809256642,-1.5));
#15228=CARTESIAN_POINT('Ctrl Pts',(36.2659263722395,8.59200809256642,-1.6));
#15229=CARTESIAN_POINT('Ctrl Pts',(36.2921598033879,8.60314601927321,-1.5));
#15230=CARTESIAN_POINT('Ctrl Pts',(36.2921598033879,8.60314601927321,-1.6));
#15231=CARTESIAN_POINT('',(36.1553556790351,8.51024936973381,-1.5));
#15232=CARTESIAN_POINT('Ctrl Pts',(36.2921598033879,8.60314601927321,-1.5));
#15233=CARTESIAN_POINT('Ctrl Pts',(36.2659263722395,8.59200809256642,-1.5));
#15234=CARTESIAN_POINT('Ctrl Pts',(36.2141892917535,8.57004208258402,-1.5));
#15235=CARTESIAN_POINT('Ctrl Pts',(36.1747815937237,8.52999196389315,-1.5));
#15236=CARTESIAN_POINT('Ctrl Pts',(36.1553556790351,8.51024936973381,-1.5));
#15237=CARTESIAN_POINT('',(36.1553556790351,8.51024936973381,-1.6));
#15238=CARTESIAN_POINT('Ctrl Pts',(36.1553556790351,8.51024936973381,-1.6));
#15239=CARTESIAN_POINT('Ctrl Pts',(36.1747815937237,8.52999196389315,-1.6));
#15240=CARTESIAN_POINT('Ctrl Pts',(36.2141892917535,8.57004208258402,-1.6));
#15241=CARTESIAN_POINT('Ctrl Pts',(36.2659263722395,8.59200809256642,-1.6));
#15242=CARTESIAN_POINT('Ctrl Pts',(36.2921598033879,8.60314601927321,-1.6));
#15243=CARTESIAN_POINT('',(36.1553556790351,8.51024936973381,-1.5));
#15244=CARTESIAN_POINT('Ctrl Pts',(36.0728526203282,8.35096522732608,-1.5));
#15245=CARTESIAN_POINT('Ctrl Pts',(36.0728526203282,8.35096522732608,-1.6));
#15246=CARTESIAN_POINT('Ctrl Pts',(36.0827186852331,8.38121558543877,-1.5));
#15247=CARTESIAN_POINT('Ctrl Pts',(36.0827186852331,8.38121558543877,-1.6));
#15248=CARTESIAN_POINT('Ctrl Pts',(36.1015241177066,8.43887495341042,-1.5));
#15249=CARTESIAN_POINT('Ctrl Pts',(36.1015241177066,8.43887495341042,-1.6));
#15250=CARTESIAN_POINT('Ctrl Pts',(36.1380111635665,8.48725255081503,-1.5));
#15251=CARTESIAN_POINT('Ctrl Pts',(36.1380111635665,8.48725255081503,-1.6));
#15252=CARTESIAN_POINT('Ctrl Pts',(36.1553556790351,8.51024936973381,-1.5));
#15253=CARTESIAN_POINT('Ctrl Pts',(36.1553556790351,8.51024936973381,-1.6));
#15254=CARTESIAN_POINT('',(36.0728526203282,8.35096522732608,-1.5));
#15255=CARTESIAN_POINT('Ctrl Pts',(36.1553556790351,8.51024936973381,-1.5));
#15256=CARTESIAN_POINT('Ctrl Pts',(36.1380111635665,8.48725255081503,-1.5));
#15257=CARTESIAN_POINT('Ctrl Pts',(36.1015241177066,8.43887495341042,-1.5));
#15258=CARTESIAN_POINT('Ctrl Pts',(36.0827186852331,8.38121558543877,-1.5));
#15259=CARTESIAN_POINT('Ctrl Pts',(36.0728526203282,8.35096522732608,-1.5));
#15260=CARTESIAN_POINT('',(36.0728526203282,8.35096522732608,-1.6));
#15261=CARTESIAN_POINT('Ctrl Pts',(36.0728526203282,8.35096522732608,-1.6));
#15262=CARTESIAN_POINT('Ctrl Pts',(36.0827186852331,8.38121558543877,-1.6));
#15263=CARTESIAN_POINT('Ctrl Pts',(36.1015241177066,8.43887495341042,-1.6));
#15264=CARTESIAN_POINT('Ctrl Pts',(36.1380111635665,8.48725255081503,-1.6));
#15265=CARTESIAN_POINT('Ctrl Pts',(36.1553556790351,8.51024936973381,-1.6));
#15266=CARTESIAN_POINT('',(36.0728526203282,8.35096522732608,-1.5));
#15267=CARTESIAN_POINT('Origin',(36.3707240907341,8.29654879568218,-1.5));
#15268=CARTESIAN_POINT('',(36.3707240907341,8.29654879568218,-1.5));
#15269=CARTESIAN_POINT('',(36.0728526203282,8.35096522732608,-1.5));
#15270=CARTESIAN_POINT('',(36.3707240907341,8.29654879568218,-1.6));
#15271=CARTESIAN_POINT('',(36.0728526203282,8.35096522732608,-1.6));
#15272=CARTESIAN_POINT('',(36.3707240907341,8.29654879568218,-1.5));
#15273=CARTESIAN_POINT('Ctrl Pts',(36.4338312635193,8.38292344811016,-1.5));
#15274=CARTESIAN_POINT('Ctrl Pts',(36.4338312635193,8.38292344811016,-1.6));
#15275=CARTESIAN_POINT('Ctrl Pts',(36.4200041229244,8.3716083359268,-1.5));
#15276=CARTESIAN_POINT('Ctrl Pts',(36.4200041229244,8.3716083359268,-1.6));
#15277=CARTESIAN_POINT('Ctrl Pts',(36.3915304128049,8.34830755135263,-1.5));
#15278=CARTESIAN_POINT('Ctrl Pts',(36.3915304128049,8.34830755135263,-1.6));
#15279=CARTESIAN_POINT('Ctrl Pts',(36.3777913278967,8.31412957715417,-1.5));
#15280=CARTESIAN_POINT('Ctrl Pts',(36.3777913278967,8.31412957715417,-1.6));
#15281=CARTESIAN_POINT('Ctrl Pts',(36.3707240907341,8.29654879568218,-1.5));
#15282=CARTESIAN_POINT('Ctrl Pts',(36.3707240907341,8.29654879568218,-1.6));
#15283=CARTESIAN_POINT('',(36.4338312635193,8.38292344811016,-1.5));
#15284=CARTESIAN_POINT('Ctrl Pts',(36.3707240907341,8.29654879568218,-1.5));
#15285=CARTESIAN_POINT('Ctrl Pts',(36.3777913278967,8.31412957715417,-1.5));
#15286=CARTESIAN_POINT('Ctrl Pts',(36.3915304128049,8.34830755135263,-1.5));
#15287=CARTESIAN_POINT('Ctrl Pts',(36.4200041229244,8.3716083359268,-1.5));
#15288=CARTESIAN_POINT('Ctrl Pts',(36.4338312635193,8.38292344811016,-1.5));
#15289=CARTESIAN_POINT('',(36.4338312635193,8.38292344811016,-1.6));
#15290=CARTESIAN_POINT('Ctrl Pts',(36.4338312635193,8.38292344811016,-1.6));
#15291=CARTESIAN_POINT('Ctrl Pts',(36.4200041229244,8.3716083359268,-1.6));
#15292=CARTESIAN_POINT('Ctrl Pts',(36.3915304128049,8.34830755135263,-1.6));
#15293=CARTESIAN_POINT('Ctrl Pts',(36.3777913278967,8.31412957715417,-1.6));
#15294=CARTESIAN_POINT('Ctrl Pts',(36.3707240907341,8.29654879568218,-1.6));
#15295=CARTESIAN_POINT('',(36.4338312635193,8.38292344811016,-1.5));
#15296=CARTESIAN_POINT('Ctrl Pts',(36.5458212724325,8.41248240297318,-1.5));
#15297=CARTESIAN_POINT('Ctrl Pts',(36.5458212724325,8.41248240297318,-1.6));
#15298=CARTESIAN_POINT('Ctrl Pts',(36.5246731618852,8.41169041439768,-1.5));
#15299=CARTESIAN_POINT('Ctrl Pts',(36.5246731618852,8.41169041439768,-1.6));
#15300=CARTESIAN_POINT('Ctrl Pts',(36.4850417383054,8.41020623288482,-1.5));
#15301=CARTESIAN_POINT('Ctrl Pts',(36.4850417383054,8.41020623288482,-1.6));
#15302=CARTESIAN_POINT('Ctrl Pts',(36.4501186854572,8.39160070074492,-1.5));
#15303=CARTESIAN_POINT('Ctrl Pts',(36.4501186854572,8.39160070074492,-1.6));
#15304=CARTESIAN_POINT('Ctrl Pts',(36.4338312635193,8.38292344811016,-1.5));
#15305=CARTESIAN_POINT('Ctrl Pts',(36.4338312635193,8.38292344811016,-1.6));
#15306=CARTESIAN_POINT('',(36.5458212724325,8.41248240297318,-1.5));
#15307=CARTESIAN_POINT('Ctrl Pts',(36.4338312635193,8.38292344811016,-1.5));
#15308=CARTESIAN_POINT('Ctrl Pts',(36.4501186854572,8.39160070074492,-1.5));
#15309=CARTESIAN_POINT('Ctrl Pts',(36.4850417383054,8.41020623288482,-1.5));
#15310=CARTESIAN_POINT('Ctrl Pts',(36.5246731618852,8.41169041439768,-1.5));
#15311=CARTESIAN_POINT('Ctrl Pts',(36.5458212724325,8.41248240297318,-1.5));
#15312=CARTESIAN_POINT('',(36.5458212724325,8.41248240297318,-1.6));
#15313=CARTESIAN_POINT('Ctrl Pts',(36.5458212724325,8.41248240297318,-1.6));
#15314=CARTESIAN_POINT('Ctrl Pts',(36.5246731618852,8.41169041439768,-1.6));
#15315=CARTESIAN_POINT('Ctrl Pts',(36.4850417383054,8.41020623288482,-1.6));
#15316=CARTESIAN_POINT('Ctrl Pts',(36.4501186854572,8.39160070074492,-1.6));
#15317=CARTESIAN_POINT('Ctrl Pts',(36.4338312635193,8.38292344811016,-1.6));
#15318=CARTESIAN_POINT('',(36.5458212724325,8.41248240297318,-1.5));
#15319=CARTESIAN_POINT('Ctrl Pts',(36.707878277182,8.34088215367757,-1.5));
#15320=CARTESIAN_POINT('Ctrl Pts',(36.707878277182,8.34088215367757,-1.6));
#15321=CARTESIAN_POINT('Ctrl Pts',(36.6856252968441,8.36166054742906,-1.5));
#15322=CARTESIAN_POINT('Ctrl Pts',(36.6856252968441,8.36166054742906,-1.6));
#15323=CARTESIAN_POINT('Ctrl Pts',(36.6400068613257,8.4042560919869,-1.5));
#15324=CARTESIAN_POINT('Ctrl Pts',(36.6400068613257,8.4042560919869,-1.6));
#15325=CARTESIAN_POINT('Ctrl Pts',(36.5777227661528,8.40969607853275,-1.5));
#15326=CARTESIAN_POINT('Ctrl Pts',(36.5777227661528,8.40969607853275,-1.6));
#15327=CARTESIAN_POINT('Ctrl Pts',(36.5458212724325,8.41248240297318,-1.5));
#15328=CARTESIAN_POINT('Ctrl Pts',(36.5458212724325,8.41248240297318,-1.6));
#15329=CARTESIAN_POINT('',(36.707878277182,8.34088215367757,-1.5));
#15330=CARTESIAN_POINT('Ctrl Pts',(36.5458212724325,8.41248240297318,-1.5));
#15331=CARTESIAN_POINT('Ctrl Pts',(36.5777227661528,8.40969607853275,-1.5));
#15332=CARTESIAN_POINT('Ctrl Pts',(36.6400068613257,8.4042560919869,-1.5));
#15333=CARTESIAN_POINT('Ctrl Pts',(36.6856252968441,8.36166054742906,-1.5));
#15334=CARTESIAN_POINT('Ctrl Pts',(36.707878277182,8.34088215367757,-1.5));
#15335=CARTESIAN_POINT('',(36.707878277182,8.34088215367757,-1.6));
#15336=CARTESIAN_POINT('Ctrl Pts',(36.707878277182,8.34088215367757,-1.6));
#15337=CARTESIAN_POINT('Ctrl Pts',(36.6856252968441,8.36166054742906,-1.6));
#15338=CARTESIAN_POINT('Ctrl Pts',(36.6400068613257,8.4042560919869,-1.6));
#15339=CARTESIAN_POINT('Ctrl Pts',(36.5777227661528,8.40969607853275,-1.6));
#15340=CARTESIAN_POINT('Ctrl Pts',(36.5458212724325,8.41248240297318,-1.6));
#15341=CARTESIAN_POINT('',(36.707878277182,8.34088215367757,-1.5));
#15342=CARTESIAN_POINT('Ctrl Pts',(36.7669989945901,8.11758415622091,-1.5));
#15343=CARTESIAN_POINT('Ctrl Pts',(36.7669989945901,8.11758415622091,-1.6));
#15344=CARTESIAN_POINT('Ctrl Pts',(36.7663440816505,8.16286778682713,-1.5));
#15345=CARTESIAN_POINT('Ctrl Pts',(36.7663440816505,8.16286778682713,-1.6));
#15346=CARTESIAN_POINT('Ctrl Pts',(36.765189744624,8.24268384838406,-1.5));
#15347=CARTESIAN_POINT('Ctrl Pts',(36.765189744624,8.24268384838406,-1.6));
#15348=CARTESIAN_POINT('Ctrl Pts',(36.7251859324796,8.31122696432911,-1.5));
#15349=CARTESIAN_POINT('Ctrl Pts',(36.7251859324796,8.31122696432911,-1.6));
#15350=CARTESIAN_POINT('Ctrl Pts',(36.707878277182,8.34088215367757,-1.5));
#15351=CARTESIAN_POINT('Ctrl Pts',(36.707878277182,8.34088215367757,-1.6));
#15352=CARTESIAN_POINT('',(36.7669989945901,8.11758415622091,-1.5));
#15353=CARTESIAN_POINT('Ctrl Pts',(36.707878277182,8.34088215367757,-1.5));
#15354=CARTESIAN_POINT('Ctrl Pts',(36.7251859324796,8.31122696432911,-1.5));
#15355=CARTESIAN_POINT('Ctrl Pts',(36.765189744624,8.24268384838406,-1.5));
#15356=CARTESIAN_POINT('Ctrl Pts',(36.7663440816505,8.16286778682713,-1.5));
#15357=CARTESIAN_POINT('Ctrl Pts',(36.7669989945901,8.11758415622091,-1.5));
#15358=CARTESIAN_POINT('',(36.7669989945901,8.11758415622091,-1.6));
#15359=CARTESIAN_POINT('Ctrl Pts',(36.7669989945901,8.11758415622091,-1.6));
#15360=CARTESIAN_POINT('Ctrl Pts',(36.7663440816505,8.16286778682713,-1.6));
#15361=CARTESIAN_POINT('Ctrl Pts',(36.765189744624,8.24268384838406,-1.6));
#15362=CARTESIAN_POINT('Ctrl Pts',(36.7251859324796,8.31122696432911,-1.6));
#15363=CARTESIAN_POINT('Ctrl Pts',(36.707878277182,8.34088215367757,-1.6));
#15364=CARTESIAN_POINT('',(36.7669989945901,8.11758415622091,-1.5));
#15365=CARTESIAN_POINT('Ctrl Pts',(36.7053479921503,7.88590921381612,-1.5));
#15366=CARTESIAN_POINT('Ctrl Pts',(36.7053479921503,7.88590921381612,-1.6));
#15367=CARTESIAN_POINT('Ctrl Pts',(36.7230778114814,7.91605540402547,-1.5));
#15368=CARTESIAN_POINT('Ctrl Pts',(36.7230778114814,7.91605540402547,-1.6));
#15369=CARTESIAN_POINT('Ctrl Pts',(36.7648233736429,7.98703580341996,-1.5));
#15370=CARTESIAN_POINT('Ctrl Pts',(36.7648233736429,7.98703580341996,-1.6));
#15371=CARTESIAN_POINT('Ctrl Pts',(36.7662044672739,8.06990846504991,-1.5));
#15372=CARTESIAN_POINT('Ctrl Pts',(36.7662044672739,8.06990846504991,-1.6));
#15373=CARTESIAN_POINT('Ctrl Pts',(36.7669989945901,8.11758415622091,-1.5));
#15374=CARTESIAN_POINT('Ctrl Pts',(36.7669989945901,8.11758415622091,-1.6));
#15375=CARTESIAN_POINT('',(36.7053479921503,7.88590921381612,-1.5));
#15376=CARTESIAN_POINT('Ctrl Pts',(36.7669989945901,8.11758415622091,-1.5));
#15377=CARTESIAN_POINT('Ctrl Pts',(36.7662044672739,8.06990846504991,-1.5));
#15378=CARTESIAN_POINT('Ctrl Pts',(36.7648233736429,7.98703580341996,-1.5));
#15379=CARTESIAN_POINT('Ctrl Pts',(36.7230778114814,7.91605540402547,-1.5));
#15380=CARTESIAN_POINT('Ctrl Pts',(36.7053479921503,7.88590921381612,-1.5));
#15381=CARTESIAN_POINT('',(36.7053479921503,7.88590921381612,-1.6));
#15382=CARTESIAN_POINT('Ctrl Pts',(36.7053479921503,7.88590921381612,-1.6));
#15383=CARTESIAN_POINT('Ctrl Pts',(36.7230778114814,7.91605540402547,-1.6));
#15384=CARTESIAN_POINT('Ctrl Pts',(36.7648233736429,7.98703580341996,-1.6));
#15385=CARTESIAN_POINT('Ctrl Pts',(36.7662044672739,8.06990846504991,-1.6));
#15386=CARTESIAN_POINT('Ctrl Pts',(36.7669989945901,8.11758415622091,-1.6));
#15387=CARTESIAN_POINT('',(36.7053479921503,7.88590921381612,-1.5));
#15388=CARTESIAN_POINT('Ctrl Pts',(36.5345347176995,7.8170254009641,-1.5));
#15389=CARTESIAN_POINT('Ctrl Pts',(36.5345347176995,7.8170254009641,-1.6));
#15390=CARTESIAN_POINT('Ctrl Pts',(36.5684053192726,7.81921035715371,-1.5));
#15391=CARTESIAN_POINT('Ctrl Pts',(36.5684053192726,7.81921035715371,-1.6));
#15392=CARTESIAN_POINT('Ctrl Pts',(36.6331464721632,7.82338673950777,-1.5));
#15393=CARTESIAN_POINT('Ctrl Pts',(36.6331464721632,7.82338673950777,-1.6));
#15394=CARTESIAN_POINT('Ctrl Pts',(36.6820359850438,7.86572232071947,-1.5));
#15395=CARTESIAN_POINT('Ctrl Pts',(36.6820359850438,7.86572232071947,-1.6));
#15396=CARTESIAN_POINT('Ctrl Pts',(36.7053479921503,7.88590921381612,-1.5));
#15397=CARTESIAN_POINT('Ctrl Pts',(36.7053479921503,7.88590921381612,-1.6));
#15398=CARTESIAN_POINT('',(36.5345347176995,7.8170254009641,-1.5));
#15399=CARTESIAN_POINT('Ctrl Pts',(36.7053479921503,7.88590921381612,-1.5));
#15400=CARTESIAN_POINT('Ctrl Pts',(36.6820359850438,7.86572232071947,-1.5));
#15401=CARTESIAN_POINT('Ctrl Pts',(36.6331464721632,7.82338673950777,-1.5));
#15402=CARTESIAN_POINT('Ctrl Pts',(36.5684053192726,7.81921035715371,-1.5));
#15403=CARTESIAN_POINT('Ctrl Pts',(36.5345347176995,7.8170254009641,-1.5));
#15404=CARTESIAN_POINT('',(36.5345347176995,7.8170254009641,-1.6));
#15405=CARTESIAN_POINT('Ctrl Pts',(36.5345347176995,7.8170254009641,-1.6));
#15406=CARTESIAN_POINT('Ctrl Pts',(36.5684053192726,7.81921035715371,-1.6));
#15407=CARTESIAN_POINT('Ctrl Pts',(36.6331464721632,7.82338673950777,-1.6));
#15408=CARTESIAN_POINT('Ctrl Pts',(36.6820359850438,7.86572232071947,-1.6));
#15409=CARTESIAN_POINT('Ctrl Pts',(36.7053479921503,7.88590921381612,-1.6));
#15410=CARTESIAN_POINT('',(36.5345347176995,7.8170254009641,-1.5));
#15411=CARTESIAN_POINT('Ctrl Pts',(36.4356879114015,7.83243385992594,-1.5));
#15412=CARTESIAN_POINT('Ctrl Pts',(36.4356879114015,7.83243385992594,-1.6));
#15413=CARTESIAN_POINT('Ctrl Pts',(36.4516613937471,7.82799211921886,-1.5));
#15414=CARTESIAN_POINT('Ctrl Pts',(36.4516613937471,7.82799211921886,-1.6));
#15415=CARTESIAN_POINT('Ctrl Pts',(36.4840052150927,7.8189982840121,-1.5));
#15416=CARTESIAN_POINT('Ctrl Pts',(36.4840052150927,7.8189982840121,-1.6));
#15417=CARTESIAN_POINT('Ctrl Pts',(36.5175543349667,7.81768838610177,-1.5));
#15418=CARTESIAN_POINT('Ctrl Pts',(36.5175543349667,7.81768838610177,-1.6));
#15419=CARTESIAN_POINT('Ctrl Pts',(36.5345347176995,7.8170254009641,-1.5));
#15420=CARTESIAN_POINT('Ctrl Pts',(36.5345347176995,7.8170254009641,-1.6));
#15421=CARTESIAN_POINT('',(36.4356879114015,7.83243385992594,-1.5));
#15422=CARTESIAN_POINT('Ctrl Pts',(36.5345347176995,7.8170254009641,-1.5));
#15423=CARTESIAN_POINT('Ctrl Pts',(36.5175543349667,7.81768838610177,-1.5));
#15424=CARTESIAN_POINT('Ctrl Pts',(36.4840052150927,7.8189982840121,-1.5));
#15425=CARTESIAN_POINT('Ctrl Pts',(36.4516613937471,7.82799211921886,-1.5));
#15426=CARTESIAN_POINT('Ctrl Pts',(36.4356879114015,7.83243385992594,-1.5));
#15427=CARTESIAN_POINT('',(36.4356879114015,7.83243385992594,-1.6));
#15428=CARTESIAN_POINT('Ctrl Pts',(36.4356879114015,7.83243385992594,-1.6));
#15429=CARTESIAN_POINT('Ctrl Pts',(36.4516613937471,7.82799211921886,-1.6));
#15430=CARTESIAN_POINT('Ctrl Pts',(36.4840052150927,7.8189982840121,-1.6));
#15431=CARTESIAN_POINT('Ctrl Pts',(36.5175543349667,7.81768838610177,-1.6));
#15432=CARTESIAN_POINT('Ctrl Pts',(36.5345347176995,7.8170254009641,-1.6));
#15433=CARTESIAN_POINT('',(36.4356879114015,7.83243385992594,-1.5));
#15434=CARTESIAN_POINT('Ctrl Pts',(36.3281203890406,7.88403079175346,-1.5));
#15435=CARTESIAN_POINT('Ctrl Pts',(36.3281203890406,7.88403079175346,-1.6));
#15436=CARTESIAN_POINT('Ctrl Pts',(36.3468952798088,7.87306748596007,-1.5));
#15437=CARTESIAN_POINT('Ctrl Pts',(36.3468952798088,7.87306748596007,-1.6));
#15438=CARTESIAN_POINT('Ctrl Pts',(36.3813643074208,7.85293983276742,-1.5));
#15439=CARTESIAN_POINT('Ctrl Pts',(36.3813643074208,7.85293983276742,-1.6));
#15440=CARTESIAN_POINT('Ctrl Pts',(36.4186921320488,7.83884939505778,-1.5));
#15441=CARTESIAN_POINT('Ctrl Pts',(36.4186921320488,7.83884939505778,-1.6));
#15442=CARTESIAN_POINT('Ctrl Pts',(36.4356879114015,7.83243385992594,-1.5));
#15443=CARTESIAN_POINT('Ctrl Pts',(36.4356879114015,7.83243385992594,-1.6));
#15444=CARTESIAN_POINT('',(36.3281203890406,7.88403079175346,-1.5));
#15445=CARTESIAN_POINT('Ctrl Pts',(36.4356879114015,7.83243385992594,-1.5));
#15446=CARTESIAN_POINT('Ctrl Pts',(36.4186921320488,7.83884939505778,-1.5));
#15447=CARTESIAN_POINT('Ctrl Pts',(36.3813643074208,7.85293983276742,-1.5));
#15448=CARTESIAN_POINT('Ctrl Pts',(36.3468952798088,7.87306748596007,-1.5));
#15449=CARTESIAN_POINT('Ctrl Pts',(36.3281203890406,7.88403079175346,-1.5));
#15450=CARTESIAN_POINT('',(36.3281203890406,7.88403079175346,-1.6));
#15451=CARTESIAN_POINT('Ctrl Pts',(36.3281203890406,7.88403079175346,-1.6));
#15452=CARTESIAN_POINT('Ctrl Pts',(36.3468952798088,7.87306748596007,-1.6));
#15453=CARTESIAN_POINT('Ctrl Pts',(36.3813643074208,7.85293983276742,-1.6));
#15454=CARTESIAN_POINT('Ctrl Pts',(36.4186921320488,7.83884939505778,-1.6));
#15455=CARTESIAN_POINT('Ctrl Pts',(36.4356879114015,7.83243385992594,-1.6));
#15456=CARTESIAN_POINT('',(36.3281203890406,7.88403079175346,-1.5));
#15457=CARTESIAN_POINT('Origin',(36.3285027658062,7.97816377963743,-1.5));
#15458=CARTESIAN_POINT('',(36.3285027658062,7.97816377963743,-1.5));
#15459=CARTESIAN_POINT('',(36.3281203890406,7.88403079175346,-1.5));
#15460=CARTESIAN_POINT('',(36.3285027658062,7.97816377963743,-1.6));
#15461=CARTESIAN_POINT('',(36.3281203890406,7.88403079175346,-1.6));
#15462=CARTESIAN_POINT('',(36.3285027658062,7.97816377963743,-1.5));
#15463=CARTESIAN_POINT('Origin',(36.5351858660702,7.97732421407006,-1.5));
#15464=CARTESIAN_POINT('',(36.3285027658062,7.97816377963743,-1.5));
#15465=CARTESIAN_POINT('',(36.3285027658062,7.97816377963743,-1.6));
#15466=CARTESIAN_POINT('Origin',(35.4317371959042,8.1150783243326,-1.6));
#15467=CARTESIAN_POINT('Origin',(35.4317371959042,8.1150783243326,-1.5));
#15468=CARTESIAN_POINT('Origin',(35.5862156363277,8.61897416962788,-1.5));
#15469=CARTESIAN_POINT('',(35.8747535297206,8.61780210243969,-1.5));
#15470=CARTESIAN_POINT('',(35.5862156363277,8.61897416962788,-1.5));
#15471=CARTESIAN_POINT('',(35.8747535297206,8.61780210243969,-1.5));
#15472=CARTESIAN_POINT('',(35.8747535297206,8.61780210243969,-1.6));
#15473=CARTESIAN_POINT('',(35.8747535297206,8.61780210243969,-1.5));
#15474=CARTESIAN_POINT('',(35.5862156363277,8.61897416962788,-1.6));
#15475=CARTESIAN_POINT('',(35.8747535297206,8.61780210243969,-1.6));
#15476=CARTESIAN_POINT('',(35.5862156363277,8.61897416962788,-1.5));
#15477=CARTESIAN_POINT('Origin',(35.2074368282963,8.06730225768329,-1.5));
#15478=CARTESIAN_POINT('',(35.2074368282963,8.06730225768329,-1.5));
#15479=CARTESIAN_POINT('',(35.5862156363277,8.61897416962788,-1.5));
#15480=CARTESIAN_POINT('',(35.2074368282963,8.06730225768329,-1.6));
#15481=CARTESIAN_POINT('',(35.5862156363277,8.61897416962788,-1.6));
#15482=CARTESIAN_POINT('',(35.2074368282963,8.06730225768329,-1.5));
#15483=CARTESIAN_POINT('Origin',(35.2096839828126,8.62050367547965,-1.5));
#15484=CARTESIAN_POINT('',(35.2096839828126,8.62050367547965,-1.5));
#15485=CARTESIAN_POINT('',(35.2074368282963,8.06730225768329,-1.5));
#15486=CARTESIAN_POINT('',(35.2096839828126,8.62050367547965,-1.6));
#15487=CARTESIAN_POINT('',(35.2074368282963,8.06730225768329,-1.6));
#15488=CARTESIAN_POINT('',(35.2096839828126,8.62050367547965,-1.5));
#15489=CARTESIAN_POINT('Origin',(34.918417709315,8.62168682559619,-1.5));
#15490=CARTESIAN_POINT('',(34.918417709315,8.62168682559619,-1.5));
#15491=CARTESIAN_POINT('',(35.2096839828126,8.62050367547965,-1.5));
#15492=CARTESIAN_POINT('',(34.918417709315,8.62168682559619,-1.6));
#15493=CARTESIAN_POINT('',(35.2096839828126,8.62050367547965,-1.6));
#15494=CARTESIAN_POINT('',(34.918417709315,8.62168682559619,-1.5));
#15495=CARTESIAN_POINT('Origin',(34.9143556517388,7.62169506088481,-1.5));
#15496=CARTESIAN_POINT('',(34.9143556517388,7.62169506088481,-1.5));
#15497=CARTESIAN_POINT('',(34.918417709315,8.62168682559619,-1.5));
#15498=CARTESIAN_POINT('',(34.9143556517388,7.62169506088481,-1.6));
#15499=CARTESIAN_POINT('',(34.918417709315,8.62168682559619,-1.6));
#15500=CARTESIAN_POINT('',(34.9143556517388,7.62169506088481,-1.5));
#15501=CARTESIAN_POINT('Origin',(35.2056219252364,7.62051191076827,-1.5));
#15502=CARTESIAN_POINT('',(35.2056219252364,7.62051191076827,-1.5));
#15503=CARTESIAN_POINT('',(34.9143556517388,7.62169506088481,-1.5));
#15504=CARTESIAN_POINT('',(35.2056219252364,7.62051191076827,-1.6));
#15505=CARTESIAN_POINT('',(34.9143556517388,7.62169506088481,-1.6));
#15506=CARTESIAN_POINT('',(35.2056219252364,7.62051191076827,-1.5));
#15507=CARTESIAN_POINT('Origin',(35.5823377486862,8.16809941604425,-1.5));
#15508=CARTESIAN_POINT('',(35.5823377486862,8.16809941604425,-1.5));
#15509=CARTESIAN_POINT('',(35.2056219252364,7.62051191076827,-1.5));
#15510=CARTESIAN_POINT('',(35.5823377486862,8.16809941604425,-1.6));
#15511=CARTESIAN_POINT('',(35.2056219252364,7.62051191076827,-1.6));
#15512=CARTESIAN_POINT('',(35.5823377486862,8.16809941604425,-1.5));
#15513=CARTESIAN_POINT('Origin',(35.5801072191678,7.61899071741541,-1.5));
#15514=CARTESIAN_POINT('',(35.5801072191678,7.61899071741541,-1.5));
#15515=CARTESIAN_POINT('',(35.5823377486862,8.16809941604425,-1.5));
#15516=CARTESIAN_POINT('',(35.5801072191678,7.61899071741541,-1.6));
#15517=CARTESIAN_POINT('',(35.5823377486862,8.16809941604425,-1.6));
#15518=CARTESIAN_POINT('',(35.5801072191678,7.61899071741541,-1.5));
#15519=CARTESIAN_POINT('Origin',(35.8706914721443,7.61781033772831,-1.5));
#15520=CARTESIAN_POINT('',(35.8706914721443,7.61781033772831,-1.5));
#15521=CARTESIAN_POINT('',(35.5801072191678,7.61899071741541,-1.5));
#15522=CARTESIAN_POINT('',(35.8706914721443,7.61781033772831,-1.6));
#15523=CARTESIAN_POINT('',(35.5801072191678,7.61899071741541,-1.6));
#15524=CARTESIAN_POINT('',(35.8706914721443,7.61781033772831,-1.5));
#15525=CARTESIAN_POINT('Origin',(35.8747535297206,8.61780210243969,-1.5));
#15526=CARTESIAN_POINT('',(35.8706914721443,7.61781033772831,-1.5));
#15527=CARTESIAN_POINT('',(35.8706914721443,7.61781033772831,-1.6));
#15528=CARTESIAN_POINT('Origin',(35.4317371959042,8.1150783243326,-1.6));
#15529=CARTESIAN_POINT('Origin',(35.4317371959042,8.1150783243326,-1.5));
#15530=CARTESIAN_POINT('Origin',(34.3968649633715,7.85094771108168,-1.5));
#15531=CARTESIAN_POINT('',(34.399084409659,8.39732795510057,-1.5));
#15532=CARTESIAN_POINT('',(34.3968649633715,7.85094771108168,-1.5));
#15533=CARTESIAN_POINT('',(34.399084409659,8.39732795510057,-1.5));
#15534=CARTESIAN_POINT('',(34.399084409659,8.39732795510057,-1.6));
#15535=CARTESIAN_POINT('',(34.399084409659,8.39732795510057,-1.5));
#15536=CARTESIAN_POINT('',(34.3968649633715,7.85094771108168,-1.6));
#15537=CARTESIAN_POINT('',(34.399084409659,8.39732795510057,-1.6));
#15538=CARTESIAN_POINT('',(34.3968649633715,7.85094771108168,-1.5));
#15539=CARTESIAN_POINT('Origin',(34.3211495097622,7.85125527414652,-1.5));
#15540=CARTESIAN_POINT('',(34.3211495097622,7.85125527414652,-1.5));
#15541=CARTESIAN_POINT('',(34.3968649633715,7.85094771108168,-1.5));
#15542=CARTESIAN_POINT('',(34.3211495097622,7.85125527414652,-1.6));
#15543=CARTESIAN_POINT('',(34.3968649633715,7.85094771108168,-1.6));
#15544=CARTESIAN_POINT('',(34.3211495097622,7.85125527414652,-1.5));
#15545=CARTESIAN_POINT('Ctrl Pts',(34.1834466971117,7.87296074979283,-1.5));
#15546=CARTESIAN_POINT('Ctrl Pts',(34.1834466971117,7.87296074979283,-1.6));
#15547=CARTESIAN_POINT('Ctrl Pts',(34.2015807753302,7.86677020026469,-1.5));
#15548=CARTESIAN_POINT('Ctrl Pts',(34.2015807753302,7.86677020026469,-1.6));
#15549=CARTESIAN_POINT('Ctrl Pts',(34.2460637607951,7.85158475100378,-1.5));
#15550=CARTESIAN_POINT('Ctrl Pts',(34.2460637607951,7.85158475100378,-1.6));
#15551=CARTESIAN_POINT('Ctrl Pts',(34.2932182014301,7.85137783694725,-1.5));
#15552=CARTESIAN_POINT('Ctrl Pts',(34.2932182014301,7.85137783694725,-1.6));
#15553=CARTESIAN_POINT('Ctrl Pts',(34.3211495097622,7.85125527414652,-1.5));
#15554=CARTESIAN_POINT('Ctrl Pts',(34.3211495097622,7.85125527414652,-1.6));
#15555=CARTESIAN_POINT('',(34.1834466971117,7.87296074979283,-1.5));
#15556=CARTESIAN_POINT('Ctrl Pts',(34.3211495097622,7.85125527414652,-1.5));
#15557=CARTESIAN_POINT('Ctrl Pts',(34.2932182014301,7.85137783694725,-1.5));
#15558=CARTESIAN_POINT('Ctrl Pts',(34.2460637607951,7.85158475100378,-1.5));
#15559=CARTESIAN_POINT('Ctrl Pts',(34.2015807753302,7.86677020026469,-1.5));
#15560=CARTESIAN_POINT('Ctrl Pts',(34.1834466971117,7.87296074979283,-1.5));
#15561=CARTESIAN_POINT('',(34.1834466971117,7.87296074979283,-1.6));
#15562=CARTESIAN_POINT('Ctrl Pts',(34.1834466971117,7.87296074979283,-1.6));
#15563=CARTESIAN_POINT('Ctrl Pts',(34.2015807753302,7.86677020026469,-1.6));
#15564=CARTESIAN_POINT('Ctrl Pts',(34.2460637607951,7.85158475100378,-1.6));
#15565=CARTESIAN_POINT('Ctrl Pts',(34.2932182014301,7.85137783694725,-1.6));
#15566=CARTESIAN_POINT('Ctrl Pts',(34.3211495097622,7.85125527414652,-1.6));
#15567=CARTESIAN_POINT('',(34.1834466971117,7.87296074979283,-1.5));
#15568=CARTESIAN_POINT('Ctrl Pts',(34.1196320247142,7.94825479099775,-1.5));
#15569=CARTESIAN_POINT('Ctrl Pts',(34.1196320247142,7.94825479099775,-1.6));
#15570=CARTESIAN_POINT('Ctrl Pts',(34.1275744085453,7.93205402489235,-1.5));
#15571=CARTESIAN_POINT('Ctrl Pts',(34.1275744085453,7.93205402489235,-1.6));
#15572=CARTESIAN_POINT('Ctrl Pts',(34.1425503991083,7.90150620380189,-1.5));
#15573=CARTESIAN_POINT('Ctrl Pts',(34.1425503991083,7.90150620380189,-1.6));
#15574=CARTESIAN_POINT('Ctrl Pts',(34.170377467671,7.88208302017292,-1.5));
#15575=CARTESIAN_POINT('Ctrl Pts',(34.170377467671,7.88208302017292,-1.6));
#15576=CARTESIAN_POINT('Ctrl Pts',(34.1834466971117,7.87296074979283,-1.5));
#15577=CARTESIAN_POINT('Ctrl Pts',(34.1834466971117,7.87296074979283,-1.6));
#15578=CARTESIAN_POINT('',(34.1196320247142,7.94825479099775,-1.5));
#15579=CARTESIAN_POINT('Ctrl Pts',(34.1834466971117,7.87296074979283,-1.5));
#15580=CARTESIAN_POINT('Ctrl Pts',(34.170377467671,7.88208302017292,-1.5));
#15581=CARTESIAN_POINT('Ctrl Pts',(34.1425503991083,7.90150620380189,-1.5));
#15582=CARTESIAN_POINT('Ctrl Pts',(34.1275744085453,7.93205402489235,-1.5));
#15583=CARTESIAN_POINT('Ctrl Pts',(34.1196320247142,7.94825479099775,-1.5));
#15584=CARTESIAN_POINT('',(34.1196320247142,7.94825479099775,-1.6));
#15585=CARTESIAN_POINT('Ctrl Pts',(34.1196320247142,7.94825479099775,-1.6));
#15586=CARTESIAN_POINT('Ctrl Pts',(34.1275744085453,7.93205402489235,-1.6));
#15587=CARTESIAN_POINT('Ctrl Pts',(34.1425503991083,7.90150620380189,-1.6));
#15588=CARTESIAN_POINT('Ctrl Pts',(34.170377467671,7.88208302017292,-1.6));
#15589=CARTESIAN_POINT('Ctrl Pts',(34.1834466971117,7.87296074979283,-1.6));
#15590=CARTESIAN_POINT('',(34.1196320247142,7.94825479099775,-1.5));
#15591=CARTESIAN_POINT('Ctrl Pts',(34.0971463161846,8.12229030979702,-1.5));
#15592=CARTESIAN_POINT('Ctrl Pts',(34.0971463161846,8.12229030979702,-1.6));
#15593=CARTESIAN_POINT('Ctrl Pts',(34.097068758275,8.08750537193186,-1.5));
#15594=CARTESIAN_POINT('Ctrl Pts',(34.097068758275,8.08750537193186,-1.6));
#15595=CARTESIAN_POINT('Ctrl Pts',(34.0969369298265,8.02837994663956,-1.5));
#15596=CARTESIAN_POINT('Ctrl Pts',(34.0969369298265,8.02837994663956,-1.6));
#15597=CARTESIAN_POINT('Ctrl Pts',(34.1130136381924,7.9716210405235,-1.5));
#15598=CARTESIAN_POINT('Ctrl Pts',(34.1130136381924,7.9716210405235,-1.6));
#15599=CARTESIAN_POINT('Ctrl Pts',(34.1196320247142,7.94825479099775,-1.5));
#15600=CARTESIAN_POINT('Ctrl Pts',(34.1196320247142,7.94825479099775,-1.6));
#15601=CARTESIAN_POINT('',(34.0971463161846,8.12229030979702,-1.5));
#15602=CARTESIAN_POINT('Ctrl Pts',(34.1196320247142,7.94825479099775,-1.5));
#15603=CARTESIAN_POINT('Ctrl Pts',(34.1130136381924,7.9716210405235,-1.5));
#15604=CARTESIAN_POINT('Ctrl Pts',(34.0969369298265,8.02837994663956,-1.5));
#15605=CARTESIAN_POINT('Ctrl Pts',(34.097068758275,8.08750537193186,-1.5));
#15606=CARTESIAN_POINT('Ctrl Pts',(34.0971463161846,8.12229030979702,-1.5));
#15607=CARTESIAN_POINT('',(34.0971463161846,8.12229030979702,-1.6));
#15608=CARTESIAN_POINT('Ctrl Pts',(34.0971463161846,8.12229030979702,-1.6));
#15609=CARTESIAN_POINT('Ctrl Pts',(34.097068758275,8.08750537193186,-1.6));
#15610=CARTESIAN_POINT('Ctrl Pts',(34.0969369298265,8.02837994663956,-1.6));
#15611=CARTESIAN_POINT('Ctrl Pts',(34.1130136381924,7.9716210405235,-1.6));
#15612=CARTESIAN_POINT('Ctrl Pts',(34.1196320247142,7.94825479099775,-1.6));
#15613=CARTESIAN_POINT('',(34.0971463161846,8.12229030979702,-1.5));
#15614=CARTESIAN_POINT('Ctrl Pts',(34.1498715232656,8.33967675614587,-1.5));
#15615=CARTESIAN_POINT('Ctrl Pts',(34.1498715232656,8.33967675614587,-1.6));
#15616=CARTESIAN_POINT('Ctrl Pts',(34.1347659694055,8.31238085244328,-1.5));
#15617=CARTESIAN_POINT('Ctrl Pts',(34.1347659694055,8.31238085244328,-1.6));
#15618=CARTESIAN_POINT('Ctrl Pts',(34.097653975225,8.24531906651066,-1.5));
#15619=CARTESIAN_POINT('Ctrl Pts',(34.097653975225,8.24531906651066,-1.6));
#15620=CARTESIAN_POINT('Ctrl Pts',(34.097335288854,8.16808693846566,-1.5));
#15621=CARTESIAN_POINT('Ctrl Pts',(34.097335288854,8.16808693846566,-1.6));
#15622=CARTESIAN_POINT('Ctrl Pts',(34.0971463161846,8.12229030979702,-1.5));
#15623=CARTESIAN_POINT('Ctrl Pts',(34.0971463161846,8.12229030979702,-1.6));
#15624=CARTESIAN_POINT('',(34.1498715232656,8.33967675614587,-1.5));
#15625=CARTESIAN_POINT('Ctrl Pts',(34.0971463161846,8.12229030979702,-1.5));
#15626=CARTESIAN_POINT('Ctrl Pts',(34.097335288854,8.16808693846566,-1.5));
#15627=CARTESIAN_POINT('Ctrl Pts',(34.097653975225,8.24531906651066,-1.5));
#15628=CARTESIAN_POINT('Ctrl Pts',(34.1347659694055,8.31238085244328,-1.5));
#15629=CARTESIAN_POINT('Ctrl Pts',(34.1498715232656,8.33967675614587,-1.5));
#15630=CARTESIAN_POINT('',(34.1498715232656,8.33967675614587,-1.6));
#15631=CARTESIAN_POINT('Ctrl Pts',(34.1498715232656,8.33967675614587,-1.6));
#15632=CARTESIAN_POINT('Ctrl Pts',(34.1347659694055,8.31238085244328,-1.6));
#15633=CARTESIAN_POINT('Ctrl Pts',(34.097653975225,8.24531906651066,-1.6));
#15634=CARTESIAN_POINT('Ctrl Pts',(34.097335288854,8.16808693846566,-1.6));
#15635=CARTESIAN_POINT('Ctrl Pts',(34.0971463161846,8.12229030979702,-1.6));
#15636=CARTESIAN_POINT('',(34.1498715232656,8.33967675614587,-1.5));
#15637=CARTESIAN_POINT('Ctrl Pts',(34.3220046169869,8.39764106023488,-1.5));
#15638=CARTESIAN_POINT('Ctrl Pts',(34.3220046169869,8.39764106023488,-1.6));
#15639=CARTESIAN_POINT('Ctrl Pts',(34.2862374499114,8.39675533217946,-1.5));
#15640=CARTESIAN_POINT('Ctrl Pts',(34.2862374499114,8.39675533217946,-1.6));
#15641=CARTESIAN_POINT('Ctrl Pts',(34.2223677467955,8.39517368083365,-1.5));
#15642=CARTESIAN_POINT('Ctrl Pts',(34.2223677467955,8.39517368083365,-1.6));
#15643=CARTESIAN_POINT('Ctrl Pts',(34.1720230741383,8.35663409393038,-1.5));
#15644=CARTESIAN_POINT('Ctrl Pts',(34.1720230741383,8.35663409393038,-1.6));
#15645=CARTESIAN_POINT('Ctrl Pts',(34.1498715232656,8.33967675614587,-1.5));
#15646=CARTESIAN_POINT('Ctrl Pts',(34.1498715232656,8.33967675614587,-1.6));
#15647=CARTESIAN_POINT('',(34.3220046169869,8.39764106023488,-1.5));
#15648=CARTESIAN_POINT('Ctrl Pts',(34.1498715232656,8.33967675614587,-1.5));
#15649=CARTESIAN_POINT('Ctrl Pts',(34.1720230741383,8.35663409393038,-1.5));
#15650=CARTESIAN_POINT('Ctrl Pts',(34.2223677467955,8.39517368083365,-1.5));
#15651=CARTESIAN_POINT('Ctrl Pts',(34.2862374499114,8.39675533217946,-1.5));
#15652=CARTESIAN_POINT('Ctrl Pts',(34.3220046169869,8.39764106023488,-1.5));
#15653=CARTESIAN_POINT('',(34.3220046169869,8.39764106023488,-1.6));
#15654=CARTESIAN_POINT('Ctrl Pts',(34.3220046169869,8.39764106023488,-1.6));
#15655=CARTESIAN_POINT('Ctrl Pts',(34.2862374499114,8.39675533217946,-1.6));
#15656=CARTESIAN_POINT('Ctrl Pts',(34.2223677467955,8.39517368083365,-1.6));
#15657=CARTESIAN_POINT('Ctrl Pts',(34.1720230741383,8.35663409393038,-1.6));
#15658=CARTESIAN_POINT('Ctrl Pts',(34.1498715232656,8.33967675614587,-1.6));
#15659=CARTESIAN_POINT('',(34.3220046169869,8.39764106023488,-1.5));
#15660=CARTESIAN_POINT('Origin',(34.399084409659,8.39732795510057,-1.5));
#15661=CARTESIAN_POINT('',(34.3220046169869,8.39764106023488,-1.5));
#15662=CARTESIAN_POINT('',(34.3220046169869,8.39764106023488,-1.6));
#15663=CARTESIAN_POINT('Origin',(34.2499374637606,8.62440225320452,-1.5));
#15664=CARTESIAN_POINT('',(34.7090059681781,8.62253747515116,-1.5));
#15665=CARTESIAN_POINT('',(34.2499374637606,8.62440225320452,-1.5));
#15666=CARTESIAN_POINT('',(34.7090059681781,8.62253747515116,-1.5));
#15667=CARTESIAN_POINT('',(34.7090059681781,8.62253747515116,-1.6));
#15668=CARTESIAN_POINT('',(34.7090059681781,8.62253747515116,-1.5));
#15669=CARTESIAN_POINT('',(34.2499374637606,8.62440225320452,-1.6));
#15670=CARTESIAN_POINT('',(34.7090059681781,8.62253747515116,-1.6));
#15671=CARTESIAN_POINT('',(34.2499374637606,8.62440225320452,-1.5));
#15672=CARTESIAN_POINT('Ctrl Pts',(34.030826617661,8.58845707209599,-1.5));
#15673=CARTESIAN_POINT('Ctrl Pts',(34.030826617661,8.58845707209599,-1.6));
#15674=CARTESIAN_POINT('Ctrl Pts',(34.0627172309438,8.59904223908037,-1.5));
#15675=CARTESIAN_POINT('Ctrl Pts',(34.0627172309438,8.59904223908037,-1.6));
#15676=CARTESIAN_POINT('Ctrl Pts',(34.1337286892907,8.62261243943185,-1.5));
#15677=CARTESIAN_POINT('Ctrl Pts',(34.1337286892907,8.62261243943185,-1.6));
#15678=CARTESIAN_POINT('Ctrl Pts',(34.2086581540546,8.62376648127271,-1.5));
#15679=CARTESIAN_POINT('Ctrl Pts',(34.2086581540546,8.62376648127271,-1.6));
#15680=CARTESIAN_POINT('Ctrl Pts',(34.2499374637606,8.62440225320452,-1.5));
#15681=CARTESIAN_POINT('Ctrl Pts',(34.2499374637606,8.62440225320452,-1.6));
#15682=CARTESIAN_POINT('',(34.030826617661,8.58845707209599,-1.5));
#15683=CARTESIAN_POINT('Ctrl Pts',(34.2499374637606,8.62440225320452,-1.5));
#15684=CARTESIAN_POINT('Ctrl Pts',(34.2086581540546,8.62376648127271,-1.5));
#15685=CARTESIAN_POINT('Ctrl Pts',(34.1337286892907,8.62261243943185,-1.5));
#15686=CARTESIAN_POINT('Ctrl Pts',(34.0627172309438,8.59904223908037,-1.5));
#15687=CARTESIAN_POINT('Ctrl Pts',(34.030826617661,8.58845707209599,-1.5));
#15688=CARTESIAN_POINT('',(34.030826617661,8.58845707209599,-1.6));
#15689=CARTESIAN_POINT('Ctrl Pts',(34.030826617661,8.58845707209599,-1.6));
#15690=CARTESIAN_POINT('Ctrl Pts',(34.0627172309438,8.59904223908037,-1.6));
#15691=CARTESIAN_POINT('Ctrl Pts',(34.1337286892907,8.62261243943185,-1.6));
#15692=CARTESIAN_POINT('Ctrl Pts',(34.2086581540546,8.62376648127271,-1.6));
#15693=CARTESIAN_POINT('Ctrl Pts',(34.2499374637606,8.62440225320452,-1.6));
#15694=CARTESIAN_POINT('',(34.030826617661,8.58845707209599,-1.5));
#15695=CARTESIAN_POINT('Ctrl Pts',(33.8919262584284,8.48329050304776,-1.5));
#15696=CARTESIAN_POINT('Ctrl Pts',(33.8919262584284,8.48329050304776,-1.6));
#15697=CARTESIAN_POINT('Ctrl Pts',(33.9115758125885,8.50490521597393,-1.5));
#15698=CARTESIAN_POINT('Ctrl Pts',(33.9115758125885,8.50490521597393,-1.6));
#15699=CARTESIAN_POINT('Ctrl Pts',(33.9513080155892,8.54861105045706,-1.5));
#15700=CARTESIAN_POINT('Ctrl Pts',(33.9513080155892,8.54861105045706,-1.6));
#15701=CARTESIAN_POINT('Ctrl Pts',(34.0041284964997,8.57507889534492,-1.5));
#15702=CARTESIAN_POINT('Ctrl Pts',(34.0041284964997,8.57507889534492,-1.6));
#15703=CARTESIAN_POINT('Ctrl Pts',(34.030826617661,8.58845707209599,-1.5));
#15704=CARTESIAN_POINT('Ctrl Pts',(34.030826617661,8.58845707209599,-1.6));
#15705=CARTESIAN_POINT('',(33.8919262584284,8.48329050304776,-1.5));
#15706=CARTESIAN_POINT('Ctrl Pts',(34.030826617661,8.58845707209599,-1.5));
#15707=CARTESIAN_POINT('Ctrl Pts',(34.0041284964997,8.57507889534492,-1.5));
#15708=CARTESIAN_POINT('Ctrl Pts',(33.9513080155892,8.54861105045706,-1.5));
#15709=CARTESIAN_POINT('Ctrl Pts',(33.9115758125885,8.50490521597393,-1.5));
#15710=CARTESIAN_POINT('Ctrl Pts',(33.8919262584284,8.48329050304776,-1.5));
#15711=CARTESIAN_POINT('',(33.8919262584284,8.48329050304776,-1.6));
#15712=CARTESIAN_POINT('Ctrl Pts',(33.8919262584284,8.48329050304776,-1.6));
#15713=CARTESIAN_POINT('Ctrl Pts',(33.9115758125885,8.50490521597393,-1.6));
#15714=CARTESIAN_POINT('Ctrl Pts',(33.9513080155892,8.54861105045706,-1.6));
#15715=CARTESIAN_POINT('Ctrl Pts',(34.0041284964997,8.57507889534492,-1.6));
#15716=CARTESIAN_POINT('Ctrl Pts',(34.030826617661,8.58845707209599,-1.6));
#15717=CARTESIAN_POINT('',(33.8919262584284,8.48329050304776,-1.5));
#15718=CARTESIAN_POINT('Ctrl Pts',(33.8121488087915,8.3233131081803,-1.5));
#15719=CARTESIAN_POINT('Ctrl Pts',(33.8121488087915,8.3233131081803,-1.6));
#15720=CARTESIAN_POINT('Ctrl Pts',(33.8215244018313,8.35257722874649,-1.5));
#15721=CARTESIAN_POINT('Ctrl Pts',(33.8215244018313,8.35257722874649,-1.6));
#15722=CARTESIAN_POINT('Ctrl Pts',(33.8399242134444,8.41000872168298,-1.5));
#15723=CARTESIAN_POINT('Ctrl Pts',(33.8399242134444,8.41000872168298,-1.6));
#15724=CARTESIAN_POINT('Ctrl Pts',(33.8748143380796,8.45917622050134,-1.5));
#15725=CARTESIAN_POINT('Ctrl Pts',(33.8748143380796,8.45917622050134,-1.6));
#15726=CARTESIAN_POINT('Ctrl Pts',(33.8919262584284,8.48329050304776,-1.5));
#15727=CARTESIAN_POINT('Ctrl Pts',(33.8919262584284,8.48329050304776,-1.6));
#15728=CARTESIAN_POINT('',(33.8121488087915,8.3233131081803,-1.5));
#15729=CARTESIAN_POINT('Ctrl Pts',(33.8919262584284,8.48329050304776,-1.5));
#15730=CARTESIAN_POINT('Ctrl Pts',(33.8748143380796,8.45917622050134,-1.5));
#15731=CARTESIAN_POINT('Ctrl Pts',(33.8399242134444,8.41000872168298,-1.5));
#15732=CARTESIAN_POINT('Ctrl Pts',(33.8215244018313,8.35257722874649,-1.5));
#15733=CARTESIAN_POINT('Ctrl Pts',(33.8121488087915,8.3233131081803,-1.5));
#15734=CARTESIAN_POINT('',(33.8121488087915,8.3233131081803,-1.6));
#15735=CARTESIAN_POINT('Ctrl Pts',(33.8121488087915,8.3233131081803,-1.6));
#15736=CARTESIAN_POINT('Ctrl Pts',(33.8215244018313,8.35257722874649,-1.6));
#15737=CARTESIAN_POINT('Ctrl Pts',(33.8399242134444,8.41000872168298,-1.6));
#15738=CARTESIAN_POINT('Ctrl Pts',(33.8748143380796,8.45917622050134,-1.6));
#15739=CARTESIAN_POINT('Ctrl Pts',(33.8919262584284,8.48329050304776,-1.6));
#15740=CARTESIAN_POINT('',(33.8121488087915,8.3233131081803,-1.5));
#15741=CARTESIAN_POINT('Ctrl Pts',(33.7868055737933,8.12968997317934,-1.5));
#15742=CARTESIAN_POINT('Ctrl Pts',(33.7868055737933,8.12968997317934,-1.6));
#15743=CARTESIAN_POINT('Ctrl Pts',(33.7878810591227,8.1630245146728,-1.5));
#15744=CARTESIAN_POINT('Ctrl Pts',(33.7878810591227,8.1630245146728,-1.6));
#15745=CARTESIAN_POINT('Ctrl Pts',(33.7899904092932,8.22840357550912,-1.5));
#15746=CARTESIAN_POINT('Ctrl Pts',(33.7899904092932,8.22840357550912,-1.6));
#15747=CARTESIAN_POINT('Ctrl Pts',(33.8048604781838,8.29209550819157,-1.5));
#15748=CARTESIAN_POINT('Ctrl Pts',(33.8048604781838,8.29209550819157,-1.6));
#15749=CARTESIAN_POINT('Ctrl Pts',(33.8121488087915,8.3233131081803,-1.5));
#15750=CARTESIAN_POINT('Ctrl Pts',(33.8121488087915,8.3233131081803,-1.6));
#15751=CARTESIAN_POINT('',(33.7868055737933,8.12968997317934,-1.5));
#15752=CARTESIAN_POINT('Ctrl Pts',(33.8121488087915,8.3233131081803,-1.5));
#15753=CARTESIAN_POINT('Ctrl Pts',(33.8048604781838,8.29209550819157,-1.5));
#15754=CARTESIAN_POINT('Ctrl Pts',(33.7899904092932,8.22840357550912,-1.5));
#15755=CARTESIAN_POINT('Ctrl Pts',(33.7878810591227,8.1630245146728,-1.5));
#15756=CARTESIAN_POINT('Ctrl Pts',(33.7868055737933,8.12968997317934,-1.5));
#15757=CARTESIAN_POINT('',(33.7868055737933,8.12968997317934,-1.6));
#15758=CARTESIAN_POINT('Ctrl Pts',(33.7868055737933,8.12968997317934,-1.6));
#15759=CARTESIAN_POINT('Ctrl Pts',(33.7878810591227,8.1630245146728,-1.6));
#15760=CARTESIAN_POINT('Ctrl Pts',(33.7899904092932,8.22840357550912,-1.6));
#15761=CARTESIAN_POINT('Ctrl Pts',(33.8048604781838,8.29209550819157,-1.6));
#15762=CARTESIAN_POINT('Ctrl Pts',(33.8121488087915,8.3233131081803,-1.6));
#15763=CARTESIAN_POINT('',(33.7868055737933,8.12968997317934,-1.5));
#15764=CARTESIAN_POINT('Ctrl Pts',(33.8226286888373,7.88056575444974,-1.5));
#15765=CARTESIAN_POINT('Ctrl Pts',(33.8226286888373,7.88056575444974,-1.6));
#15766=CARTESIAN_POINT('Ctrl Pts',(33.8120739306027,7.91589735853599,-1.5));
#15767=CARTESIAN_POINT('Ctrl Pts',(33.8120739306027,7.91589735853599,-1.6));
#15768=CARTESIAN_POINT('Ctrl Pts',(33.7878405469367,7.99701757922985,-1.5));
#15769=CARTESIAN_POINT('Ctrl Pts',(33.7878405469367,7.99701757922985,-1.6));
#15770=CARTESIAN_POINT('Ctrl Pts',(33.787178991354,8.08182186950634,-1.5));
#15771=CARTESIAN_POINT('Ctrl Pts',(33.787178991354,8.08182186950634,-1.6));
#15772=CARTESIAN_POINT('Ctrl Pts',(33.7868055737933,8.12968997317934,-1.5));
#15773=CARTESIAN_POINT('Ctrl Pts',(33.7868055737933,8.12968997317934,-1.6));
#15774=CARTESIAN_POINT('',(33.8226286888373,7.88056575444974,-1.5));
#15775=CARTESIAN_POINT('Ctrl Pts',(33.7868055737933,8.12968997317934,-1.5));
#15776=CARTESIAN_POINT('Ctrl Pts',(33.787178991354,8.08182186950634,-1.5));
#15777=CARTESIAN_POINT('Ctrl Pts',(33.7878405469367,7.99701757922985,-1.5));
#15778=CARTESIAN_POINT('Ctrl Pts',(33.8120739306027,7.91589735853599,-1.5));
#15779=CARTESIAN_POINT('Ctrl Pts',(33.8226286888373,7.88056575444974,-1.5));
#15780=CARTESIAN_POINT('',(33.8226286888373,7.88056575444974,-1.6));
#15781=CARTESIAN_POINT('Ctrl Pts',(33.8226286888373,7.88056575444974,-1.6));
#15782=CARTESIAN_POINT('Ctrl Pts',(33.8120739306027,7.91589735853599,-1.6));
#15783=CARTESIAN_POINT('Ctrl Pts',(33.7878405469367,7.99701757922985,-1.6));
#15784=CARTESIAN_POINT('Ctrl Pts',(33.787178991354,8.08182186950634,-1.6));
#15785=CARTESIAN_POINT('Ctrl Pts',(33.7868055737933,8.12968997317934,-1.6));
#15786=CARTESIAN_POINT('',(33.8226286888373,7.88056575444974,-1.5));
#15787=CARTESIAN_POINT('Ctrl Pts',(33.9229816516267,7.73213501354927,-1.5));
#15788=CARTESIAN_POINT('Ctrl Pts',(33.9229816516267,7.73213501354927,-1.6));
#15789=CARTESIAN_POINT('Ctrl Pts',(33.9025515177585,7.75366438436675,-1.5));
#15790=CARTESIAN_POINT('Ctrl Pts',(33.9025515177585,7.75366438436675,-1.6));
#15791=CARTESIAN_POINT('Ctrl Pts',(33.8608914913309,7.79756591545857,-1.5));
#15792=CARTESIAN_POINT('Ctrl Pts',(33.8608914913309,7.79756591545857,-1.6));
#15793=CARTESIAN_POINT('Ctrl Pts',(33.8355451498384,7.85254731059401,-1.5));
#15794=CARTESIAN_POINT('Ctrl Pts',(33.8355451498384,7.85254731059401,-1.6));
#15795=CARTESIAN_POINT('Ctrl Pts',(33.8226286888373,7.88056575444974,-1.5));
#15796=CARTESIAN_POINT('Ctrl Pts',(33.8226286888373,7.88056575444974,-1.6));
#15797=CARTESIAN_POINT('',(33.9229816516267,7.73213501354927,-1.5));
#15798=CARTESIAN_POINT('Ctrl Pts',(33.8226286888373,7.88056575444974,-1.5));
#15799=CARTESIAN_POINT('Ctrl Pts',(33.8355451498384,7.85254731059401,-1.5));
#15800=CARTESIAN_POINT('Ctrl Pts',(33.8608914913309,7.79756591545857,-1.5));
#15801=CARTESIAN_POINT('Ctrl Pts',(33.9025515177585,7.75366438436675,-1.5));
#15802=CARTESIAN_POINT('Ctrl Pts',(33.9229816516267,7.73213501354927,-1.5));
#15803=CARTESIAN_POINT('',(33.9229816516267,7.73213501354927,-1.6));
#15804=CARTESIAN_POINT('Ctrl Pts',(33.9229816516267,7.73213501354927,-1.6));
#15805=CARTESIAN_POINT('Ctrl Pts',(33.9025515177585,7.75366438436675,-1.6));
#15806=CARTESIAN_POINT('Ctrl Pts',(33.8608914913309,7.79756591545857,-1.6));
#15807=CARTESIAN_POINT('Ctrl Pts',(33.8355451498384,7.85254731059401,-1.6));
#15808=CARTESIAN_POINT('Ctrl Pts',(33.8226286888373,7.88056575444974,-1.6));
#15809=CARTESIAN_POINT('',(33.9229816516267,7.73213501354927,-1.5));
#15810=CARTESIAN_POINT('Ctrl Pts',(34.0618132811252,7.65244345993614,-1.5));
#15811=CARTESIAN_POINT('Ctrl Pts',(34.0618132811252,7.65244345993614,-1.6));
#15812=CARTESIAN_POINT('Ctrl Pts',(34.0371140707736,7.66110975362189,-1.5));
#15813=CARTESIAN_POINT('Ctrl Pts',(34.0371140707736,7.66110975362189,-1.6));
#15814=CARTESIAN_POINT('Ctrl Pts',(33.985943305648,7.67906420934698,-1.5));
#15815=CARTESIAN_POINT('Ctrl Pts',(33.985943305648,7.67906420934698,-1.6));
#15816=CARTESIAN_POINT('Ctrl Pts',(33.9444479457204,7.71404092900676,-1.5));
#15817=CARTESIAN_POINT('Ctrl Pts',(33.9444479457204,7.71404092900676,-1.6));
#15818=CARTESIAN_POINT('Ctrl Pts',(33.9229816516267,7.73213501354927,-1.5));
#15819=CARTESIAN_POINT('Ctrl Pts',(33.9229816516267,7.73213501354927,-1.6));
#15820=CARTESIAN_POINT('',(34.0618132811252,7.65244345993614,-1.5));
#15821=CARTESIAN_POINT('Ctrl Pts',(33.9229816516267,7.73213501354927,-1.5));
#15822=CARTESIAN_POINT('Ctrl Pts',(33.9444479457204,7.71404092900676,-1.5));
#15823=CARTESIAN_POINT('Ctrl Pts',(33.985943305648,7.67906420934698,-1.5));
#15824=CARTESIAN_POINT('Ctrl Pts',(34.0371140707736,7.66110975362189,-1.5));
#15825=CARTESIAN_POINT('Ctrl Pts',(34.0618132811252,7.65244345993614,-1.5));
#15826=CARTESIAN_POINT('',(34.0618132811252,7.65244345993614,-1.6));
#15827=CARTESIAN_POINT('Ctrl Pts',(34.0618132811252,7.65244345993614,-1.6));
#15828=CARTESIAN_POINT('Ctrl Pts',(34.0371140707736,7.66110975362189,-1.6));
#15829=CARTESIAN_POINT('Ctrl Pts',(33.985943305648,7.67906420934698,-1.6));
#15830=CARTESIAN_POINT('Ctrl Pts',(33.9444479457204,7.71404092900676,-1.6));
#15831=CARTESIAN_POINT('Ctrl Pts',(33.9229816516267,7.73213501354927,-1.6));
#15832=CARTESIAN_POINT('',(34.0618132811252,7.65244345993614,-1.5));
#15833=CARTESIAN_POINT('Ctrl Pts',(34.2458754061844,7.62441048849315,-1.5));
#15834=CARTESIAN_POINT('Ctrl Pts',(34.2458754061844,7.62441048849315,-1.6));
#15835=CARTESIAN_POINT('Ctrl Pts',(34.2166499911658,7.6259204045339,-1.5));
#15836=CARTESIAN_POINT('Ctrl Pts',(34.2166499911658,7.6259204045339,-1.6));
#15837=CARTESIAN_POINT('Ctrl Pts',(34.1543877227375,7.62913715262026,-1.5));
#15838=CARTESIAN_POINT('Ctrl Pts',(34.1543877227375,7.62913715262026,-1.6));
#15839=CARTESIAN_POINT('Ctrl Pts',(34.0939055837409,7.64436398298539,-1.5));
#15840=CARTESIAN_POINT('Ctrl Pts',(34.0939055837409,7.64436398298539,-1.6));
#15841=CARTESIAN_POINT('Ctrl Pts',(34.0618132811252,7.65244345993614,-1.5));
#15842=CARTESIAN_POINT('Ctrl Pts',(34.0618132811252,7.65244345993614,-1.6));
#15843=CARTESIAN_POINT('',(34.2458754061844,7.62441048849315,-1.5));
#15844=CARTESIAN_POINT('Ctrl Pts',(34.0618132811252,7.65244345993614,-1.5));
#15845=CARTESIAN_POINT('Ctrl Pts',(34.0939055837409,7.64436398298539,-1.5));
#15846=CARTESIAN_POINT('Ctrl Pts',(34.1543877227375,7.62913715262026,-1.5));
#15847=CARTESIAN_POINT('Ctrl Pts',(34.2166499911658,7.6259204045339,-1.5));
#15848=CARTESIAN_POINT('Ctrl Pts',(34.2458754061844,7.62441048849315,-1.5));
#15849=CARTESIAN_POINT('',(34.2458754061844,7.62441048849315,-1.6));
#15850=CARTESIAN_POINT('Ctrl Pts',(34.2458754061844,7.62441048849315,-1.6));
#15851=CARTESIAN_POINT('Ctrl Pts',(34.2166499911658,7.6259204045339,-1.6));
#15852=CARTESIAN_POINT('Ctrl Pts',(34.1543877227375,7.62913715262026,-1.6));
#15853=CARTESIAN_POINT('Ctrl Pts',(34.0939055837409,7.64436398298539,-1.6));
#15854=CARTESIAN_POINT('Ctrl Pts',(34.0618132811252,7.65244345993614,-1.6));
#15855=CARTESIAN_POINT('',(34.2458754061844,7.62441048849315,-1.5));
#15856=CARTESIAN_POINT('Origin',(34.7049439106019,7.62254571043979,-1.5));
#15857=CARTESIAN_POINT('',(34.7049439106019,7.62254571043979,-1.5));
#15858=CARTESIAN_POINT('',(34.2458754061844,7.62441048849315,-1.5));
#15859=CARTESIAN_POINT('',(34.7049439106019,7.62254571043979,-1.6));
#15860=CARTESIAN_POINT('',(34.2458754061844,7.62441048849315,-1.6));
#15861=CARTESIAN_POINT('',(34.7049439106019,7.62254571043979,-1.5));
#15862=CARTESIAN_POINT('Origin',(34.7090059681781,8.62253747515116,-1.5));
#15863=CARTESIAN_POINT('',(34.7049439106019,7.62254571043979,-1.5));
#15864=CARTESIAN_POINT('',(34.7049439106019,7.62254571043979,-1.6));
#15865=CARTESIAN_POINT('Origin',(35.4317371959042,8.1150783243326,-1.6));
#15866=CARTESIAN_POINT('Origin',(35.4317371959042,8.1150783243326,-1.5));
#15867=CARTESIAN_POINT('Origin',(34.9538815514472,10.4882765993917,-1.5));
#15868=CARTESIAN_POINT('',(35.225016730274,10.5690312556353,-1.5));
#15869=CARTESIAN_POINT('',(34.9538815514472,10.4882765993917,-1.5));
#15870=CARTESIAN_POINT('',(35.225016730274,10.5690312556353,-1.5));
#15871=CARTESIAN_POINT('',(35.225016730274,10.5690312556353,-1.6));
#15872=CARTESIAN_POINT('',(35.225016730274,10.5690312556353,-1.5));
#15873=CARTESIAN_POINT('',(34.9538815514472,10.4882765993917,-1.6));
#15874=CARTESIAN_POINT('',(35.225016730274,10.5690312556353,-1.6));
#15875=CARTESIAN_POINT('',(34.9538815514472,10.4882765993917,-1.5));
#15876=CARTESIAN_POINT('Ctrl Pts',(35.0390560355713,10.2976152862804,-1.5));
#15877=CARTESIAN_POINT('Ctrl Pts',(35.0390560355713,10.2976152862804,-1.6));
#15878=CARTESIAN_POINT('Ctrl Pts',(35.0207217479231,10.3255917031194,-1.5));
#15879=CARTESIAN_POINT('Ctrl Pts',(35.0207217479231,10.3255917031194,-1.6));
#15880=CARTESIAN_POINT('Ctrl Pts',(34.9821076418545,10.3845132357128,-1.5));
#15881=CARTESIAN_POINT('Ctrl Pts',(34.9821076418545,10.3845132357128,-1.6));
#15882=CARTESIAN_POINT('Ctrl Pts',(34.9636010597521,10.4525462215581,-1.5));
#15883=CARTESIAN_POINT('Ctrl Pts',(34.9636010597521,10.4525462215581,-1.6));
#15884=CARTESIAN_POINT('Ctrl Pts',(34.9538815514472,10.4882765993917,-1.5));
#15885=CARTESIAN_POINT('Ctrl Pts',(34.9538815514472,10.4882765993917,-1.6));
#15886=CARTESIAN_POINT('',(35.0390560355713,10.2976152862804,-1.5));
#15887=CARTESIAN_POINT('Ctrl Pts',(34.9538815514472,10.4882765993917,-1.5));
#15888=CARTESIAN_POINT('Ctrl Pts',(34.9636010597521,10.4525462215581,-1.5));
#15889=CARTESIAN_POINT('Ctrl Pts',(34.9821076418545,10.3845132357128,-1.5));
#15890=CARTESIAN_POINT('Ctrl Pts',(35.0207217479231,10.3255917031194,-1.5));
#15891=CARTESIAN_POINT('Ctrl Pts',(35.0390560355713,10.2976152862804,-1.5));
#15892=CARTESIAN_POINT('',(35.0390560355713,10.2976152862804,-1.6));
#15893=CARTESIAN_POINT('Ctrl Pts',(35.0390560355713,10.2976152862804,-1.6));
#15894=CARTESIAN_POINT('Ctrl Pts',(35.0207217479231,10.3255917031194,-1.6));
#15895=CARTESIAN_POINT('Ctrl Pts',(34.9821076418545,10.3845132357128,-1.6));
#15896=CARTESIAN_POINT('Ctrl Pts',(34.9636010597521,10.4525462215581,-1.6));
#15897=CARTESIAN_POINT('Ctrl Pts',(34.9538815514472,10.4882765993917,-1.6));
#15898=CARTESIAN_POINT('',(35.0390560355713,10.2976152862804,-1.5));
#15899=CARTESIAN_POINT('Ctrl Pts',(35.1845619097912,10.1817435727545,-1.5));
#15900=CARTESIAN_POINT('Ctrl Pts',(35.1845619097912,10.1817435727545,-1.6));
#15901=CARTESIAN_POINT('Ctrl Pts',(35.1566910459964,10.1964063118924,-1.5));
#15902=CARTESIAN_POINT('Ctrl Pts',(35.1566910459964,10.1964063118924,-1.6));
#15903=CARTESIAN_POINT('Ctrl Pts',(35.1008358396467,10.225791490846,-1.5));
#15904=CARTESIAN_POINT('Ctrl Pts',(35.1008358396467,10.225791490846,-1.6));
#15905=CARTESIAN_POINT('Ctrl Pts',(35.0596771770589,10.2736416160819,-1.5));
#15906=CARTESIAN_POINT('Ctrl Pts',(35.0596771770589,10.2736416160819,-1.6));
#15907=CARTESIAN_POINT('Ctrl Pts',(35.0390560355713,10.2976152862804,-1.5));
#15908=CARTESIAN_POINT('Ctrl Pts',(35.0390560355713,10.2976152862804,-1.6));
#15909=CARTESIAN_POINT('',(35.1845619097912,10.1817435727545,-1.5));
#15910=CARTESIAN_POINT('Ctrl Pts',(35.0390560355713,10.2976152862804,-1.5));
#15911=CARTESIAN_POINT('Ctrl Pts',(35.0596771770589,10.2736416160819,-1.5));
#15912=CARTESIAN_POINT('Ctrl Pts',(35.1008358396467,10.225791490846,-1.5));
#15913=CARTESIAN_POINT('Ctrl Pts',(35.1566910459964,10.1964063118924,-1.5));
#15914=CARTESIAN_POINT('Ctrl Pts',(35.1845619097912,10.1817435727545,-1.5));
#15915=CARTESIAN_POINT('',(35.1845619097912,10.1817435727545,-1.6));
#15916=CARTESIAN_POINT('Ctrl Pts',(35.1845619097912,10.1817435727545,-1.6));
#15917=CARTESIAN_POINT('Ctrl Pts',(35.1566910459964,10.1964063118924,-1.6));
#15918=CARTESIAN_POINT('Ctrl Pts',(35.1008358396467,10.225791490846,-1.6));
#15919=CARTESIAN_POINT('Ctrl Pts',(35.0596771770589,10.2736416160819,-1.6));
#15920=CARTESIAN_POINT('Ctrl Pts',(35.0390560355713,10.2976152862804,-1.6));
#15921=CARTESIAN_POINT('',(35.1845619097912,10.1817435727545,-1.5));
#15922=CARTESIAN_POINT('Ctrl Pts',(35.4054117008148,10.141964838139,-1.5));
#15923=CARTESIAN_POINT('Ctrl Pts',(35.4054117008148,10.141964838139,-1.6));
#15924=CARTESIAN_POINT('Ctrl Pts',(35.3641789884994,10.1430927594329,-1.5));
#15925=CARTESIAN_POINT('Ctrl Pts',(35.3641789884994,10.1430927594329,-1.6));
#15926=CARTESIAN_POINT('Ctrl Pts',(35.2884398262478,10.14516460504,-1.5));
#15927=CARTESIAN_POINT('Ctrl Pts',(35.2884398262478,10.14516460504,-1.6));
#15928=CARTESIAN_POINT('Ctrl Pts',(35.2170752956082,10.1702944974298,-1.5));
#15929=CARTESIAN_POINT('Ctrl Pts',(35.2170752956082,10.1702944974298,-1.6));
#15930=CARTESIAN_POINT('Ctrl Pts',(35.1845619097912,10.1817435727545,-1.5));
#15931=CARTESIAN_POINT('Ctrl Pts',(35.1845619097912,10.1817435727545,-1.6));
#15932=CARTESIAN_POINT('',(35.4054117008148,10.141964838139,-1.5));
#15933=CARTESIAN_POINT('Ctrl Pts',(35.1845619097912,10.1817435727545,-1.5));
#15934=CARTESIAN_POINT('Ctrl Pts',(35.2170752956082,10.1702944974298,-1.5));
#15935=CARTESIAN_POINT('Ctrl Pts',(35.2884398262478,10.14516460504,-1.5));
#15936=CARTESIAN_POINT('Ctrl Pts',(35.3641789884994,10.1430927594329,-1.5));
#15937=CARTESIAN_POINT('Ctrl Pts',(35.4054117008148,10.141964838139,-1.5));
#15938=CARTESIAN_POINT('',(35.4054117008148,10.141964838139,-1.6));
#15939=CARTESIAN_POINT('Ctrl Pts',(35.4054117008148,10.141964838139,-1.6));
#15940=CARTESIAN_POINT('Ctrl Pts',(35.3641789884994,10.1430927594329,-1.6));
#15941=CARTESIAN_POINT('Ctrl Pts',(35.2884398262478,10.14516460504,-1.6));
#15942=CARTESIAN_POINT('Ctrl Pts',(35.2170752956082,10.1702944974298,-1.6));
#15943=CARTESIAN_POINT('Ctrl Pts',(35.1845619097912,10.1817435727545,-1.6));
#15944=CARTESIAN_POINT('',(35.4054117008148,10.141964838139,-1.5));
#15945=CARTESIAN_POINT('Ctrl Pts',(35.6723128473874,10.1879478574462,-1.5));
#15946=CARTESIAN_POINT('Ctrl Pts',(35.6723128473874,10.1879478574462,-1.6));
#15947=CARTESIAN_POINT('Ctrl Pts',(35.6331109775156,10.1744094284726,-1.5));
#15948=CARTESIAN_POINT('Ctrl Pts',(35.6331109775156,10.1744094284726,-1.6));
#15949=CARTESIAN_POINT('Ctrl Pts',(35.546784220338,10.1445963436785,-1.5));
#15950=CARTESIAN_POINT('Ctrl Pts',(35.546784220338,10.1445963436785,-1.6));
#15951=CARTESIAN_POINT('Ctrl Pts',(35.4553336337851,10.1428940841028,-1.5));
#15952=CARTESIAN_POINT('Ctrl Pts',(35.4553336337851,10.1428940841028,-1.6));
#15953=CARTESIAN_POINT('Ctrl Pts',(35.4054117008148,10.141964838139,-1.5));
#15954=CARTESIAN_POINT('Ctrl Pts',(35.4054117008148,10.141964838139,-1.6));
#15955=CARTESIAN_POINT('',(35.6723128473874,10.1879478574462,-1.5));
#15956=CARTESIAN_POINT('Ctrl Pts',(35.4054117008148,10.141964838139,-1.5));
#15957=CARTESIAN_POINT('Ctrl Pts',(35.4553336337851,10.1428940841028,-1.5));
#15958=CARTESIAN_POINT('Ctrl Pts',(35.546784220338,10.1445963436785,-1.5));
#15959=CARTESIAN_POINT('Ctrl Pts',(35.6331109775156,10.1744094284726,-1.5));
#15960=CARTESIAN_POINT('Ctrl Pts',(35.6723128473874,10.1879478574462,-1.5));
#15961=CARTESIAN_POINT('',(35.6723128473874,10.1879478574462,-1.6));
#15962=CARTESIAN_POINT('Ctrl Pts',(35.6723128473874,10.1879478574462,-1.6));
#15963=CARTESIAN_POINT('Ctrl Pts',(35.6331109775156,10.1744094284726,-1.6));
#15964=CARTESIAN_POINT('Ctrl Pts',(35.546784220338,10.1445963436785,-1.6));
#15965=CARTESIAN_POINT('Ctrl Pts',(35.4553336337851,10.1428940841028,-1.6));
#15966=CARTESIAN_POINT('Ctrl Pts',(35.4054117008148,10.141964838139,-1.6));
#15967=CARTESIAN_POINT('',(35.6723128473874,10.1879478574462,-1.5));
#15968=CARTESIAN_POINT('Ctrl Pts',(35.8510257331283,10.3543447284034,-1.5));
#15969=CARTESIAN_POINT('Ctrl Pts',(35.8510257331283,10.3543447284034,-1.6));
#15970=CARTESIAN_POINT('Ctrl Pts',(35.8257989633913,10.318173580178,-1.5));
#15971=CARTESIAN_POINT('Ctrl Pts',(35.8257989633913,10.318173580178,-1.6));
#15972=CARTESIAN_POINT('Ctrl Pts',(35.7780838669522,10.2497577725307,-1.5));
#15973=CARTESIAN_POINT('Ctrl Pts',(35.7780838669522,10.2497577725307,-1.6));
#15974=CARTESIAN_POINT('Ctrl Pts',(35.7061945747614,10.2077474840407,-1.5));
#15975=CARTESIAN_POINT('Ctrl Pts',(35.7061945747614,10.2077474840407,-1.6));
#15976=CARTESIAN_POINT('Ctrl Pts',(35.6723128473874,10.1879478574462,-1.5));
#15977=CARTESIAN_POINT('Ctrl Pts',(35.6723128473874,10.1879478574462,-1.6));
#15978=CARTESIAN_POINT('',(35.8510257331283,10.3543447284034,-1.5));
#15979=CARTESIAN_POINT('Ctrl Pts',(35.6723128473874,10.1879478574462,-1.5));
#15980=CARTESIAN_POINT('Ctrl Pts',(35.7061945747614,10.2077474840407,-1.5));
#15981=CARTESIAN_POINT('Ctrl Pts',(35.7780838669522,10.2497577725307,-1.5));
#15982=CARTESIAN_POINT('Ctrl Pts',(35.8257989633913,10.318173580178,-1.5));
#15983=CARTESIAN_POINT('Ctrl Pts',(35.8510257331283,10.3543447284034,-1.5));
#15984=CARTESIAN_POINT('',(35.8510257331283,10.3543447284034,-1.6));
#15985=CARTESIAN_POINT('Ctrl Pts',(35.8510257331283,10.3543447284034,-1.6));
#15986=CARTESIAN_POINT('Ctrl Pts',(35.8257989633913,10.318173580178,-1.6));
#15987=CARTESIAN_POINT('Ctrl Pts',(35.7780838669522,10.2497577725307,-1.6));
#15988=CARTESIAN_POINT('Ctrl Pts',(35.7061945747614,10.2077474840407,-1.6));
#15989=CARTESIAN_POINT('Ctrl Pts',(35.6723128473874,10.1879478574462,-1.6));
#15990=CARTESIAN_POINT('',(35.8510257331283,10.3543447284034,-1.5));
#15991=CARTESIAN_POINT('Ctrl Pts',(35.9273005044308,10.6596308753623,-1.5));
#15992=CARTESIAN_POINT('Ctrl Pts',(35.9273005044308,10.6596308753623,-1.6));
#15993=CARTESIAN_POINT('Ctrl Pts',(35.9249650690422,10.6020717773385,-1.5));
#15994=CARTESIAN_POINT('Ctrl Pts',(35.9249650690422,10.6020717773385,-1.6));
#15995=CARTESIAN_POINT('Ctrl Pts',(35.9206130260218,10.4948114043752,-1.5));
#15996=CARTESIAN_POINT('Ctrl Pts',(35.9206130260218,10.4948114043752,-1.6));
#15997=CARTESIAN_POINT('Ctrl Pts',(35.8730602697339,10.3988229367785,-1.5));
#15998=CARTESIAN_POINT('Ctrl Pts',(35.8730602697339,10.3988229367785,-1.6));
#15999=CARTESIAN_POINT('Ctrl Pts',(35.8510257331283,10.3543447284034,-1.5));
#16000=CARTESIAN_POINT('Ctrl Pts',(35.8510257331283,10.3543447284034,-1.6));
#16001=CARTESIAN_POINT('',(35.9273005044308,10.6596308753623,-1.5));
#16002=CARTESIAN_POINT('Ctrl Pts',(35.8510257331283,10.3543447284034,-1.5));
#16003=CARTESIAN_POINT('Ctrl Pts',(35.8730602697339,10.3988229367785,-1.5));
#16004=CARTESIAN_POINT('Ctrl Pts',(35.9206130260218,10.4948114043752,-1.5));
#16005=CARTESIAN_POINT('Ctrl Pts',(35.9249650690422,10.6020717773385,-1.5));
#16006=CARTESIAN_POINT('Ctrl Pts',(35.9273005044308,10.6596308753623,-1.5));
#16007=CARTESIAN_POINT('',(35.9273005044308,10.6596308753623,-1.6));
#16008=CARTESIAN_POINT('Ctrl Pts',(35.9273005044308,10.6596308753623,-1.6));
#16009=CARTESIAN_POINT('Ctrl Pts',(35.9249650690422,10.6020717773385,-1.6));
#16010=CARTESIAN_POINT('Ctrl Pts',(35.9206130260218,10.4948114043752,-1.6));
#16011=CARTESIAN_POINT('Ctrl Pts',(35.8730602697339,10.3988229367785,-1.6));
#16012=CARTESIAN_POINT('Ctrl Pts',(35.8510257331283,10.3543447284034,-1.6));
#16013=CARTESIAN_POINT('',(35.9273005044308,10.6596308753623,-1.5));
#16014=CARTESIAN_POINT('Ctrl Pts',(35.7971997766948,11.0414722648622,-1.5));
#16015=CARTESIAN_POINT('Ctrl Pts',(35.7971997766948,11.0414722648622,-1.6));
#16016=CARTESIAN_POINT('Ctrl Pts',(35.8353236116121,10.9893411812907,-1.5));
#16017=CARTESIAN_POINT('Ctrl Pts',(35.8353236116121,10.9893411812907,-1.6));
#16018=CARTESIAN_POINT('Ctrl Pts',(35.9180770304995,10.8761829587455,-1.5));
#16019=CARTESIAN_POINT('Ctrl Pts',(35.9180770304995,10.8761829587455,-1.6));
#16020=CARTESIAN_POINT('Ctrl Pts',(35.9240689916302,10.7355015109452,-1.5));
#16021=CARTESIAN_POINT('Ctrl Pts',(35.9240689916302,10.7355015109452,-1.6));
#16022=CARTESIAN_POINT('Ctrl Pts',(35.9273005044308,10.6596308753623,-1.5));
#16023=CARTESIAN_POINT('Ctrl Pts',(35.9273005044308,10.6596308753623,-1.6));
#16024=CARTESIAN_POINT('',(35.7971997766948,11.0414722648622,-1.5));
#16025=CARTESIAN_POINT('Ctrl Pts',(35.9273005044308,10.6596308753623,-1.5));
#16026=CARTESIAN_POINT('Ctrl Pts',(35.9240689916302,10.7355015109452,-1.5));
#16027=CARTESIAN_POINT('Ctrl Pts',(35.9180770304995,10.8761829587455,-1.5));
#16028=CARTESIAN_POINT('Ctrl Pts',(35.8353236116121,10.9893411812907,-1.5));
#16029=CARTESIAN_POINT('Ctrl Pts',(35.7971997766948,11.0414722648622,-1.5));
#16030=CARTESIAN_POINT('',(35.7971997766948,11.0414722648622,-1.6));
#16031=CARTESIAN_POINT('Ctrl Pts',(35.7971997766948,11.0414722648622,-1.6));
#16032=CARTESIAN_POINT('Ctrl Pts',(35.8353236116121,10.9893411812907,-1.6));
#16033=CARTESIAN_POINT('Ctrl Pts',(35.9180770304995,10.8761829587455,-1.6));
#16034=CARTESIAN_POINT('Ctrl Pts',(35.9240689916302,10.7355015109452,-1.6));
#16035=CARTESIAN_POINT('Ctrl Pts',(35.9273005044308,10.6596308753623,-1.6));
#16036=CARTESIAN_POINT('',(35.7971997766948,11.0414722648622,-1.5));
#16037=CARTESIAN_POINT('Ctrl Pts',(35.4239397375744,11.176686676687,-1.5));
#16038=CARTESIAN_POINT('Ctrl Pts',(35.4239397375744,11.176686676687,-1.6));
#16039=CARTESIAN_POINT('Ctrl Pts',(35.498049649988,11.1725446965349,-1.5));
#16040=CARTESIAN_POINT('Ctrl Pts',(35.498049649988,11.1725446965349,-1.6));
#16041=CARTESIAN_POINT('Ctrl Pts',(35.6366015832074,11.1648010717115,-1.5));
#16042=CARTESIAN_POINT('Ctrl Pts',(35.6366015832074,11.1648010717115,-1.6));
#16043=CARTESIAN_POINT('Ctrl Pts',(35.746216622168,11.0806239606607,-1.5));
#16044=CARTESIAN_POINT('Ctrl Pts',(35.746216622168,11.0806239606607,-1.6));
#16045=CARTESIAN_POINT('Ctrl Pts',(35.7971997766948,11.0414722648622,-1.5));
#16046=CARTESIAN_POINT('Ctrl Pts',(35.7971997766948,11.0414722648622,-1.6));
#16047=CARTESIAN_POINT('',(35.4239397375744,11.176686676687,-1.5));
#16048=CARTESIAN_POINT('Ctrl Pts',(35.7971997766948,11.0414722648622,-1.5));
#16049=CARTESIAN_POINT('Ctrl Pts',(35.746216622168,11.0806239606607,-1.5));
#16050=CARTESIAN_POINT('Ctrl Pts',(35.6366015832074,11.1648010717115,-1.5));
#16051=CARTESIAN_POINT('Ctrl Pts',(35.498049649988,11.1725446965349,-1.5));
#16052=CARTESIAN_POINT('Ctrl Pts',(35.4239397375744,11.176686676687,-1.5));
#16053=CARTESIAN_POINT('',(35.4239397375744,11.176686676687,-1.6));
#16054=CARTESIAN_POINT('Ctrl Pts',(35.4239397375744,11.176686676687,-1.6));
#16055=CARTESIAN_POINT('Ctrl Pts',(35.498049649988,11.1725446965349,-1.6));
#16056=CARTESIAN_POINT('Ctrl Pts',(35.6366015832074,11.1648010717115,-1.6));
#16057=CARTESIAN_POINT('Ctrl Pts',(35.746216622168,11.0806239606607,-1.6));
#16058=CARTESIAN_POINT('Ctrl Pts',(35.7971997766948,11.0414722648622,-1.6));
#16059=CARTESIAN_POINT('',(35.4239397375744,11.176686676687,-1.5));
#16060=CARTESIAN_POINT('Ctrl Pts',(35.1269059224339,11.1014942968302,-1.5));
#16061=CARTESIAN_POINT('Ctrl Pts',(35.1269059224339,11.1014942968302,-1.6));
#16062=CARTESIAN_POINT('Ctrl Pts',(35.1688302441693,11.1235546016677,-1.5));
#16063=CARTESIAN_POINT('Ctrl Pts',(35.1688302441693,11.1235546016677,-1.6));
#16064=CARTESIAN_POINT('Ctrl Pts',(35.261473363741,11.1723028073453,-1.5));
#16065=CARTESIAN_POINT('Ctrl Pts',(35.261473363741,11.1723028073453,-1.6));
#16066=CARTESIAN_POINT('Ctrl Pts',(35.3664621360004,11.1751357447038,-1.5));
#16067=CARTESIAN_POINT('Ctrl Pts',(35.3664621360004,11.1751357447038,-1.6));
#16068=CARTESIAN_POINT('Ctrl Pts',(35.4239397375744,11.176686676687,-1.5));
#16069=CARTESIAN_POINT('Ctrl Pts',(35.4239397375744,11.176686676687,-1.6));
#16070=CARTESIAN_POINT('',(35.1269059224339,11.1014942968302,-1.5));
#16071=CARTESIAN_POINT('Ctrl Pts',(35.4239397375744,11.176686676687,-1.5));
#16072=CARTESIAN_POINT('Ctrl Pts',(35.3664621360004,11.1751357447038,-1.5));
#16073=CARTESIAN_POINT('Ctrl Pts',(35.261473363741,11.1723028073453,-1.5));
#16074=CARTESIAN_POINT('Ctrl Pts',(35.1688302441693,11.1235546016677,-1.5));
#16075=CARTESIAN_POINT('Ctrl Pts',(35.1269059224339,11.1014942968302,-1.5));
#16076=CARTESIAN_POINT('',(35.1269059224339,11.1014942968302,-1.6));
#16077=CARTESIAN_POINT('Ctrl Pts',(35.1269059224339,11.1014942968302,-1.6));
#16078=CARTESIAN_POINT('Ctrl Pts',(35.1688302441693,11.1235546016677,-1.6));
#16079=CARTESIAN_POINT('Ctrl Pts',(35.261473363741,11.1723028073453,-1.6));
#16080=CARTESIAN_POINT('Ctrl Pts',(35.3664621360004,11.1751357447038,-1.6));
#16081=CARTESIAN_POINT('Ctrl Pts',(35.4239397375744,11.176686676687,-1.6));
#16082=CARTESIAN_POINT('',(35.1269059224339,11.1014942968302,-1.5));
#16083=CARTESIAN_POINT('Ctrl Pts',(34.9649719182304,10.8674979899569,-1.5));
#16084=CARTESIAN_POINT('Ctrl Pts',(34.9649719182304,10.8674979899569,-1.6));
#16085=CARTESIAN_POINT('Ctrl Pts',(34.9837712114871,10.915851604728,-1.5));
#16086=CARTESIAN_POINT('Ctrl Pts',(34.9837712114871,10.915851604728,-1.6));
#16087=CARTESIAN_POINT('Ctrl Pts',(35.0191956157778,11.0069666256591,-1.5));
#16088=CARTESIAN_POINT('Ctrl Pts',(35.0191956157778,11.0069666256591,-1.6));
#16089=CARTESIAN_POINT('Ctrl Pts',(35.0925022244072,11.0713012581591,-1.5));
#16090=CARTESIAN_POINT('Ctrl Pts',(35.0925022244072,11.0713012581591,-1.6));
#16091=CARTESIAN_POINT('Ctrl Pts',(35.1269059224339,11.1014942968302,-1.5));
#16092=CARTESIAN_POINT('Ctrl Pts',(35.1269059224339,11.1014942968302,-1.6));
#16093=CARTESIAN_POINT('',(34.9649719182304,10.8674979899569,-1.5));
#16094=CARTESIAN_POINT('Ctrl Pts',(35.1269059224339,11.1014942968302,-1.5));
#16095=CARTESIAN_POINT('Ctrl Pts',(35.0925022244072,11.0713012581591,-1.5));
#16096=CARTESIAN_POINT('Ctrl Pts',(35.0191956157778,11.0069666256591,-1.5));
#16097=CARTESIAN_POINT('Ctrl Pts',(34.9837712114871,10.915851604728,-1.5));
#16098=CARTESIAN_POINT('Ctrl Pts',(34.9649719182304,10.8674979899569,-1.5));
#16099=CARTESIAN_POINT('',(34.9649719182304,10.8674979899569,-1.6));
#16100=CARTESIAN_POINT('Ctrl Pts',(34.9649719182304,10.8674979899569,-1.6));
#16101=CARTESIAN_POINT('Ctrl Pts',(34.9837712114871,10.915851604728,-1.6));
#16102=CARTESIAN_POINT('Ctrl Pts',(35.0191956157778,11.0069666256591,-1.6));
#16103=CARTESIAN_POINT('Ctrl Pts',(35.0925022244072,11.0713012581591,-1.6));
#16104=CARTESIAN_POINT('Ctrl Pts',(35.1269059224339,11.1014942968302,-1.6));
#16105=CARTESIAN_POINT('',(34.9649719182304,10.8674979899569,-1.5));
#16106=CARTESIAN_POINT('Origin',(35.2375743503311,10.8056807363284,-1.5));
#16107=CARTESIAN_POINT('',(35.2375743503311,10.8056807363284,-1.5));
#16108=CARTESIAN_POINT('',(34.9649719182304,10.8674979899569,-1.5));
#16109=CARTESIAN_POINT('',(35.2375743503311,10.8056807363284,-1.6));
#16110=CARTESIAN_POINT('',(34.9649719182304,10.8674979899569,-1.6));
#16111=CARTESIAN_POINT('',(35.2375743503311,10.8056807363284,-1.5));
#16112=CARTESIAN_POINT('Ctrl Pts',(35.2678592665088,10.8724068885328,-1.5));
#16113=CARTESIAN_POINT('Ctrl Pts',(35.2678592665088,10.8724068885328,-1.6));
#16114=CARTESIAN_POINT('Ctrl Pts',(35.2623899090395,10.8634807997135,-1.5));
#16115=CARTESIAN_POINT('Ctrl Pts',(35.2623899090395,10.8634807997135,-1.6));
#16116=CARTESIAN_POINT('Ctrl Pts',(35.2495488728415,10.8425239998925,-1.5));
#16117=CARTESIAN_POINT('Ctrl Pts',(35.2495488728415,10.8425239998925,-1.6));
#16118=CARTESIAN_POINT('Ctrl Pts',(35.241941518878,10.819117659735,-1.5));
#16119=CARTESIAN_POINT('Ctrl Pts',(35.241941518878,10.819117659735,-1.6));
#16120=CARTESIAN_POINT('Ctrl Pts',(35.2375743503311,10.8056807363284,-1.5));
#16121=CARTESIAN_POINT('Ctrl Pts',(35.2375743503311,10.8056807363284,-1.6));
#16122=CARTESIAN_POINT('',(35.2678592665088,10.8724068885328,-1.5));
#16123=CARTESIAN_POINT('Ctrl Pts',(35.2375743503311,10.8056807363284,-1.5));
#16124=CARTESIAN_POINT('Ctrl Pts',(35.241941518878,10.819117659735,-1.5));
#16125=CARTESIAN_POINT('Ctrl Pts',(35.2495488728415,10.8425239998925,-1.5));
#16126=CARTESIAN_POINT('Ctrl Pts',(35.2623899090395,10.8634807997135,-1.5));
#16127=CARTESIAN_POINT('Ctrl Pts',(35.2678592665088,10.8724068885328,-1.5));
#16128=CARTESIAN_POINT('',(35.2678592665088,10.8724068885328,-1.6));
#16129=CARTESIAN_POINT('Ctrl Pts',(35.2678592665088,10.8724068885328,-1.6));
#16130=CARTESIAN_POINT('Ctrl Pts',(35.2623899090395,10.8634807997135,-1.6));
#16131=CARTESIAN_POINT('Ctrl Pts',(35.2495488728415,10.8425239998925,-1.6));
#16132=CARTESIAN_POINT('Ctrl Pts',(35.241941518878,10.819117659735,-1.6));
#16133=CARTESIAN_POINT('Ctrl Pts',(35.2375743503311,10.8056807363284,-1.6));
#16134=CARTESIAN_POINT('',(35.2678592665088,10.8724068885328,-1.5));
#16135=CARTESIAN_POINT('Ctrl Pts',(35.3315183789698,10.9267189626017,-1.5));
#16136=CARTESIAN_POINT('Ctrl Pts',(35.3315183789698,10.9267189626017,-1.6));
#16137=CARTESIAN_POINT('Ctrl Pts',(35.3194202419295,10.9196550363178,-1.5));
#16138=CARTESIAN_POINT('Ctrl Pts',(35.3194202419295,10.9196550363178,-1.6));
#16139=CARTESIAN_POINT('Ctrl Pts',(35.294952266964,10.9053685415544,-1.5));
#16140=CARTESIAN_POINT('Ctrl Pts',(35.294952266964,10.9053685415544,-1.6));
#16141=CARTESIAN_POINT('Ctrl Pts',(35.2769568756837,10.8834751435031,-1.5));
#16142=CARTESIAN_POINT('Ctrl Pts',(35.2769568756837,10.8834751435031,-1.6));
#16143=CARTESIAN_POINT('Ctrl Pts',(35.2678592665088,10.8724068885328,-1.5));
#16144=CARTESIAN_POINT('Ctrl Pts',(35.2678592665088,10.8724068885328,-1.6));
#16145=CARTESIAN_POINT('',(35.3315183789698,10.9267189626017,-1.5));
#16146=CARTESIAN_POINT('Ctrl Pts',(35.2678592665088,10.8724068885328,-1.5));
#16147=CARTESIAN_POINT('Ctrl Pts',(35.2769568756837,10.8834751435031,-1.5));
#16148=CARTESIAN_POINT('Ctrl Pts',(35.294952266964,10.9053685415544,-1.5));
#16149=CARTESIAN_POINT('Ctrl Pts',(35.3194202419295,10.9196550363178,-1.5));
#16150=CARTESIAN_POINT('Ctrl Pts',(35.3315183789698,10.9267189626017,-1.5));
#16151=CARTESIAN_POINT('',(35.3315183789698,10.9267189626017,-1.6));
#16152=CARTESIAN_POINT('Ctrl Pts',(35.3315183789698,10.9267189626017,-1.6));
#16153=CARTESIAN_POINT('Ctrl Pts',(35.3194202419295,10.9196550363178,-1.6));
#16154=CARTESIAN_POINT('Ctrl Pts',(35.294952266964,10.9053685415544,-1.6));
#16155=CARTESIAN_POINT('Ctrl Pts',(35.2769568756837,10.8834751435031,-1.6));
#16156=CARTESIAN_POINT('Ctrl Pts',(35.2678592665088,10.8724068885328,-1.6));
#16157=CARTESIAN_POINT('',(35.3315183789698,10.9267189626017,-1.5));
#16158=CARTESIAN_POINT('Ctrl Pts',(35.4154970037521,10.9454776292264,-1.5));
#16159=CARTESIAN_POINT('Ctrl Pts',(35.4154970037521,10.9454776292264,-1.6));
#16160=CARTESIAN_POINT('Ctrl Pts',(35.4005686203416,10.9448259358498,-1.5));
#16161=CARTESIAN_POINT('Ctrl Pts',(35.4005686203416,10.9448259358498,-1.6));
#16162=CARTESIAN_POINT('Ctrl Pts',(35.3714471615415,10.9435546487122,-1.5));
#16163=CARTESIAN_POINT('Ctrl Pts',(35.3714471615415,10.9435546487122,-1.6));
#16164=CARTESIAN_POINT('Ctrl Pts',(35.3446020293392,10.9322355903728,-1.5));
#16165=CARTESIAN_POINT('Ctrl Pts',(35.3446020293392,10.9322355903728,-1.6));
#16166=CARTESIAN_POINT('Ctrl Pts',(35.3315183789698,10.9267189626017,-1.5));
#16167=CARTESIAN_POINT('Ctrl Pts',(35.3315183789698,10.9267189626017,-1.6));
#16168=CARTESIAN_POINT('',(35.4154970037521,10.9454776292264,-1.5));
#16169=CARTESIAN_POINT('Ctrl Pts',(35.3315183789698,10.9267189626017,-1.5));
#16170=CARTESIAN_POINT('Ctrl Pts',(35.3446020293392,10.9322355903728,-1.5));
#16171=CARTESIAN_POINT('Ctrl Pts',(35.3714471615415,10.9435546487122,-1.5));
#16172=CARTESIAN_POINT('Ctrl Pts',(35.4005686203416,10.9448259358498,-1.5));
#16173=CARTESIAN_POINT('Ctrl Pts',(35.4154970037521,10.9454776292264,-1.5));
#16174=CARTESIAN_POINT('',(35.4154970037521,10.9454776292264,-1.6));
#16175=CARTESIAN_POINT('Ctrl Pts',(35.4154970037521,10.9454776292264,-1.6));
#16176=CARTESIAN_POINT('Ctrl Pts',(35.4005686203416,10.9448259358498,-1.6));
#16177=CARTESIAN_POINT('Ctrl Pts',(35.3714471615415,10.9435546487122,-1.6));
#16178=CARTESIAN_POINT('Ctrl Pts',(35.3446020293392,10.9322355903728,-1.6));
#16179=CARTESIAN_POINT('Ctrl Pts',(35.3315183789698,10.9267189626017,-1.6));
#16180=CARTESIAN_POINT('',(35.4154970037521,10.9454776292264,-1.5));
#16181=CARTESIAN_POINT('Ctrl Pts',(35.5761342526786,10.8602404999401,-1.5));
#16182=CARTESIAN_POINT('Ctrl Pts',(35.5761342526786,10.8602404999401,-1.6));
#16183=CARTESIAN_POINT('Ctrl Pts',(35.5553612406812,10.8849946262791,-1.5));
#16184=CARTESIAN_POINT('Ctrl Pts',(35.5553612406812,10.8849946262791,-1.6));
#16185=CARTESIAN_POINT('Ctrl Pts',(35.5133699763397,10.9350334489003,-1.5));
#16186=CARTESIAN_POINT('Ctrl Pts',(35.5133699763397,10.9350334489003,-1.6));
#16187=CARTESIAN_POINT('Ctrl Pts',(35.4483511298224,10.9419717132614,-1.5));
#16188=CARTESIAN_POINT('Ctrl Pts',(35.4483511298224,10.9419717132614,-1.6));
#16189=CARTESIAN_POINT('Ctrl Pts',(35.4154970037521,10.9454776292264,-1.5));
#16190=CARTESIAN_POINT('Ctrl Pts',(35.4154970037521,10.9454776292264,-1.6));
#16191=CARTESIAN_POINT('',(35.5761342526786,10.8602404999401,-1.5));
#16192=CARTESIAN_POINT('Ctrl Pts',(35.4154970037521,10.9454776292264,-1.5));
#16193=CARTESIAN_POINT('Ctrl Pts',(35.4483511298224,10.9419717132614,-1.5));
#16194=CARTESIAN_POINT('Ctrl Pts',(35.5133699763397,10.9350334489003,-1.5));
#16195=CARTESIAN_POINT('Ctrl Pts',(35.5553612406812,10.8849946262791,-1.5));
#16196=CARTESIAN_POINT('Ctrl Pts',(35.5761342526786,10.8602404999401,-1.5));
#16197=CARTESIAN_POINT('',(35.5761342526786,10.8602404999401,-1.6));
#16198=CARTESIAN_POINT('Ctrl Pts',(35.5761342526786,10.8602404999401,-1.6));
#16199=CARTESIAN_POINT('Ctrl Pts',(35.5553612406812,10.8849946262791,-1.6));
#16200=CARTESIAN_POINT('Ctrl Pts',(35.5133699763397,10.9350334489003,-1.6));
#16201=CARTESIAN_POINT('Ctrl Pts',(35.4483511298224,10.9419717132614,-1.6));
#16202=CARTESIAN_POINT('Ctrl Pts',(35.4154970037521,10.9454776292264,-1.6));
#16203=CARTESIAN_POINT('',(35.5761342526786,10.8602404999401,-1.5));
#16204=CARTESIAN_POINT('Ctrl Pts',(35.617625158168,10.662935198158,-1.5));
#16205=CARTESIAN_POINT('Ctrl Pts',(35.617625158168,10.662935198158,-1.6));
#16206=CARTESIAN_POINT('Ctrl Pts',(35.6173463930905,10.7024918875713,-1.5));
#16207=CARTESIAN_POINT('Ctrl Pts',(35.6173463930905,10.7024918875713,-1.6));
#16208=CARTESIAN_POINT('Ctrl Pts',(35.6168610333692,10.771364301283,-1.5));
#16209=CARTESIAN_POINT('Ctrl Pts',(35.6168610333692,10.771364301283,-1.6));
#16210=CARTESIAN_POINT('Ctrl Pts',(35.5882939198083,10.8337050121579,-1.5));
#16211=CARTESIAN_POINT('Ctrl Pts',(35.5882939198083,10.8337050121579,-1.6));
#16212=CARTESIAN_POINT('Ctrl Pts',(35.5761342526786,10.8602404999401,-1.5));
#16213=CARTESIAN_POINT('Ctrl Pts',(35.5761342526786,10.8602404999401,-1.6));
#16214=CARTESIAN_POINT('',(35.617625158168,10.662935198158,-1.5));
#16215=CARTESIAN_POINT('Ctrl Pts',(35.5761342526786,10.8602404999401,-1.5));
#16216=CARTESIAN_POINT('Ctrl Pts',(35.5882939198083,10.8337050121579,-1.5));
#16217=CARTESIAN_POINT('Ctrl Pts',(35.6168610333692,10.771364301283,-1.5));
#16218=CARTESIAN_POINT('Ctrl Pts',(35.6173463930905,10.7024918875713,-1.5));
#16219=CARTESIAN_POINT('Ctrl Pts',(35.617625158168,10.662935198158,-1.5));
#16220=CARTESIAN_POINT('',(35.617625158168,10.662935198158,-1.6));
#16221=CARTESIAN_POINT('Ctrl Pts',(35.617625158168,10.662935198158,-1.6));
#16222=CARTESIAN_POINT('Ctrl Pts',(35.6173463930905,10.7024918875713,-1.6));
#16223=CARTESIAN_POINT('Ctrl Pts',(35.6168610333692,10.771364301283,-1.6));
#16224=CARTESIAN_POINT('Ctrl Pts',(35.5882939198083,10.8337050121579,-1.6));
#16225=CARTESIAN_POINT('Ctrl Pts',(35.5761342526786,10.8602404999401,-1.6));
#16226=CARTESIAN_POINT('',(35.617625158168,10.662935198158,-1.5));
#16227=CARTESIAN_POINT('Ctrl Pts',(35.5662198076101,10.4346292428949,-1.5));
#16228=CARTESIAN_POINT('Ctrl Pts',(35.5662198076101,10.4346292428949,-1.6));
#16229=CARTESIAN_POINT('Ctrl Pts',(35.5809322656218,10.4634585512735,-1.5));
#16230=CARTESIAN_POINT('Ctrl Pts',(35.5809322656218,10.4634585512735,-1.6));
#16231=CARTESIAN_POINT('Ctrl Pts',(35.6172518028334,10.5346272939546,-1.5));
#16232=CARTESIAN_POINT('Ctrl Pts',(35.6172518028334,10.5346272939546,-1.6));
#16233=CARTESIAN_POINT('Ctrl Pts',(35.6174858937195,10.615075350305,-1.5));
#16234=CARTESIAN_POINT('Ctrl Pts',(35.6174858937195,10.615075350305,-1.6));
#16235=CARTESIAN_POINT('Ctrl Pts',(35.617625158168,10.662935198158,-1.5));
#16236=CARTESIAN_POINT('Ctrl Pts',(35.617625158168,10.662935198158,-1.6));
#16237=CARTESIAN_POINT('',(35.5662198076101,10.4346292428949,-1.5));
#16238=CARTESIAN_POINT('Ctrl Pts',(35.617625158168,10.662935198158,-1.5));
#16239=CARTESIAN_POINT('Ctrl Pts',(35.6174858937195,10.615075350305,-1.5));
#16240=CARTESIAN_POINT('Ctrl Pts',(35.6172518028334,10.5346272939546,-1.5));
#16241=CARTESIAN_POINT('Ctrl Pts',(35.5809322656218,10.4634585512735,-1.5));
#16242=CARTESIAN_POINT('Ctrl Pts',(35.5662198076101,10.4346292428949,-1.5));
#16243=CARTESIAN_POINT('',(35.5662198076101,10.4346292428949,-1.6));
#16244=CARTESIAN_POINT('Ctrl Pts',(35.5662198076101,10.4346292428949,-1.6));
#16245=CARTESIAN_POINT('Ctrl Pts',(35.5809322656218,10.4634585512735,-1.6));
#16246=CARTESIAN_POINT('Ctrl Pts',(35.6172518028334,10.5346272939546,-1.6));
#16247=CARTESIAN_POINT('Ctrl Pts',(35.6174858937195,10.615075350305,-1.6));
#16248=CARTESIAN_POINT('Ctrl Pts',(35.617625158168,10.662935198158,-1.6));
#16249=CARTESIAN_POINT('',(35.5662198076101,10.4346292428949,-1.5));
#16250=CARTESIAN_POINT('Ctrl Pts',(35.4240890035905,10.3738144926366,-1.5));
#16251=CARTESIAN_POINT('Ctrl Pts',(35.4240890035905,10.3738144926366,-1.6));
#16252=CARTESIAN_POINT('Ctrl Pts',(35.452486064025,10.3758176101612,-1.5));
#16253=CARTESIAN_POINT('Ctrl Pts',(35.452486064025,10.3758176101612,-1.6));
#16254=CARTESIAN_POINT('Ctrl Pts',(35.507074542899,10.3796682600879,-1.5));
#16255=CARTESIAN_POINT('Ctrl Pts',(35.507074542899,10.3796682600879,-1.6));
#16256=CARTESIAN_POINT('Ctrl Pts',(35.5470430268975,10.4168091397947,-1.5));
#16257=CARTESIAN_POINT('Ctrl Pts',(35.5470430268975,10.4168091397947,-1.6));
#16258=CARTESIAN_POINT('Ctrl Pts',(35.5662198076101,10.4346292428949,-1.5));
#16259=CARTESIAN_POINT('Ctrl Pts',(35.5662198076101,10.4346292428949,-1.6));
#16260=CARTESIAN_POINT('',(35.4240890035905,10.3738144926366,-1.5));
#16261=CARTESIAN_POINT('Ctrl Pts',(35.5662198076101,10.4346292428949,-1.5));
#16262=CARTESIAN_POINT('Ctrl Pts',(35.5470430268975,10.4168091397947,-1.5));
#16263=CARTESIAN_POINT('Ctrl Pts',(35.507074542899,10.3796682600879,-1.5));
#16264=CARTESIAN_POINT('Ctrl Pts',(35.452486064025,10.3758176101612,-1.5));
#16265=CARTESIAN_POINT('Ctrl Pts',(35.4240890035905,10.3738144926366,-1.5));
#16266=CARTESIAN_POINT('',(35.4240890035905,10.3738144926366,-1.6));
#16267=CARTESIAN_POINT('Ctrl Pts',(35.4240890035905,10.3738144926366,-1.6));
#16268=CARTESIAN_POINT('Ctrl Pts',(35.452486064025,10.3758176101612,-1.6));
#16269=CARTESIAN_POINT('Ctrl Pts',(35.507074542899,10.3796682600879,-1.6));
#16270=CARTESIAN_POINT('Ctrl Pts',(35.5470430268975,10.4168091397947,-1.6));
#16271=CARTESIAN_POINT('Ctrl Pts',(35.5662198076101,10.4346292428949,-1.6));
#16272=CARTESIAN_POINT('',(35.4240890035905,10.3738144926366,-1.5));
#16273=CARTESIAN_POINT('Ctrl Pts',(35.2905952856976,10.424152526468,-1.5));
#16274=CARTESIAN_POINT('Ctrl Pts',(35.2905952856976,10.424152526468,-1.6));
#16275=CARTESIAN_POINT('Ctrl Pts',(35.3083767817158,10.409580395936,-1.5));
#16276=CARTESIAN_POINT('Ctrl Pts',(35.3083767817158,10.409580395936,-1.6));
#16277=CARTESIAN_POINT('Ctrl Pts',(35.3469792158641,10.377945278807,-1.5));
#16278=CARTESIAN_POINT('Ctrl Pts',(35.3469792158641,10.377945278807,-1.6));
#16279=CARTESIAN_POINT('Ctrl Pts',(35.3970710465491,10.3752618497956,-1.5));
#16280=CARTESIAN_POINT('Ctrl Pts',(35.3970710465491,10.3752618497956,-1.6));
#16281=CARTESIAN_POINT('Ctrl Pts',(35.4240890035905,10.3738144926366,-1.5));
#16282=CARTESIAN_POINT('Ctrl Pts',(35.4240890035905,10.3738144926366,-1.6));
#16283=CARTESIAN_POINT('',(35.2905952856976,10.424152526468,-1.5));
#16284=CARTESIAN_POINT('Ctrl Pts',(35.4240890035905,10.3738144926366,-1.5));
#16285=CARTESIAN_POINT('Ctrl Pts',(35.3970710465491,10.3752618497956,-1.5));
#16286=CARTESIAN_POINT('Ctrl Pts',(35.3469792158641,10.377945278807,-1.5));
#16287=CARTESIAN_POINT('Ctrl Pts',(35.3083767817158,10.409580395936,-1.5));
#16288=CARTESIAN_POINT('Ctrl Pts',(35.2905952856976,10.424152526468,-1.5));
#16289=CARTESIAN_POINT('',(35.2905952856976,10.424152526468,-1.6));
#16290=CARTESIAN_POINT('Ctrl Pts',(35.2905952856976,10.424152526468,-1.6));
#16291=CARTESIAN_POINT('Ctrl Pts',(35.3083767817158,10.409580395936,-1.6));
#16292=CARTESIAN_POINT('Ctrl Pts',(35.3469792158641,10.377945278807,-1.6));
#16293=CARTESIAN_POINT('Ctrl Pts',(35.3970710465491,10.3752618497956,-1.6));
#16294=CARTESIAN_POINT('Ctrl Pts',(35.4240890035905,10.3738144926366,-1.6));
#16295=CARTESIAN_POINT('',(35.2905952856976,10.424152526468,-1.5));
#16296=CARTESIAN_POINT('Ctrl Pts',(35.225016730274,10.5690312556353,-1.5));
#16297=CARTESIAN_POINT('Ctrl Pts',(35.225016730274,10.5690312556353,-1.6));
#16298=CARTESIAN_POINT('Ctrl Pts',(35.2319279884595,10.5402530076166,-1.5));
#16299=CARTESIAN_POINT('Ctrl Pts',(35.2319279884595,10.5402530076166,-1.6));
#16300=CARTESIAN_POINT('Ctrl Pts',(35.2445620519899,10.4876451894731,-1.5));
#16301=CARTESIAN_POINT('Ctrl Pts',(35.2445620519899,10.4876451894731,-1.6));
#16302=CARTESIAN_POINT('Ctrl Pts',(35.276244296011,10.4439465421948,-1.5));
#16303=CARTESIAN_POINT('Ctrl Pts',(35.276244296011,10.4439465421948,-1.6));
#16304=CARTESIAN_POINT('Ctrl Pts',(35.2905952856976,10.424152526468,-1.5));
#16305=CARTESIAN_POINT('Ctrl Pts',(35.2905952856976,10.424152526468,-1.6));
#16306=CARTESIAN_POINT('Ctrl Pts',(35.2905952856976,10.424152526468,-1.5));
#16307=CARTESIAN_POINT('Ctrl Pts',(35.276244296011,10.4439465421948,-1.5));
#16308=CARTESIAN_POINT('Ctrl Pts',(35.2445620519899,10.4876451894731,-1.5));
#16309=CARTESIAN_POINT('Ctrl Pts',(35.2319279884595,10.5402530076166,-1.5));
#16310=CARTESIAN_POINT('Ctrl Pts',(35.225016730274,10.5690312556353,-1.5));
#16311=CARTESIAN_POINT('Ctrl Pts',(35.225016730274,10.5690312556353,-1.6));
#16312=CARTESIAN_POINT('Ctrl Pts',(35.2319279884595,10.5402530076166,-1.6));
#16313=CARTESIAN_POINT('Ctrl Pts',(35.2445620519899,10.4876451894731,-1.6));
#16314=CARTESIAN_POINT('Ctrl Pts',(35.276244296011,10.4439465421948,-1.6));
#16315=CARTESIAN_POINT('Ctrl Pts',(35.2905952856976,10.424152526468,-1.6));
#16316=CARTESIAN_POINT('Origin',(35.4729799923748,10.6615327346495,-1.6));
#16317=CARTESIAN_POINT('Origin',(35.4729799923748,10.6615327346495,-1.5));
#16318=CARTESIAN_POINT('Origin',(36.7553737131641,11.1542249430928,-1.5));
#16319=CARTESIAN_POINT('',(37.0786998425889,11.1529115629231,-1.5));
#16320=CARTESIAN_POINT('',(36.7553737131641,11.1542249430928,-1.5));
#16321=CARTESIAN_POINT('',(37.0786998425889,11.1529115629231,-1.5));
#16322=CARTESIAN_POINT('',(37.0786998425889,11.1529115629231,-1.6));
#16323=CARTESIAN_POINT('',(37.0786998425889,11.1529115629231,-1.5));
#16324=CARTESIAN_POINT('',(36.7553737131641,11.1542249430928,-1.6));
#16325=CARTESIAN_POINT('',(37.0786998425889,11.1529115629231,-1.6));
#16326=CARTESIAN_POINT('',(36.7553737131641,11.1542249430928,-1.5));
#16327=CARTESIAN_POINT('Origin',(36.5273500245048,10.4355000119507,-1.5));
#16328=CARTESIAN_POINT('',(36.5273500245048,10.4355000119507,-1.5));
#16329=CARTESIAN_POINT('',(36.7553737131641,11.1542249430928,-1.5));
#16330=CARTESIAN_POINT('',(36.5273500245048,10.4355000119507,-1.6));
#16331=CARTESIAN_POINT('',(36.7553737131641,11.1542249430928,-1.6));
#16332=CARTESIAN_POINT('',(36.5273500245048,10.4355000119507,-1.5));
#16333=CARTESIAN_POINT('Origin',(36.3085834780068,11.1560398456988,-1.5));
#16334=CARTESIAN_POINT('',(36.3085834780068,11.1560398456988,-1.5));
#16335=CARTESIAN_POINT('',(36.5273500245048,10.4355000119507,-1.5));
#16336=CARTESIAN_POINT('',(36.3085834780068,11.1560398456988,-1.6));
#16337=CARTESIAN_POINT('',(36.5273500245048,10.4355000119507,-1.6));
#16338=CARTESIAN_POINT('',(36.3085834780068,11.1560398456988,-1.5));
#16339=CARTESIAN_POINT('Origin',(35.9948070255724,11.1573144342112,-1.5));
#16340=CARTESIAN_POINT('',(35.9948070255724,11.1573144342112,-1.5));
#16341=CARTESIAN_POINT('',(36.3085834780068,11.1560398456988,-1.5));
#16342=CARTESIAN_POINT('',(35.9948070255724,11.1573144342112,-1.6));
#16343=CARTESIAN_POINT('',(36.3085834780068,11.1560398456988,-1.6));
#16344=CARTESIAN_POINT('',(35.9948070255724,11.1573144342112,-1.5));
#16345=CARTESIAN_POINT('Origin',(36.3618197122914,10.1558153301101,-1.5));
#16346=CARTESIAN_POINT('',(36.3618197122914,10.1558153301101,-1.5));
#16347=CARTESIAN_POINT('',(35.9948070255724,11.1573144342112,-1.5));
#16348=CARTESIAN_POINT('',(36.3618197122914,10.1558153301101,-1.6));
#16349=CARTESIAN_POINT('',(35.9948070255724,11.1573144342112,-1.6));
#16350=CARTESIAN_POINT('',(36.3618197122914,10.1558153301101,-1.5));
#16351=CARTESIAN_POINT('Origin',(36.6967418555896,10.1544548458765,-1.5));
#16352=CARTESIAN_POINT('',(36.6967418555896,10.1544548458765,-1.5));
#16353=CARTESIAN_POINT('',(36.3618197122914,10.1558153301101,-1.5));
#16354=CARTESIAN_POINT('',(36.6967418555896,10.1544548458765,-1.6));
#16355=CARTESIAN_POINT('',(36.3618197122914,10.1558153301101,-1.6));
#16356=CARTESIAN_POINT('',(36.6967418555896,10.1544548458765,-1.5));
#16357=CARTESIAN_POINT('Origin',(37.0786998425889,11.1529115629231,-1.5));
#16358=CARTESIAN_POINT('',(36.6967418555896,10.1544548458765,-1.5));
#16359=CARTESIAN_POINT('',(36.6967418555896,10.1544548458765,-1.6));
#16360=CARTESIAN_POINT('Origin',(35.4729799923748,10.6615327346495,-1.6));
#16361=CARTESIAN_POINT('Origin',(35.4729799923748,10.6615327346495,-1.5));
#16362=CARTESIAN_POINT('Ctrl Pts',(35.1235417918438,12.9812024087786,-1.5));
#16363=CARTESIAN_POINT('Ctrl Pts',(35.1235417918438,12.9812024087786,-1.6));
#16364=CARTESIAN_POINT('Ctrl Pts',(35.1398822698045,13.0096598374985,-1.5));
#16365=CARTESIAN_POINT('Ctrl Pts',(35.1398822698045,13.0096598374985,-1.6));
#16366=CARTESIAN_POINT('Ctrl Pts',(35.1782632448923,13.0765014479694,-1.5));
#16367=CARTESIAN_POINT('Ctrl Pts',(35.1782632448923,13.0765014479694,-1.6));
#16368=CARTESIAN_POINT('Ctrl Pts',(35.1795949682468,13.1540433461936,-1.5));
#16369=CARTESIAN_POINT('Ctrl Pts',(35.1795949682468,13.1540433461936,-1.6));
#16370=CARTESIAN_POINT('Ctrl Pts',(35.1803597180923,13.1985722301297,-1.5));
#16371=CARTESIAN_POINT('Ctrl Pts',(35.1803597180923,13.1985722301297,-1.6));
#16372=CARTESIAN_POINT('',(35.1803597180923,13.1985722301297,-1.5));
#16373=CARTESIAN_POINT('',(35.1235417918438,12.9812024087786,-1.5));
#16374=CARTESIAN_POINT('Ctrl Pts',(35.1803597180923,13.1985722301297,-1.5));
#16375=CARTESIAN_POINT('Ctrl Pts',(35.1795949682468,13.1540433461936,-1.5));
#16376=CARTESIAN_POINT('Ctrl Pts',(35.1782632448923,13.0765014479694,-1.5));
#16377=CARTESIAN_POINT('Ctrl Pts',(35.1398822698045,13.0096598374985,-1.5));
#16378=CARTESIAN_POINT('Ctrl Pts',(35.1235417918438,12.9812024087786,-1.5));
#16379=CARTESIAN_POINT('',(35.1803597180923,13.1985722301297,-1.6));
#16380=CARTESIAN_POINT('',(35.1803597180923,13.1985722301297,-1.5));
#16381=CARTESIAN_POINT('',(35.1235417918438,12.9812024087786,-1.6));
#16382=CARTESIAN_POINT('Ctrl Pts',(35.1235417918438,12.9812024087786,-1.6));
#16383=CARTESIAN_POINT('Ctrl Pts',(35.1398822698045,13.0096598374985,-1.6));
#16384=CARTESIAN_POINT('Ctrl Pts',(35.1782632448923,13.0765014479694,-1.6));
#16385=CARTESIAN_POINT('Ctrl Pts',(35.1795949682468,13.1540433461936,-1.6));
#16386=CARTESIAN_POINT('Ctrl Pts',(35.1803597180923,13.1985722301297,-1.6));
#16387=CARTESIAN_POINT('',(35.1235417918438,12.9812024087786,-1.5));
#16388=CARTESIAN_POINT('Ctrl Pts',(34.9697954548101,12.9156598743855,-1.5));
#16389=CARTESIAN_POINT('Ctrl Pts',(34.9697954548101,12.9156598743855,-1.6));
#16390=CARTESIAN_POINT('Ctrl Pts',(35.0001053818047,12.9179404535126,-1.5));
#16391=CARTESIAN_POINT('Ctrl Pts',(35.0001053818047,12.9179404535126,-1.6));
#16392=CARTESIAN_POINT('Ctrl Pts',(35.058926146322,12.9223662447007,-1.5));
#16393=CARTESIAN_POINT('Ctrl Pts',(35.058926146322,12.9223662447007,-1.6));
#16394=CARTESIAN_POINT('Ctrl Pts',(35.1024469518561,12.9619943755432,-1.5));
#16395=CARTESIAN_POINT('Ctrl Pts',(35.1024469518561,12.9619943755432,-1.6));
#16396=CARTESIAN_POINT('Ctrl Pts',(35.1235417918438,12.9812024087786,-1.5));
#16397=CARTESIAN_POINT('Ctrl Pts',(35.1235417918438,12.9812024087786,-1.6));
#16398=CARTESIAN_POINT('',(34.9697954548101,12.9156598743855,-1.5));
#16399=CARTESIAN_POINT('Ctrl Pts',(35.1235417918438,12.9812024087786,-1.5));
#16400=CARTESIAN_POINT('Ctrl Pts',(35.1024469518561,12.9619943755432,-1.5));
#16401=CARTESIAN_POINT('Ctrl Pts',(35.058926146322,12.9223662447007,-1.5));
#16402=CARTESIAN_POINT('Ctrl Pts',(35.0001053818047,12.9179404535126,-1.5));
#16403=CARTESIAN_POINT('Ctrl Pts',(34.9697954548101,12.9156598743855,-1.5));
#16404=CARTESIAN_POINT('',(34.9697954548101,12.9156598743855,-1.6));
#16405=CARTESIAN_POINT('Ctrl Pts',(34.9697954548101,12.9156598743855,-1.6));
#16406=CARTESIAN_POINT('Ctrl Pts',(35.0001053818047,12.9179404535126,-1.6));
#16407=CARTESIAN_POINT('Ctrl Pts',(35.058926146322,12.9223662447007,-1.6));
#16408=CARTESIAN_POINT('Ctrl Pts',(35.1024469518561,12.9619943755432,-1.6));
#16409=CARTESIAN_POINT('Ctrl Pts',(35.1235417918438,12.9812024087786,-1.6));
#16410=CARTESIAN_POINT('',(34.9697954548101,12.9156598743855,-1.5));
#16411=CARTESIAN_POINT('Ctrl Pts',(34.8158989505963,12.981087720429,-1.5));
#16412=CARTESIAN_POINT('Ctrl Pts',(34.8158989505963,12.981087720429,-1.6));
#16413=CARTESIAN_POINT('Ctrl Pts',(34.8365993570578,12.9621140143208,-1.5));
#16414=CARTESIAN_POINT('Ctrl Pts',(34.8365993570578,12.9621140143208,-1.6));
#16415=CARTESIAN_POINT('Ctrl Pts',(34.88002033921,12.9223149429441,-1.5));
#16416=CARTESIAN_POINT('Ctrl Pts',(34.88002033921,12.9223149429441,-1.6));
#16417=CARTESIAN_POINT('Ctrl Pts',(34.9389564123736,12.9179459860805,-1.5));
#16418=CARTESIAN_POINT('Ctrl Pts',(34.9389564123736,12.9179459860805,-1.6));
#16419=CARTESIAN_POINT('Ctrl Pts',(34.9697954548101,12.9156598743855,-1.5));
#16420=CARTESIAN_POINT('Ctrl Pts',(34.9697954548101,12.9156598743855,-1.6));
#16421=CARTESIAN_POINT('',(34.8158989505963,12.981087720429,-1.5));
#16422=CARTESIAN_POINT('Ctrl Pts',(34.9697954548101,12.9156598743855,-1.5));
#16423=CARTESIAN_POINT('Ctrl Pts',(34.9389564123736,12.9179459860805,-1.5));
#16424=CARTESIAN_POINT('Ctrl Pts',(34.88002033921,12.9223149429441,-1.5));
#16425=CARTESIAN_POINT('Ctrl Pts',(34.8365993570578,12.9621140143208,-1.5));
#16426=CARTESIAN_POINT('Ctrl Pts',(34.8158989505963,12.981087720429,-1.5));
#16427=CARTESIAN_POINT('',(34.8158989505963,12.981087720429,-1.6));
#16428=CARTESIAN_POINT('Ctrl Pts',(34.8158989505963,12.981087720429,-1.6));
#16429=CARTESIAN_POINT('Ctrl Pts',(34.8365993570578,12.9621140143208,-1.6));
#16430=CARTESIAN_POINT('Ctrl Pts',(34.88002033921,12.9223149429441,-1.6));
#16431=CARTESIAN_POINT('Ctrl Pts',(34.9389564123736,12.9179459860805,-1.6));
#16432=CARTESIAN_POINT('Ctrl Pts',(34.9697954548101,12.9156598743855,-1.6));
#16433=CARTESIAN_POINT('',(34.8158989505963,12.981087720429,-1.5));
#16434=CARTESIAN_POINT('Ctrl Pts',(34.7622739714231,13.2139132541649,-1.5));
#16435=CARTESIAN_POINT('Ctrl Pts',(34.7622739714231,13.2139132541649,-1.6));
#16436=CARTESIAN_POINT('Ctrl Pts',(34.7621900201251,13.1653819157484,-1.5));
#16437=CARTESIAN_POINT('Ctrl Pts',(34.7621900201251,13.1653819157484,-1.6));
#16438=CARTESIAN_POINT('Ctrl Pts',(34.7620476103134,13.0830563421932,-1.5));
#16439=CARTESIAN_POINT('Ctrl Pts',(34.7620476103134,13.0830563421932,-1.6));
#16440=CARTESIAN_POINT('Ctrl Pts',(34.8002266473388,13.0107635493804,-1.5));
#16441=CARTESIAN_POINT('Ctrl Pts',(34.8002266473388,13.0107635493804,-1.6));
#16442=CARTESIAN_POINT('Ctrl Pts',(34.8158989505963,12.981087720429,-1.5));
#16443=CARTESIAN_POINT('Ctrl Pts',(34.8158989505963,12.981087720429,-1.6));
#16444=CARTESIAN_POINT('',(34.7622739714231,13.2139132541649,-1.5));
#16445=CARTESIAN_POINT('Ctrl Pts',(34.8158989505963,12.981087720429,-1.5));
#16446=CARTESIAN_POINT('Ctrl Pts',(34.8002266473388,13.0107635493804,-1.5));
#16447=CARTESIAN_POINT('Ctrl Pts',(34.7620476103134,13.0830563421932,-1.5));
#16448=CARTESIAN_POINT('Ctrl Pts',(34.7621900201251,13.1653819157484,-1.5));
#16449=CARTESIAN_POINT('Ctrl Pts',(34.7622739714231,13.2139132541649,-1.5));
#16450=CARTESIAN_POINT('',(34.7622739714231,13.2139132541649,-1.6));
#16451=CARTESIAN_POINT('Ctrl Pts',(34.7622739714231,13.2139132541649,-1.6));
#16452=CARTESIAN_POINT('Ctrl Pts',(34.7621900201251,13.1653819157484,-1.6));
#16453=CARTESIAN_POINT('Ctrl Pts',(34.7620476103134,13.0830563421932,-1.6));
#16454=CARTESIAN_POINT('Ctrl Pts',(34.8002266473388,13.0107635493804,-1.6));
#16455=CARTESIAN_POINT('Ctrl Pts',(34.8158989505963,12.981087720429,-1.6));
#16456=CARTESIAN_POINT('',(34.7622739714231,13.2139132541649,-1.5));
#16457=CARTESIAN_POINT('Ctrl Pts',(34.8204091327757,13.4196815454753,-1.5));
#16458=CARTESIAN_POINT('Ctrl Pts',(34.8204091327757,13.4196815454753,-1.6));
#16459=CARTESIAN_POINT('Ctrl Pts',(34.8036598931135,13.3924854211684,-1.5));
#16460=CARTESIAN_POINT('Ctrl Pts',(34.8036598931135,13.3924854211684,-1.6));
#16461=CARTESIAN_POINT('Ctrl Pts',(34.7650671157408,13.3298214440596,-1.5));
#16462=CARTESIAN_POINT('Ctrl Pts',(34.7650671157408,13.3298214440596,-1.6));
#16463=CARTESIAN_POINT('Ctrl Pts',(34.7632834994387,13.2558060286241,-1.5));
#16464=CARTESIAN_POINT('Ctrl Pts',(34.7632834994387,13.2558060286241,-1.6));
#16465=CARTESIAN_POINT('Ctrl Pts',(34.7622739714231,13.2139132541649,-1.5));
#16466=CARTESIAN_POINT('Ctrl Pts',(34.7622739714231,13.2139132541649,-1.6));
#16467=CARTESIAN_POINT('',(34.8204091327757,13.4196815454753,-1.5));
#16468=CARTESIAN_POINT('Ctrl Pts',(34.7622739714231,13.2139132541649,-1.5));
#16469=CARTESIAN_POINT('Ctrl Pts',(34.7632834994387,13.2558060286241,-1.5));
#16470=CARTESIAN_POINT('Ctrl Pts',(34.7650671157408,13.3298214440596,-1.5));
#16471=CARTESIAN_POINT('Ctrl Pts',(34.8036598931135,13.3924854211684,-1.5));
#16472=CARTESIAN_POINT('Ctrl Pts',(34.8204091327757,13.4196815454753,-1.5));
#16473=CARTESIAN_POINT('',(34.8204091327757,13.4196815454753,-1.6));
#16474=CARTESIAN_POINT('Ctrl Pts',(34.8204091327757,13.4196815454753,-1.6));
#16475=CARTESIAN_POINT('Ctrl Pts',(34.8036598931135,13.3924854211684,-1.6));
#16476=CARTESIAN_POINT('Ctrl Pts',(34.7650671157408,13.3298214440596,-1.6));
#16477=CARTESIAN_POINT('Ctrl Pts',(34.7632834994387,13.2558060286241,-1.6));
#16478=CARTESIAN_POINT('Ctrl Pts',(34.7622739714231,13.2139132541649,-1.6));
#16479=CARTESIAN_POINT('',(34.8204091327757,13.4196815454753,-1.5));
#16480=CARTESIAN_POINT('Ctrl Pts',(34.974834718993,13.4845390654025,-1.5));
#16481=CARTESIAN_POINT('Ctrl Pts',(34.974834718993,13.4845390654025,-1.6));
#16482=CARTESIAN_POINT('Ctrl Pts',(34.9443663406813,13.4823279575818,-1.5));
#16483=CARTESIAN_POINT('Ctrl Pts',(34.9443663406813,13.4823279575818,-1.6));
#16484=CARTESIAN_POINT('Ctrl Pts',(34.8854472576362,13.4780521656777,-1.5));
#16485=CARTESIAN_POINT('Ctrl Pts',(34.8854472576362,13.4780521656777,-1.6));
#16486=CARTESIAN_POINT('Ctrl Pts',(34.8415878552365,13.4386890917074,-1.5));
#16487=CARTESIAN_POINT('Ctrl Pts',(34.8415878552365,13.4386890917074,-1.6));
#16488=CARTESIAN_POINT('Ctrl Pts',(34.8204091327757,13.4196815454753,-1.5));
#16489=CARTESIAN_POINT('Ctrl Pts',(34.8204091327757,13.4196815454753,-1.6));
#16490=CARTESIAN_POINT('',(34.974834718993,13.4845390654025,-1.5));
#16491=CARTESIAN_POINT('Ctrl Pts',(34.8204091327757,13.4196815454753,-1.5));
#16492=CARTESIAN_POINT('Ctrl Pts',(34.8415878552365,13.4386890917074,-1.5));
#16493=CARTESIAN_POINT('Ctrl Pts',(34.8854472576362,13.4780521656777,-1.5));
#16494=CARTESIAN_POINT('Ctrl Pts',(34.9443663406813,13.4823279575818,-1.5));
#16495=CARTESIAN_POINT('Ctrl Pts',(34.974834718993,13.4845390654025,-1.5));
#16496=CARTESIAN_POINT('',(34.974834718993,13.4845390654025,-1.6));
#16497=CARTESIAN_POINT('Ctrl Pts',(34.974834718993,13.4845390654025,-1.6));
#16498=CARTESIAN_POINT('Ctrl Pts',(34.9443663406813,13.4823279575818,-1.6));
#16499=CARTESIAN_POINT('Ctrl Pts',(34.8854472576362,13.4780521656777,-1.6));
#16500=CARTESIAN_POINT('Ctrl Pts',(34.8415878552365,13.4386890917074,-1.6));
#16501=CARTESIAN_POINT('Ctrl Pts',(34.8204091327757,13.4196815454753,-1.6));
#16502=CARTESIAN_POINT('',(34.974834718993,13.4845390654025,-1.5));
#16503=CARTESIAN_POINT('Ctrl Pts',(35.1246329622725,13.4177635797992,-1.5));
#16504=CARTESIAN_POINT('Ctrl Pts',(35.1246329622725,13.4177635797992,-1.6));
#16505=CARTESIAN_POINT('Ctrl Pts',(35.1039996707143,13.4371438640421,-1.5));
#16506=CARTESIAN_POINT('Ctrl Pts',(35.1039996707143,13.4371438640421,-1.6));
#16507=CARTESIAN_POINT('Ctrl Pts',(35.0618780754675,13.4767075219462,-1.5));
#16508=CARTESIAN_POINT('Ctrl Pts',(35.0618780754675,13.4767075219462,-1.6));
#16509=CARTESIAN_POINT('Ctrl Pts',(35.0042391687611,13.4818934617,-1.5));
#16510=CARTESIAN_POINT('Ctrl Pts',(35.0042391687611,13.4818934617,-1.6));
#16511=CARTESIAN_POINT('Ctrl Pts',(34.974834718993,13.4845390654025,-1.5));
#16512=CARTESIAN_POINT('Ctrl Pts',(34.974834718993,13.4845390654025,-1.6));
#16513=CARTESIAN_POINT('',(35.1246329622725,13.4177635797992,-1.5));
#16514=CARTESIAN_POINT('Ctrl Pts',(34.974834718993,13.4845390654025,-1.5));
#16515=CARTESIAN_POINT('Ctrl Pts',(35.0042391687611,13.4818934617,-1.5));
#16516=CARTESIAN_POINT('Ctrl Pts',(35.0618780754675,13.4767075219462,-1.5));
#16517=CARTESIAN_POINT('Ctrl Pts',(35.1039996707143,13.4371438640421,-1.5));
#16518=CARTESIAN_POINT('Ctrl Pts',(35.1246329622725,13.4177635797992,-1.5));
#16519=CARTESIAN_POINT('',(35.1246329622725,13.4177635797992,-1.6));
#16520=CARTESIAN_POINT('Ctrl Pts',(35.1246329622725,13.4177635797992,-1.6));
#16521=CARTESIAN_POINT('Ctrl Pts',(35.1039996707143,13.4371438640421,-1.6));
#16522=CARTESIAN_POINT('Ctrl Pts',(35.0618780754675,13.4767075219462,-1.6));
#16523=CARTESIAN_POINT('Ctrl Pts',(35.0042391687611,13.4818934617,-1.6));
#16524=CARTESIAN_POINT('Ctrl Pts',(34.974834718993,13.4845390654025,-1.6));
#16525=CARTESIAN_POINT('',(35.1246329622725,13.4177635797992,-1.5));
#16526=CARTESIAN_POINT('Ctrl Pts',(35.1803597180923,13.1985722301297,-1.5));
#16527=CARTESIAN_POINT('Ctrl Pts',(35.1803597180923,13.1985722301297,-1.6));
#16528=CARTESIAN_POINT('Ctrl Pts',(35.1799687927594,13.243474308274,-1.5));
#16529=CARTESIAN_POINT('Ctrl Pts',(35.1799687927594,13.243474308274,-1.6));
#16530=CARTESIAN_POINT('Ctrl Pts',(35.1792887485835,13.3215848684189,-1.5));
#16531=CARTESIAN_POINT('Ctrl Pts',(35.1792887485835,13.3215848684189,-1.6));
#16532=CARTESIAN_POINT('Ctrl Pts',(35.1409377710541,13.389071732078,-1.5));
#16533=CARTESIAN_POINT('Ctrl Pts',(35.1409377710541,13.389071732078,-1.6));
#16534=CARTESIAN_POINT('Ctrl Pts',(35.1246329622725,13.4177635797992,-1.5));
#16535=CARTESIAN_POINT('Ctrl Pts',(35.1246329622725,13.4177635797992,-1.6));
#16536=CARTESIAN_POINT('Ctrl Pts',(35.1246329622725,13.4177635797992,-1.5));
#16537=CARTESIAN_POINT('Ctrl Pts',(35.1409377710541,13.389071732078,-1.5));
#16538=CARTESIAN_POINT('Ctrl Pts',(35.1792887485835,13.3215848684189,-1.5));
#16539=CARTESIAN_POINT('Ctrl Pts',(35.1799687927594,13.243474308274,-1.5));
#16540=CARTESIAN_POINT('Ctrl Pts',(35.1803597180923,13.1985722301297,-1.5));
#16541=CARTESIAN_POINT('Ctrl Pts',(35.1803597180923,13.1985722301297,-1.6));
#16542=CARTESIAN_POINT('Ctrl Pts',(35.1799687927594,13.243474308274,-1.6));
#16543=CARTESIAN_POINT('Ctrl Pts',(35.1792887485835,13.3215848684189,-1.6));
#16544=CARTESIAN_POINT('Ctrl Pts',(35.1409377710541,13.389071732078,-1.6));
#16545=CARTESIAN_POINT('Ctrl Pts',(35.1246329622725,13.4177635797992,-1.6));
#16546=CARTESIAN_POINT('Ctrl Pts',(35.3544911323519,13.5805420135372,-1.5));
#16547=CARTESIAN_POINT('Ctrl Pts',(35.3544911323519,13.5805420135372,-1.6));
#16548=CARTESIAN_POINT('Ctrl Pts',(35.394021516245,13.5279715123445,-1.5));
#16549=CARTESIAN_POINT('Ctrl Pts',(35.394021516245,13.5279715123445,-1.6));
#16550=CARTESIAN_POINT('Ctrl Pts',(35.4787201515535,13.4153328463363,-1.5));
#16551=CARTESIAN_POINT('Ctrl Pts',(35.4787201515535,13.4153328463363,-1.6));
#16552=CARTESIAN_POINT('Ctrl Pts',(35.4856638173261,13.2740335754216,-1.5));
#16553=CARTESIAN_POINT('Ctrl Pts',(35.4856638173261,13.2740335754216,-1.6));
#16554=CARTESIAN_POINT('Ctrl Pts',(35.4893667487868,13.1986812280048,-1.5));
#16555=CARTESIAN_POINT('Ctrl Pts',(35.4893667487868,13.1986812280048,-1.6));
#16556=CARTESIAN_POINT('',(35.4893667487868,13.1986812280048,-1.5));
#16557=CARTESIAN_POINT('',(35.3544911323519,13.5805420135372,-1.5));
#16558=CARTESIAN_POINT('Ctrl Pts',(35.4893667487868,13.1986812280048,-1.5));
#16559=CARTESIAN_POINT('Ctrl Pts',(35.4856638173261,13.2740335754216,-1.5));
#16560=CARTESIAN_POINT('Ctrl Pts',(35.4787201515535,13.4153328463363,-1.5));
#16561=CARTESIAN_POINT('Ctrl Pts',(35.394021516245,13.5279715123445,-1.5));
#16562=CARTESIAN_POINT('Ctrl Pts',(35.3544911323519,13.5805420135372,-1.5));
#16563=CARTESIAN_POINT('',(35.4893667487868,13.1986812280048,-1.6));
#16564=CARTESIAN_POINT('',(35.4893667487868,13.1986812280048,-1.5));
#16565=CARTESIAN_POINT('',(35.3544911323519,13.5805420135372,-1.6));
#16566=CARTESIAN_POINT('Ctrl Pts',(35.3544911323519,13.5805420135372,-1.6));
#16567=CARTESIAN_POINT('Ctrl Pts',(35.394021516245,13.5279715123445,-1.6));
#16568=CARTESIAN_POINT('Ctrl Pts',(35.4787201515535,13.4153328463363,-1.6));
#16569=CARTESIAN_POINT('Ctrl Pts',(35.4856638173261,13.2740335754216,-1.6));
#16570=CARTESIAN_POINT('Ctrl Pts',(35.4893667487868,13.1986812280048,-1.6));
#16571=CARTESIAN_POINT('',(35.3544911323519,13.5805420135372,-1.5));
#16572=CARTESIAN_POINT('Ctrl Pts',(34.9751030980138,13.7185098919739,-1.5));
#16573=CARTESIAN_POINT('Ctrl Pts',(34.9751030980138,13.7185098919739,-1.6));
#16574=CARTESIAN_POINT('Ctrl Pts',(35.0500725701742,13.714153609817,-1.5));
#16575=CARTESIAN_POINT('Ctrl Pts',(35.0500725701742,13.714153609817,-1.6));
#16576=CARTESIAN_POINT('Ctrl Pts',(35.1908574195455,13.7059729662882,-1.5));
#16577=CARTESIAN_POINT('Ctrl Pts',(35.1908574195455,13.7059729662882,-1.6));
#16578=CARTESIAN_POINT('Ctrl Pts',(35.302363336023,13.6204997890237,-1.5));
#16579=CARTESIAN_POINT('Ctrl Pts',(35.302363336023,13.6204997890237,-1.6));
#16580=CARTESIAN_POINT('Ctrl Pts',(35.3544911323519,13.5805420135372,-1.5));
#16581=CARTESIAN_POINT('Ctrl Pts',(35.3544911323519,13.5805420135372,-1.6));
#16582=CARTESIAN_POINT('',(34.9751030980138,13.7185098919739,-1.5));
#16583=CARTESIAN_POINT('Ctrl Pts',(35.3544911323519,13.5805420135372,-1.5));
#16584=CARTESIAN_POINT('Ctrl Pts',(35.302363336023,13.6204997890237,-1.5));
#16585=CARTESIAN_POINT('Ctrl Pts',(35.1908574195455,13.7059729662882,-1.5));
#16586=CARTESIAN_POINT('Ctrl Pts',(35.0500725701742,13.714153609817,-1.5));
#16587=CARTESIAN_POINT('Ctrl Pts',(34.9751030980138,13.7185098919739,-1.5));
#16588=CARTESIAN_POINT('',(34.9751030980138,13.7185098919739,-1.6));
#16589=CARTESIAN_POINT('Ctrl Pts',(34.9751030980138,13.7185098919739,-1.6));
#16590=CARTESIAN_POINT('Ctrl Pts',(35.0500725701742,13.714153609817,-1.6));
#16591=CARTESIAN_POINT('Ctrl Pts',(35.1908574195455,13.7059729662882,-1.6));
#16592=CARTESIAN_POINT('Ctrl Pts',(35.302363336023,13.6204997890237,-1.6));
#16593=CARTESIAN_POINT('Ctrl Pts',(35.3544911323519,13.5805420135372,-1.6));
#16594=CARTESIAN_POINT('',(34.9751030980138,13.7185098919739,-1.5));
#16595=CARTESIAN_POINT('Ctrl Pts',(34.589840000839,13.5856944893885,-1.5));
#16596=CARTESIAN_POINT('Ctrl Pts',(34.589840000839,13.5856944893885,-1.6));
#16597=CARTESIAN_POINT('Ctrl Pts',(34.642538054362,13.6246156791158,-1.5));
#16598=CARTESIAN_POINT('Ctrl Pts',(34.642538054362,13.6246156791158,-1.6));
#16599=CARTESIAN_POINT('Ctrl Pts',(34.7565145665906,13.7087952865271,-1.5));
#16600=CARTESIAN_POINT('Ctrl Pts',(34.7565145665906,13.7087952865271,-1.6));
#16601=CARTESIAN_POINT('Ctrl Pts',(34.8986729218829,13.7151131492422,-1.5));
#16602=CARTESIAN_POINT('Ctrl Pts',(34.8986729218829,13.7151131492422,-1.6));
#16603=CARTESIAN_POINT('Ctrl Pts',(34.9751030980138,13.7185098919739,-1.5));
#16604=CARTESIAN_POINT('Ctrl Pts',(34.9751030980138,13.7185098919739,-1.6));
#16605=CARTESIAN_POINT('',(34.589840000839,13.5856944893885,-1.5));
#16606=CARTESIAN_POINT('Ctrl Pts',(34.9751030980138,13.7185098919739,-1.5));
#16607=CARTESIAN_POINT('Ctrl Pts',(34.8986729218829,13.7151131492422,-1.5));
#16608=CARTESIAN_POINT('Ctrl Pts',(34.7565145665906,13.7087952865271,-1.5));
#16609=CARTESIAN_POINT('Ctrl Pts',(34.642538054362,13.6246156791158,-1.5));
#16610=CARTESIAN_POINT('Ctrl Pts',(34.589840000839,13.5856944893885,-1.5));
#16611=CARTESIAN_POINT('',(34.589840000839,13.5856944893885,-1.6));
#16612=CARTESIAN_POINT('Ctrl Pts',(34.589840000839,13.5856944893885,-1.6));
#16613=CARTESIAN_POINT('Ctrl Pts',(34.642538054362,13.6246156791158,-1.6));
#16614=CARTESIAN_POINT('Ctrl Pts',(34.7565145665906,13.7087952865271,-1.6));
#16615=CARTESIAN_POINT('Ctrl Pts',(34.8986729218829,13.7151131492422,-1.6));
#16616=CARTESIAN_POINT('Ctrl Pts',(34.9751030980138,13.7185098919739,-1.6));
#16617=CARTESIAN_POINT('',(34.589840000839,13.5856944893885,-1.5));
#16618=CARTESIAN_POINT('Ctrl Pts',(34.4532557075793,13.2110755787696,-1.5));
#16619=CARTESIAN_POINT('Ctrl Pts',(34.4532557075793,13.2110755787696,-1.6));
#16620=CARTESIAN_POINT('Ctrl Pts',(34.4575153186177,13.2853099703158,-1.5));
#16621=CARTESIAN_POINT('Ctrl Pts',(34.4575153186177,13.2853099703158,-1.6));
#16622=CARTESIAN_POINT('Ctrl Pts',(34.4654998866375,13.4244610672945,-1.5));
#16623=CARTESIAN_POINT('Ctrl Pts',(34.4654998866375,13.4244610672945,-1.6));
#16624=CARTESIAN_POINT('Ctrl Pts',(34.5502857425401,13.5344039749405,-1.5));
#16625=CARTESIAN_POINT('Ctrl Pts',(34.5502857425401,13.5344039749405,-1.6));
#16626=CARTESIAN_POINT('Ctrl Pts',(34.589840000839,13.5856944893885,-1.5));
#16627=CARTESIAN_POINT('Ctrl Pts',(34.589840000839,13.5856944893885,-1.6));
#16628=CARTESIAN_POINT('',(34.4532557075793,13.2110755787696,-1.5));
#16629=CARTESIAN_POINT('Ctrl Pts',(34.589840000839,13.5856944893885,-1.5));
#16630=CARTESIAN_POINT('Ctrl Pts',(34.5502857425401,13.5344039749405,-1.5));
#16631=CARTESIAN_POINT('Ctrl Pts',(34.4654998866375,13.4244610672945,-1.5));
#16632=CARTESIAN_POINT('Ctrl Pts',(34.4575153186177,13.2853099703158,-1.5));
#16633=CARTESIAN_POINT('Ctrl Pts',(34.4532557075793,13.2110755787696,-1.5));
#16634=CARTESIAN_POINT('',(34.4532557075793,13.2110755787696,-1.6));
#16635=CARTESIAN_POINT('Ctrl Pts',(34.4532557075793,13.2110755787696,-1.6));
#16636=CARTESIAN_POINT('Ctrl Pts',(34.4575153186177,13.2853099703158,-1.6));
#16637=CARTESIAN_POINT('Ctrl Pts',(34.4654998866375,13.4244610672945,-1.6));
#16638=CARTESIAN_POINT('Ctrl Pts',(34.5502857425401,13.5344039749405,-1.6));
#16639=CARTESIAN_POINT('Ctrl Pts',(34.589840000839,13.5856944893885,-1.6));
#16640=CARTESIAN_POINT('',(34.4532557075793,13.2110755787696,-1.5));
#16641=CARTESIAN_POINT('Ctrl Pts',(34.5114312869912,12.9229789396343,-1.5));
#16642=CARTESIAN_POINT('Ctrl Pts',(34.5114312869912,12.9229789396343,-1.6));
#16643=CARTESIAN_POINT('Ctrl Pts',(34.4943252167351,12.9652664695564,-1.5));
#16644=CARTESIAN_POINT('Ctrl Pts',(34.4943252167351,12.9652664695564,-1.6));
#16645=CARTESIAN_POINT('Ctrl Pts',(34.4570179163689,13.0574930041678,-1.5));
#16646=CARTESIAN_POINT('Ctrl Pts',(34.4570179163689,13.0574930041678,-1.6));
#16647=CARTESIAN_POINT('Ctrl Pts',(34.454577272308,13.1571260706752,-1.5));
#16648=CARTESIAN_POINT('Ctrl Pts',(34.454577272308,13.1571260706752,-1.6));
#16649=CARTESIAN_POINT('Ctrl Pts',(34.4532557075793,13.2110755787696,-1.5));
#16650=CARTESIAN_POINT('Ctrl Pts',(34.4532557075793,13.2110755787696,-1.6));
#16651=CARTESIAN_POINT('',(34.5114312869912,12.9229789396343,-1.5));
#16652=CARTESIAN_POINT('Ctrl Pts',(34.4532557075793,13.2110755787696,-1.5));
#16653=CARTESIAN_POINT('Ctrl Pts',(34.454577272308,13.1571260706752,-1.5));
#16654=CARTESIAN_POINT('Ctrl Pts',(34.4570179163689,13.0574930041678,-1.5));
#16655=CARTESIAN_POINT('Ctrl Pts',(34.4943252167351,12.9652664695564,-1.5));
#16656=CARTESIAN_POINT('Ctrl Pts',(34.5114312869912,12.9229789396343,-1.5));
#16657=CARTESIAN_POINT('',(34.5114312869912,12.9229789396343,-1.6));
#16658=CARTESIAN_POINT('Ctrl Pts',(34.5114312869912,12.9229789396343,-1.6));
#16659=CARTESIAN_POINT('Ctrl Pts',(34.4943252167351,12.9652664695564,-1.6));
#16660=CARTESIAN_POINT('Ctrl Pts',(34.4570179163689,13.0574930041678,-1.6));
#16661=CARTESIAN_POINT('Ctrl Pts',(34.454577272308,13.1571260706752,-1.6));
#16662=CARTESIAN_POINT('Ctrl Pts',(34.4532557075793,13.2110755787696,-1.6));
#16663=CARTESIAN_POINT('',(34.5114312869912,12.9229789396343,-1.5));
#16664=CARTESIAN_POINT('Ctrl Pts',(34.6812524125373,12.7476627501718,-1.5));
#16665=CARTESIAN_POINT('Ctrl Pts',(34.6812524125373,12.7476627501718,-1.6));
#16666=CARTESIAN_POINT('Ctrl Pts',(34.6463131744219,12.7706932237781,-1.5));
#16667=CARTESIAN_POINT('Ctrl Pts',(34.6463131744219,12.7706932237781,-1.6));
#16668=CARTESIAN_POINT('Ctrl Pts',(34.5767187894485,12.8165669100037,-1.5));
#16669=CARTESIAN_POINT('Ctrl Pts',(34.5767187894485,12.8165669100037,-1.6));
#16670=CARTESIAN_POINT('Ctrl Pts',(34.5331344826402,12.8876049245235,-1.5));
#16671=CARTESIAN_POINT('Ctrl Pts',(34.5331344826402,12.8876049245235,-1.6));
#16672=CARTESIAN_POINT('Ctrl Pts',(34.5114312869912,12.9229789396343,-1.5));
#16673=CARTESIAN_POINT('Ctrl Pts',(34.5114312869912,12.9229789396343,-1.6));
#16674=CARTESIAN_POINT('',(34.6812524125373,12.7476627501718,-1.5));
#16675=CARTESIAN_POINT('Ctrl Pts',(34.5114312869912,12.9229789396343,-1.5));
#16676=CARTESIAN_POINT('Ctrl Pts',(34.5331344826402,12.8876049245235,-1.5));
#16677=CARTESIAN_POINT('Ctrl Pts',(34.5767187894485,12.8165669100037,-1.5));
#16678=CARTESIAN_POINT('Ctrl Pts',(34.6463131744219,12.7706932237781,-1.5));
#16679=CARTESIAN_POINT('Ctrl Pts',(34.6812524125373,12.7476627501718,-1.5));
#16680=CARTESIAN_POINT('',(34.6812524125373,12.7476627501718,-1.6));
#16681=CARTESIAN_POINT('Ctrl Pts',(34.6812524125373,12.7476627501718,-1.6));
#16682=CARTESIAN_POINT('Ctrl Pts',(34.6463131744219,12.7706932237781,-1.6));
#16683=CARTESIAN_POINT('Ctrl Pts',(34.5767187894485,12.8165669100037,-1.6));
#16684=CARTESIAN_POINT('Ctrl Pts',(34.5331344826402,12.8876049245235,-1.6));
#16685=CARTESIAN_POINT('Ctrl Pts',(34.5114312869912,12.9229789396343,-1.6));
#16686=CARTESIAN_POINT('',(34.6812524125373,12.7476627501718,-1.5));
#16687=CARTESIAN_POINT('Ctrl Pts',(34.9586241918727,12.6844619104584,-1.5));
#16688=CARTESIAN_POINT('Ctrl Pts',(34.9586241918727,12.6844619104584,-1.6));
#16689=CARTESIAN_POINT('Ctrl Pts',(34.9069665878596,12.68645447839,-1.5));
#16690=CARTESIAN_POINT('Ctrl Pts',(34.9069665878596,12.68645447839,-1.6));
#16691=CARTESIAN_POINT('Ctrl Pts',(34.8103941288748,12.6901795289129,-1.5));
#16692=CARTESIAN_POINT('Ctrl Pts',(34.8103941288748,12.6901795289129,-1.6));
#16693=CARTESIAN_POINT('Ctrl Pts',(34.7222481830971,12.7294148205593,-1.5));
#16694=CARTESIAN_POINT('Ctrl Pts',(34.7222481830971,12.7294148205593,-1.6));
#16695=CARTESIAN_POINT('Ctrl Pts',(34.6812524125373,12.7476627501718,-1.5));
#16696=CARTESIAN_POINT('Ctrl Pts',(34.6812524125373,12.7476627501718,-1.6));
#16697=CARTESIAN_POINT('',(34.9586241918727,12.6844619104584,-1.5));
#16698=CARTESIAN_POINT('Ctrl Pts',(34.6812524125373,12.7476627501718,-1.5));
#16699=CARTESIAN_POINT('Ctrl Pts',(34.7222481830971,12.7294148205593,-1.5));
#16700=CARTESIAN_POINT('Ctrl Pts',(34.8103941288748,12.6901795289129,-1.5));
#16701=CARTESIAN_POINT('Ctrl Pts',(34.9069665878596,12.68645447839,-1.5));
#16702=CARTESIAN_POINT('Ctrl Pts',(34.9586241918727,12.6844619104584,-1.5));
#16703=CARTESIAN_POINT('',(34.9586241918727,12.6844619104584,-1.6));
#16704=CARTESIAN_POINT('Ctrl Pts',(34.9586241918727,12.6844619104584,-1.6));
#16705=CARTESIAN_POINT('Ctrl Pts',(34.9069665878596,12.68645447839,-1.6));
#16706=CARTESIAN_POINT('Ctrl Pts',(34.8103941288748,12.6901795289129,-1.6));
#16707=CARTESIAN_POINT('Ctrl Pts',(34.7222481830971,12.7294148205593,-1.6));
#16708=CARTESIAN_POINT('Ctrl Pts',(34.6812524125373,12.7476627501718,-1.6));
#16709=CARTESIAN_POINT('',(34.9586241918727,12.6844619104584,-1.5));
#16710=CARTESIAN_POINT('Ctrl Pts',(35.2391955435421,12.7372107609853,-1.5));
#16711=CARTESIAN_POINT('Ctrl Pts',(35.2391955435421,12.7372107609853,-1.6));
#16712=CARTESIAN_POINT('Ctrl Pts',(35.1976854795095,12.7216890491527,-1.5));
#16713=CARTESIAN_POINT('Ctrl Pts',(35.1976854795095,12.7216890491527,-1.6));
#16714=CARTESIAN_POINT('Ctrl Pts',(35.1073589297593,12.6879135609975,-1.5));
#16715=CARTESIAN_POINT('Ctrl Pts',(35.1073589297593,12.6879135609975,-1.6));
#16716=CARTESIAN_POINT('Ctrl Pts',(35.0108057989746,12.6856728762008,-1.5));
#16717=CARTESIAN_POINT('Ctrl Pts',(35.0108057989746,12.6856728762008,-1.6));
#16718=CARTESIAN_POINT('Ctrl Pts',(34.9586241918727,12.6844619104584,-1.5));
#16719=CARTESIAN_POINT('Ctrl Pts',(34.9586241918727,12.6844619104584,-1.6));
#16720=CARTESIAN_POINT('',(35.2391955435421,12.7372107609853,-1.5));
#16721=CARTESIAN_POINT('Ctrl Pts',(34.9586241918727,12.6844619104584,-1.5));
#16722=CARTESIAN_POINT('Ctrl Pts',(35.0108057989746,12.6856728762008,-1.5));
#16723=CARTESIAN_POINT('Ctrl Pts',(35.1073589297593,12.6879135609975,-1.5));
#16724=CARTESIAN_POINT('Ctrl Pts',(35.1976854795095,12.7216890491527,-1.5));
#16725=CARTESIAN_POINT('Ctrl Pts',(35.2391955435421,12.7372107609853,-1.5));
#16726=CARTESIAN_POINT('',(35.2391955435421,12.7372107609853,-1.6));
#16727=CARTESIAN_POINT('Ctrl Pts',(35.2391955435421,12.7372107609853,-1.6));
#16728=CARTESIAN_POINT('Ctrl Pts',(35.1976854795095,12.7216890491527,-1.6));
#16729=CARTESIAN_POINT('Ctrl Pts',(35.1073589297593,12.6879135609975,-1.6));
#16730=CARTESIAN_POINT('Ctrl Pts',(35.0108057989746,12.6856728762008,-1.6));
#16731=CARTESIAN_POINT('Ctrl Pts',(34.9586241918727,12.6844619104584,-1.6));
#16732=CARTESIAN_POINT('',(35.2391955435421,12.7372107609853,-1.5));
#16733=CARTESIAN_POINT('Ctrl Pts',(35.4192864732984,12.9070126401145,-1.5));
#16734=CARTESIAN_POINT('Ctrl Pts',(35.4192864732984,12.9070126401145,-1.6));
#16735=CARTESIAN_POINT('Ctrl Pts',(35.3949403707214,12.8710927383205,-1.5));
#16736=CARTESIAN_POINT('Ctrl Pts',(35.3949403707214,12.8710927383205,-1.6));
#16737=CARTESIAN_POINT('Ctrl Pts',(35.3474746017719,12.8010624016843,-1.5));
#16738=CARTESIAN_POINT('Ctrl Pts',(35.3474746017719,12.8010624016843,-1.6));
#16739=CARTESIAN_POINT('Ctrl Pts',(35.2746614394451,12.7581248294977,-1.5));
#16740=CARTESIAN_POINT('Ctrl Pts',(35.2746614394451,12.7581248294977,-1.6));
#16741=CARTESIAN_POINT('Ctrl Pts',(35.2391955435421,12.7372107609853,-1.5));
#16742=CARTESIAN_POINT('Ctrl Pts',(35.2391955435421,12.7372107609853,-1.6));
#16743=CARTESIAN_POINT('',(35.4192864732984,12.9070126401145,-1.5));
#16744=CARTESIAN_POINT('Ctrl Pts',(35.2391955435421,12.7372107609853,-1.5));
#16745=CARTESIAN_POINT('Ctrl Pts',(35.2746614394451,12.7581248294977,-1.5));
#16746=CARTESIAN_POINT('Ctrl Pts',(35.3474746017719,12.8010624016843,-1.5));
#16747=CARTESIAN_POINT('Ctrl Pts',(35.3949403707214,12.8710927383205,-1.5));
#16748=CARTESIAN_POINT('Ctrl Pts',(35.4192864732984,12.9070126401145,-1.5));
#16749=CARTESIAN_POINT('',(35.4192864732984,12.9070126401145,-1.6));
#16750=CARTESIAN_POINT('Ctrl Pts',(35.4192864732984,12.9070126401145,-1.6));
#16751=CARTESIAN_POINT('Ctrl Pts',(35.3949403707214,12.8710927383205,-1.6));
#16752=CARTESIAN_POINT('Ctrl Pts',(35.3474746017719,12.8010624016843,-1.6));
#16753=CARTESIAN_POINT('Ctrl Pts',(35.2746614394451,12.7581248294977,-1.6));
#16754=CARTESIAN_POINT('Ctrl Pts',(35.2391955435421,12.7372107609853,-1.6));
#16755=CARTESIAN_POINT('',(35.4192864732984,12.9070126401145,-1.5));
#16756=CARTESIAN_POINT('Ctrl Pts',(35.4893667487868,13.1986812280048,-1.5));
#16757=CARTESIAN_POINT('Ctrl Pts',(35.4893667487868,13.1986812280048,-1.6));
#16758=CARTESIAN_POINT('Ctrl Pts',(35.487135157071,13.144226394377,-1.5));
#16759=CARTESIAN_POINT('Ctrl Pts',(35.487135157071,13.144226394377,-1.6));
#16760=CARTESIAN_POINT('Ctrl Pts',(35.482954462935,13.0422099717442,-1.5));
#16761=CARTESIAN_POINT('Ctrl Pts',(35.482954462935,13.0422099717442,-1.6));
#16762=CARTESIAN_POINT('Ctrl Pts',(35.4395310983119,12.9500015784694,-1.5));
#16763=CARTESIAN_POINT('Ctrl Pts',(35.4395310983119,12.9500015784694,-1.6));
#16764=CARTESIAN_POINT('Ctrl Pts',(35.4192864732984,12.9070126401145,-1.5));
#16765=CARTESIAN_POINT('Ctrl Pts',(35.4192864732984,12.9070126401145,-1.6));
#16766=CARTESIAN_POINT('Ctrl Pts',(35.4192864732984,12.9070126401145,-1.5));
#16767=CARTESIAN_POINT('Ctrl Pts',(35.4395310983119,12.9500015784694,-1.5));
#16768=CARTESIAN_POINT('Ctrl Pts',(35.482954462935,13.0422099717442,-1.5));
#16769=CARTESIAN_POINT('Ctrl Pts',(35.487135157071,13.144226394377,-1.5));
#16770=CARTESIAN_POINT('Ctrl Pts',(35.4893667487868,13.1986812280048,-1.5));
#16771=CARTESIAN_POINT('Ctrl Pts',(35.4893667487868,13.1986812280048,-1.6));
#16772=CARTESIAN_POINT('Ctrl Pts',(35.487135157071,13.144226394377,-1.6));
#16773=CARTESIAN_POINT('Ctrl Pts',(35.482954462935,13.0422099717442,-1.6));
#16774=CARTESIAN_POINT('Ctrl Pts',(35.4395310983119,12.9500015784694,-1.6));
#16775=CARTESIAN_POINT('Ctrl Pts',(35.4192864732984,12.9070126401145,-1.6));
#16776=CARTESIAN_POINT('Origin',(35.7659777749386,13.2014859012162,-1.6));
#16777=CARTESIAN_POINT('Origin',(35.7659777749386,13.2014859012162,-1.5));
#16778=CARTESIAN_POINT('Origin',(35.646924407976,16.2387275650712,-1.5));
#16779=CARTESIAN_POINT('',(35.9559259717116,16.2374723725913,-1.5));
#16780=CARTESIAN_POINT('',(35.646924407976,16.2387275650712,-1.5));
#16781=CARTESIAN_POINT('',(35.9559259717116,16.2374723725913,-1.5));
#16782=CARTESIAN_POINT('',(35.9559259717116,16.2374723725913,-1.6));
#16783=CARTESIAN_POINT('',(35.9559259717116,16.2374723725913,-1.5));
#16784=CARTESIAN_POINT('',(35.646924407976,16.2387275650712,-1.6));
#16785=CARTESIAN_POINT('',(35.9559259717116,16.2374723725913,-1.6));
#16786=CARTESIAN_POINT('',(35.646924407976,16.2387275650712,-1.5));
#16787=CARTESIAN_POINT('Origin',(35.6438626249351,15.4849820140044,-1.5));
#16788=CARTESIAN_POINT('',(35.6438626249351,15.4849820140044,-1.5));
#16789=CARTESIAN_POINT('',(35.646924407976,16.2387275650712,-1.5));
#16790=CARTESIAN_POINT('',(35.6438626249351,15.4849820140044,-1.6));
#16791=CARTESIAN_POINT('',(35.646924407976,16.2387275650712,-1.6));
#16792=CARTESIAN_POINT('',(35.6438626249351,15.4849820140044,-1.5));
#16793=CARTESIAN_POINT('Origin',(35.1616019955648,15.4869410005804,-1.5));
#16794=CARTESIAN_POINT('',(35.1616019955648,15.4869410005804,-1.5));
#16795=CARTESIAN_POINT('',(35.6438626249351,15.4849820140044,-1.5));
#16796=CARTESIAN_POINT('',(35.1616019955648,15.4869410005804,-1.6));
#16797=CARTESIAN_POINT('',(35.6438626249351,15.4849820140044,-1.6));
#16798=CARTESIAN_POINT('',(35.1616019955648,15.4869410005804,-1.5));
#16799=CARTESIAN_POINT('Origin',(35.1606017210295,15.2406947869359,-1.5));
#16800=CARTESIAN_POINT('',(35.1606017210295,15.2406947869359,-1.5));
#16801=CARTESIAN_POINT('',(35.1616019955648,15.4869410005804,-1.5));
#16802=CARTESIAN_POINT('',(35.1606017210295,15.2406947869359,-1.6));
#16803=CARTESIAN_POINT('',(35.1616019955648,15.4869410005804,-1.6));
#16804=CARTESIAN_POINT('',(35.1606017210295,15.2406947869359,-1.5));
#16805=CARTESIAN_POINT('Origin',(35.9518639141354,15.2374806078799,-1.5));
#16806=CARTESIAN_POINT('',(35.9518639141354,15.2374806078799,-1.5));
#16807=CARTESIAN_POINT('',(35.1606017210295,15.2406947869359,-1.5));
#16808=CARTESIAN_POINT('',(35.9518639141354,15.2374806078799,-1.6));
#16809=CARTESIAN_POINT('',(35.1606017210295,15.2406947869359,-1.6));
#16810=CARTESIAN_POINT('',(35.9518639141354,15.2374806078799,-1.5));
#16811=CARTESIAN_POINT('Origin',(35.9559259717116,16.2374723725913,-1.5));
#16812=CARTESIAN_POINT('',(35.9518639141354,15.2374806078799,-1.5));
#16813=CARTESIAN_POINT('',(35.9518639141354,15.2374806078799,-1.6));
#16814=CARTESIAN_POINT('Origin',(35.5176894888558,15.7346568851397,-1.6));
#16815=CARTESIAN_POINT('Origin',(35.5176894888558,15.7346568851397,-1.5));
#16816=CARTESIAN_POINT('Origin',(36.1032581635606,15.563607726967,-1.5));
#16817=CARTESIAN_POINT('',(36.3743933423874,15.6443623832106,-1.5));
#16818=CARTESIAN_POINT('',(36.1032581635606,15.563607726967,-1.5));
#16819=CARTESIAN_POINT('',(36.3743933423874,15.6443623832106,-1.5));
#16820=CARTESIAN_POINT('',(36.3743933423874,15.6443623832106,-1.6));
#16821=CARTESIAN_POINT('',(36.3743933423874,15.6443623832106,-1.5));
#16822=CARTESIAN_POINT('',(36.1032581635606,15.563607726967,-1.6));
#16823=CARTESIAN_POINT('',(36.3743933423874,15.6443623832106,-1.6));
#16824=CARTESIAN_POINT('',(36.1032581635606,15.563607726967,-1.5));
#16825=CARTESIAN_POINT('Ctrl Pts',(36.1884325731795,15.3729464141584,-1.5));
#16826=CARTESIAN_POINT('Ctrl Pts',(36.1884325731795,15.3729464141584,-1.6));
#16827=CARTESIAN_POINT('Ctrl Pts',(36.1700983156189,15.4009228338621,-1.5));
#16828=CARTESIAN_POINT('Ctrl Pts',(36.1700983156189,15.4009228338621,-1.6));
#16829=CARTESIAN_POINT('Ctrl Pts',(36.1314842651935,15.4598443842758,-1.5));
#16830=CARTESIAN_POINT('Ctrl Pts',(36.1314842651935,15.4598443842758,-1.6));
#16831=CARTESIAN_POINT('Ctrl Pts',(36.1129776768834,15.5278773521236,-1.5));
#16832=CARTESIAN_POINT('Ctrl Pts',(36.1129776768834,15.5278773521236,-1.6));
#16833=CARTESIAN_POINT('Ctrl Pts',(36.1032581635606,15.563607726967,-1.5));
#16834=CARTESIAN_POINT('Ctrl Pts',(36.1032581635606,15.563607726967,-1.6));
#16835=CARTESIAN_POINT('',(36.1884325731795,15.3729464141584,-1.5));
#16836=CARTESIAN_POINT('Ctrl Pts',(36.1032581635606,15.563607726967,-1.5));
#16837=CARTESIAN_POINT('Ctrl Pts',(36.1129776768834,15.5278773521236,-1.5));
#16838=CARTESIAN_POINT('Ctrl Pts',(36.1314842651935,15.4598443842758,-1.5));
#16839=CARTESIAN_POINT('Ctrl Pts',(36.1700983156189,15.4009228338621,-1.5));
#16840=CARTESIAN_POINT('Ctrl Pts',(36.1884325731795,15.3729464141584,-1.5));
#16841=CARTESIAN_POINT('',(36.1884325731795,15.3729464141584,-1.6));
#16842=CARTESIAN_POINT('Ctrl Pts',(36.1884325731795,15.3729464141584,-1.6));
#16843=CARTESIAN_POINT('Ctrl Pts',(36.1700983156189,15.4009228338621,-1.6));
#16844=CARTESIAN_POINT('Ctrl Pts',(36.1314842651935,15.4598443842758,-1.6));
#16845=CARTESIAN_POINT('Ctrl Pts',(36.1129776768834,15.5278773521236,-1.6));
#16846=CARTESIAN_POINT('Ctrl Pts',(36.1032581635606,15.563607726967,-1.6));
#16847=CARTESIAN_POINT('',(36.1884325731795,15.3729464141584,-1.5));
#16848=CARTESIAN_POINT('Ctrl Pts',(36.3339385219046,15.2570747003298,-1.5));
#16849=CARTESIAN_POINT('Ctrl Pts',(36.3339385219046,15.2570747003298,-1.6));
#16850=CARTESIAN_POINT('Ctrl Pts',(36.3060676616029,15.2717374429667,-1.5));
#16851=CARTESIAN_POINT('Ctrl Pts',(36.3060676616029,15.2717374429667,-1.6));
#16852=CARTESIAN_POINT('Ctrl Pts',(36.250212446701,15.3011226371147,-1.5));
#16853=CARTESIAN_POINT('Ctrl Pts',(36.250212446701,15.3011226371147,-1.6));
#16854=CARTESIAN_POINT('Ctrl Pts',(36.209053741657,15.3489727456692,-1.5));
#16855=CARTESIAN_POINT('Ctrl Pts',(36.209053741657,15.3489727456692,-1.6));
#16856=CARTESIAN_POINT('Ctrl Pts',(36.1884325731795,15.3729464141584,-1.5));
#16857=CARTESIAN_POINT('Ctrl Pts',(36.1884325731795,15.3729464141584,-1.6));
#16858=CARTESIAN_POINT('',(36.3339385219046,15.2570747003298,-1.5));
#16859=CARTESIAN_POINT('Ctrl Pts',(36.1884325731795,15.3729464141584,-1.5));
#16860=CARTESIAN_POINT('Ctrl Pts',(36.209053741657,15.3489727456692,-1.5));
#16861=CARTESIAN_POINT('Ctrl Pts',(36.250212446701,15.3011226371147,-1.5));
#16862=CARTESIAN_POINT('Ctrl Pts',(36.3060676616029,15.2717374429667,-1.5));
#16863=CARTESIAN_POINT('Ctrl Pts',(36.3339385219046,15.2570747003298,-1.5));
#16864=CARTESIAN_POINT('',(36.3339385219046,15.2570747003298,-1.6));
#16865=CARTESIAN_POINT('Ctrl Pts',(36.3339385219046,15.2570747003298,-1.6));
#16866=CARTESIAN_POINT('Ctrl Pts',(36.3060676616029,15.2717374429667,-1.6));
#16867=CARTESIAN_POINT('Ctrl Pts',(36.250212446701,15.3011226371147,-1.6));
#16868=CARTESIAN_POINT('Ctrl Pts',(36.209053741657,15.3489727456692,-1.6));
#16869=CARTESIAN_POINT('Ctrl Pts',(36.1884325731795,15.3729464141584,-1.6));
#16870=CARTESIAN_POINT('',(36.3339385219046,15.2570747003298,-1.5));
#16871=CARTESIAN_POINT('Ctrl Pts',(36.5547883129281,15.2172959657144,-1.5));
#16872=CARTESIAN_POINT('Ctrl Pts',(36.5547883129281,15.2172959657144,-1.6));
#16873=CARTESIAN_POINT('Ctrl Pts',(36.5135556266687,15.2184238923617,-1.5));
#16874=CARTESIAN_POINT('Ctrl Pts',(36.5135556266687,15.2184238923617,-1.6));
#16875=CARTESIAN_POINT('Ctrl Pts',(36.437816467429,15.2204957490293,-1.5));
#16876=CARTESIAN_POINT('Ctrl Pts',(36.437816467429,15.2204957490293,-1.6));
#16877=CARTESIAN_POINT('Ctrl Pts',(36.3664519326249,15.245625624577,-1.5));
#16878=CARTESIAN_POINT('Ctrl Pts',(36.3664519326249,15.245625624577,-1.6));
#16879=CARTESIAN_POINT('Ctrl Pts',(36.3339385219046,15.2570747003298,-1.5));
#16880=CARTESIAN_POINT('Ctrl Pts',(36.3339385219046,15.2570747003298,-1.6));
#16881=CARTESIAN_POINT('',(36.5547883129281,15.2172959657144,-1.5));
#16882=CARTESIAN_POINT('Ctrl Pts',(36.3339385219046,15.2570747003298,-1.5));
#16883=CARTESIAN_POINT('Ctrl Pts',(36.3664519326249,15.245625624577,-1.5));
#16884=CARTESIAN_POINT('Ctrl Pts',(36.437816467429,15.2204957490293,-1.5));
#16885=CARTESIAN_POINT('Ctrl Pts',(36.5135556266687,15.2184238923617,-1.5));
#16886=CARTESIAN_POINT('Ctrl Pts',(36.5547883129281,15.2172959657144,-1.5));
#16887=CARTESIAN_POINT('',(36.5547883129281,15.2172959657144,-1.6));
#16888=CARTESIAN_POINT('Ctrl Pts',(36.5547883129281,15.2172959657144,-1.6));
#16889=CARTESIAN_POINT('Ctrl Pts',(36.5135556266687,15.2184238923617,-1.6));
#16890=CARTESIAN_POINT('Ctrl Pts',(36.437816467429,15.2204957490293,-1.6));
#16891=CARTESIAN_POINT('Ctrl Pts',(36.3664519326249,15.245625624577,-1.6));
#16892=CARTESIAN_POINT('Ctrl Pts',(36.3339385219046,15.2570747003298,-1.6));
#16893=CARTESIAN_POINT('',(36.5547883129281,15.2172959657144,-1.5));
#16894=CARTESIAN_POINT('Ctrl Pts',(36.8216894595008,15.2632789850215,-1.5));
#16895=CARTESIAN_POINT('Ctrl Pts',(36.8216894595008,15.2632789850215,-1.6));
#16896=CARTESIAN_POINT('Ctrl Pts',(36.782487589629,15.2497405560479,-1.5));
#16897=CARTESIAN_POINT('Ctrl Pts',(36.782487589629,15.2497405560479,-1.6));
#16898=CARTESIAN_POINT('Ctrl Pts',(36.6961608324513,15.2199274712538,-1.5));
#16899=CARTESIAN_POINT('Ctrl Pts',(36.6961608324513,15.2199274712538,-1.6));
#16900=CARTESIAN_POINT('Ctrl Pts',(36.6047102458985,15.2182252116781,-1.5));
#16901=CARTESIAN_POINT('Ctrl Pts',(36.6047102458985,15.2182252116781,-1.6));
#16902=CARTESIAN_POINT('Ctrl Pts',(36.5547883129281,15.2172959657144,-1.5));
#16903=CARTESIAN_POINT('Ctrl Pts',(36.5547883129281,15.2172959657144,-1.6));
#16904=CARTESIAN_POINT('',(36.8216894595008,15.2632789850215,-1.5));
#16905=CARTESIAN_POINT('Ctrl Pts',(36.5547883129281,15.2172959657144,-1.5));
#16906=CARTESIAN_POINT('Ctrl Pts',(36.6047102458985,15.2182252116781,-1.5));
#16907=CARTESIAN_POINT('Ctrl Pts',(36.6961608324513,15.2199274712538,-1.5));
#16908=CARTESIAN_POINT('Ctrl Pts',(36.782487589629,15.2497405560479,-1.5));
#16909=CARTESIAN_POINT('Ctrl Pts',(36.8216894595008,15.2632789850215,-1.5));
#16910=CARTESIAN_POINT('',(36.8216894595008,15.2632789850215,-1.6));
#16911=CARTESIAN_POINT('Ctrl Pts',(36.8216894595008,15.2632789850215,-1.6));
#16912=CARTESIAN_POINT('Ctrl Pts',(36.782487589629,15.2497405560479,-1.6));
#16913=CARTESIAN_POINT('Ctrl Pts',(36.6961608324513,15.2199274712538,-1.6));
#16914=CARTESIAN_POINT('Ctrl Pts',(36.6047102458985,15.2182252116781,-1.6));
#16915=CARTESIAN_POINT('Ctrl Pts',(36.5547883129281,15.2172959657144,-1.6));
#16916=CARTESIAN_POINT('',(36.8216894595008,15.2632789850215,-1.5));
#16917=CARTESIAN_POINT('Ctrl Pts',(37.0004022986759,15.4296758561679,-1.5));
#16918=CARTESIAN_POINT('Ctrl Pts',(37.0004022986759,15.4296758561679,-1.6));
#16919=CARTESIAN_POINT('Ctrl Pts',(36.9751755461906,15.3935047066755,-1.5));
#16920=CARTESIAN_POINT('Ctrl Pts',(36.9751755461906,15.3935047066755,-1.6));
#16921=CARTESIAN_POINT('Ctrl Pts',(36.9274604773365,15.325088889397,-1.5));
#16922=CARTESIAN_POINT('Ctrl Pts',(36.9274604773365,15.325088889397,-1.6));
#16923=CARTESIAN_POINT('Ctrl Pts',(36.8555711890526,15.2830786097819,-1.5));
#16924=CARTESIAN_POINT('Ctrl Pts',(36.8555711890526,15.2830786097819,-1.6));
#16925=CARTESIAN_POINT('Ctrl Pts',(36.8216894595008,15.2632789850215,-1.5));
#16926=CARTESIAN_POINT('Ctrl Pts',(36.8216894595008,15.2632789850215,-1.6));
#16927=CARTESIAN_POINT('',(37.0004022986759,15.4296758561679,-1.5));
#16928=CARTESIAN_POINT('Ctrl Pts',(36.8216894595008,15.2632789850215,-1.5));
#16929=CARTESIAN_POINT('Ctrl Pts',(36.8555711890526,15.2830786097819,-1.5));
#16930=CARTESIAN_POINT('Ctrl Pts',(36.9274604773365,15.325088889397,-1.5));
#16931=CARTESIAN_POINT('Ctrl Pts',(36.9751755461906,15.3935047066755,-1.5));
#16932=CARTESIAN_POINT('Ctrl Pts',(37.0004022986759,15.4296758561679,-1.5));
#16933=CARTESIAN_POINT('',(37.0004022986759,15.4296758561679,-1.6));
#16934=CARTESIAN_POINT('Ctrl Pts',(37.0004022986759,15.4296758561679,-1.6));
#16935=CARTESIAN_POINT('Ctrl Pts',(36.9751755461906,15.3935047066755,-1.6));
#16936=CARTESIAN_POINT('Ctrl Pts',(36.9274604773365,15.325088889397,-1.6));
#16937=CARTESIAN_POINT('Ctrl Pts',(36.8555711890526,15.2830786097819,-1.6));
#16938=CARTESIAN_POINT('Ctrl Pts',(36.8216894595008,15.2632789850215,-1.6));
#16939=CARTESIAN_POINT('',(37.0004022986759,15.4296758561679,-1.5));
#16940=CARTESIAN_POINT('Ctrl Pts',(37.0766771212008,15.7349620029187,-1.5));
#16941=CARTESIAN_POINT('Ctrl Pts',(37.0766771212008,15.7349620029187,-1.6));
#16942=CARTESIAN_POINT('Ctrl Pts',(37.0743416644148,15.6774029054312,-1.5));
#16943=CARTESIAN_POINT('Ctrl Pts',(37.0743416644148,15.6774029054312,-1.6));
#16944=CARTESIAN_POINT('Ctrl Pts',(37.0699895815872,15.5701425351091,-1.5));
#16945=CARTESIAN_POINT('Ctrl Pts',(37.0699895815872,15.5701425351091,-1.6));
#16946=CARTESIAN_POINT('Ctrl Pts',(37.0224368318538,15.4741540649444,-1.5));
#16947=CARTESIAN_POINT('Ctrl Pts',(37.0224368318538,15.4741540649444,-1.6));
#16948=CARTESIAN_POINT('Ctrl Pts',(37.0004022986759,15.4296758561679,-1.5));
#16949=CARTESIAN_POINT('Ctrl Pts',(37.0004022986759,15.4296758561679,-1.6));
#16950=CARTESIAN_POINT('',(37.0766771212008,15.7349620029187,-1.5));
#16951=CARTESIAN_POINT('Ctrl Pts',(37.0004022986759,15.4296758561679,-1.5));
#16952=CARTESIAN_POINT('Ctrl Pts',(37.0224368318538,15.4741540649444,-1.5));
#16953=CARTESIAN_POINT('Ctrl Pts',(37.0699895815872,15.5701425351091,-1.5));
#16954=CARTESIAN_POINT('Ctrl Pts',(37.0743416644148,15.6774029054312,-1.5));
#16955=CARTESIAN_POINT('Ctrl Pts',(37.0766771212008,15.7349620029187,-1.5));
#16956=CARTESIAN_POINT('',(37.0766771212008,15.7349620029187,-1.6));
#16957=CARTESIAN_POINT('Ctrl Pts',(37.0766771212008,15.7349620029187,-1.6));
#16958=CARTESIAN_POINT('Ctrl Pts',(37.0743416644148,15.6774029054312,-1.6));
#16959=CARTESIAN_POINT('Ctrl Pts',(37.0699895815872,15.5701425351091,-1.6));
#16960=CARTESIAN_POINT('Ctrl Pts',(37.0224368318538,15.4741540649444,-1.6));
#16961=CARTESIAN_POINT('Ctrl Pts',(37.0004022986759,15.4296758561679,-1.6));
#16962=CARTESIAN_POINT('',(37.0766771212008,15.7349620029187,-1.5));
#16963=CARTESIAN_POINT('Ctrl Pts',(36.9465763701819,16.1168033925132,-1.5));
#16964=CARTESIAN_POINT('Ctrl Pts',(36.9465763701819,16.1168033925132,-1.6));
#16965=CARTESIAN_POINT('Ctrl Pts',(36.9847001946459,16.0646723077602,-1.5));
#16966=CARTESIAN_POINT('Ctrl Pts',(36.9847001946459,16.0646723077602,-1.6));
#16967=CARTESIAN_POINT('Ctrl Pts',(37.0674535943765,15.9515140778185,-1.5));
#16968=CARTESIAN_POINT('Ctrl Pts',(37.0674535943765,15.9515140778185,-1.6));
#16969=CARTESIAN_POINT('Ctrl Pts',(37.0734455897922,15.8108326373273,-1.5));
#16970=CARTESIAN_POINT('Ctrl Pts',(37.0734455897922,15.8108326373273,-1.6));
#16971=CARTESIAN_POINT('Ctrl Pts',(37.0766771212008,15.7349620029187,-1.5));
#16972=CARTESIAN_POINT('Ctrl Pts',(37.0766771212008,15.7349620029187,-1.6));
#16973=CARTESIAN_POINT('',(36.9465763701819,16.1168033925132,-1.5));
#16974=CARTESIAN_POINT('Ctrl Pts',(37.0766771212008,15.7349620029187,-1.5));
#16975=CARTESIAN_POINT('Ctrl Pts',(37.0734455897922,15.8108326373273,-1.5));
#16976=CARTESIAN_POINT('Ctrl Pts',(37.0674535943765,15.9515140778185,-1.5));
#16977=CARTESIAN_POINT('Ctrl Pts',(36.9847001946459,16.0646723077602,-1.5));
#16978=CARTESIAN_POINT('Ctrl Pts',(36.9465763701819,16.1168033925132,-1.5));
#16979=CARTESIAN_POINT('',(36.9465763701819,16.1168033925132,-1.6));
#16980=CARTESIAN_POINT('Ctrl Pts',(36.9465763701819,16.1168033925132,-1.6));
#16981=CARTESIAN_POINT('Ctrl Pts',(36.9847001946459,16.0646723077602,-1.6));
#16982=CARTESIAN_POINT('Ctrl Pts',(37.0674535943765,15.9515140778185,-1.6));
#16983=CARTESIAN_POINT('Ctrl Pts',(37.0734455897922,15.8108326373273,-1.6));
#16984=CARTESIAN_POINT('Ctrl Pts',(37.0766771212008,15.7349620029187,-1.6));
#16985=CARTESIAN_POINT('',(36.9465763701819,16.1168033925132,-1.5));
#16986=CARTESIAN_POINT('Ctrl Pts',(36.5733162751826,16.252017804565,-1.5));
#16987=CARTESIAN_POINT('Ctrl Pts',(36.5733162751826,16.252017804565,-1.6));
#16988=CARTESIAN_POINT('Ctrl Pts',(36.6474261856425,16.2478758209879,-1.5));
#16989=CARTESIAN_POINT('Ctrl Pts',(36.6474261856425,16.2478758209879,-1.6));
#16990=CARTESIAN_POINT('Ctrl Pts',(36.7859781313853,16.2401321888573,-1.5));
#16991=CARTESIAN_POINT('Ctrl Pts',(36.7859781313853,16.2401321888573,-1.6));
#16992=CARTESIAN_POINT('Ctrl Pts',(36.8955931965991,16.1559550885647,-1.5));
#16993=CARTESIAN_POINT('Ctrl Pts',(36.8955931965991,16.1559550885647,-1.6));
#16994=CARTESIAN_POINT('Ctrl Pts',(36.9465763701819,16.1168033925132,-1.5));
#16995=CARTESIAN_POINT('Ctrl Pts',(36.9465763701819,16.1168033925132,-1.6));
#16996=CARTESIAN_POINT('',(36.5733162751826,16.252017804565,-1.5));
#16997=CARTESIAN_POINT('Ctrl Pts',(36.9465763701819,16.1168033925132,-1.5));
#16998=CARTESIAN_POINT('Ctrl Pts',(36.8955931965991,16.1559550885647,-1.5));
#16999=CARTESIAN_POINT('Ctrl Pts',(36.7859781313853,16.2401321888573,-1.5));
#17000=CARTESIAN_POINT('Ctrl Pts',(36.6474261856425,16.2478758209879,-1.5));
#17001=CARTESIAN_POINT('Ctrl Pts',(36.5733162751826,16.252017804565,-1.5));
#17002=CARTESIAN_POINT('',(36.5733162751826,16.252017804565,-1.6));
#17003=CARTESIAN_POINT('Ctrl Pts',(36.5733162751826,16.252017804565,-1.6));
#17004=CARTESIAN_POINT('Ctrl Pts',(36.6474261856425,16.2478758209879,-1.6));
#17005=CARTESIAN_POINT('Ctrl Pts',(36.7859781313853,16.2401321888573,-1.6));
#17006=CARTESIAN_POINT('Ctrl Pts',(36.8955931965991,16.1559550885647,-1.6));
#17007=CARTESIAN_POINT('Ctrl Pts',(36.9465763701819,16.1168033925132,-1.6));
#17008=CARTESIAN_POINT('',(36.5733162751826,16.252017804565,-1.5));
#17009=CARTESIAN_POINT('Ctrl Pts',(36.2762826090525,16.1768254241029,-1.5));
#17010=CARTESIAN_POINT('Ctrl Pts',(36.2762826090525,16.1768254241029,-1.6));
#17011=CARTESIAN_POINT('Ctrl Pts',(36.3182069304988,16.198885729398,-1.5));
#17012=CARTESIAN_POINT('Ctrl Pts',(36.3182069304988,16.198885729398,-1.6));
#17013=CARTESIAN_POINT('Ctrl Pts',(36.410850005188,16.2476339128061,-1.5));
#17014=CARTESIAN_POINT('Ctrl Pts',(36.410850005188,16.2476339128061,-1.6));
#17015=CARTESIAN_POINT('Ctrl Pts',(36.5158387250075,16.2504668650467,-1.5));
#17016=CARTESIAN_POINT('Ctrl Pts',(36.5158387250075,16.2504668650467,-1.6));
#17017=CARTESIAN_POINT('Ctrl Pts',(36.5733162751826,16.252017804565,-1.5));
#17018=CARTESIAN_POINT('Ctrl Pts',(36.5733162751826,16.252017804565,-1.6));
#17019=CARTESIAN_POINT('',(36.2762826090525,16.1768254241029,-1.5));
#17020=CARTESIAN_POINT('Ctrl Pts',(36.5733162751826,16.252017804565,-1.5));
#17021=CARTESIAN_POINT('Ctrl Pts',(36.5158387250075,16.2504668650467,-1.5));
#17022=CARTESIAN_POINT('Ctrl Pts',(36.410850005188,16.2476339128061,-1.5));
#17023=CARTESIAN_POINT('Ctrl Pts',(36.3182069304988,16.198885729398,-1.5));
#17024=CARTESIAN_POINT('Ctrl Pts',(36.2762826090525,16.1768254241029,-1.5));
#17025=CARTESIAN_POINT('',(36.2762826090525,16.1768254241029,-1.6));
#17026=CARTESIAN_POINT('Ctrl Pts',(36.2762826090525,16.1768254241029,-1.6));
#17027=CARTESIAN_POINT('Ctrl Pts',(36.3182069304988,16.198885729398,-1.6));
#17028=CARTESIAN_POINT('Ctrl Pts',(36.410850005188,16.2476339128061,-1.6));
#17029=CARTESIAN_POINT('Ctrl Pts',(36.5158387250075,16.2504668650467,-1.6));
#17030=CARTESIAN_POINT('Ctrl Pts',(36.5733162751826,16.252017804565,-1.6));
#17031=CARTESIAN_POINT('',(36.2762826090525,16.1768254241029,-1.5));
#17032=CARTESIAN_POINT('Ctrl Pts',(36.1143485303437,15.9428291175322,-1.5));
#17033=CARTESIAN_POINT('Ctrl Pts',(36.1143485303437,15.9428291175322,-1.6));
#17034=CARTESIAN_POINT('Ctrl Pts',(36.1331478204385,15.9911827355899,-1.5));
#17035=CARTESIAN_POINT('Ctrl Pts',(36.1331478204385,15.9911827355899,-1.6));
#17036=CARTESIAN_POINT('Ctrl Pts',(36.168572225163,16.0822977791547,-1.5));
#17037=CARTESIAN_POINT('Ctrl Pts',(36.168572225163,16.0822977791547,-1.6));
#17038=CARTESIAN_POINT('Ctrl Pts',(36.2418788815792,16.1466323896149,-1.5));
#17039=CARTESIAN_POINT('Ctrl Pts',(36.2418788815792,16.1466323896149,-1.6));
#17040=CARTESIAN_POINT('Ctrl Pts',(36.2762826090525,16.1768254241029,-1.5));
#17041=CARTESIAN_POINT('Ctrl Pts',(36.2762826090525,16.1768254241029,-1.6));
#17042=CARTESIAN_POINT('',(36.1143485303437,15.9428291175322,-1.5));
#17043=CARTESIAN_POINT('Ctrl Pts',(36.2762826090525,16.1768254241029,-1.5));
#17044=CARTESIAN_POINT('Ctrl Pts',(36.2418788815792,16.1466323896149,-1.5));
#17045=CARTESIAN_POINT('Ctrl Pts',(36.168572225163,16.0822977791547,-1.5));
#17046=CARTESIAN_POINT('Ctrl Pts',(36.1331478204385,15.9911827355899,-1.5));
#17047=CARTESIAN_POINT('Ctrl Pts',(36.1143485303437,15.9428291175322,-1.5));
#17048=CARTESIAN_POINT('',(36.1143485303437,15.9428291175322,-1.6));
#17049=CARTESIAN_POINT('Ctrl Pts',(36.1143485303437,15.9428291175322,-1.6));
#17050=CARTESIAN_POINT('Ctrl Pts',(36.1331478204385,15.9911827355899,-1.6));
#17051=CARTESIAN_POINT('Ctrl Pts',(36.168572225163,16.0822977791547,-1.6));
#17052=CARTESIAN_POINT('Ctrl Pts',(36.2418788815792,16.1466323896149,-1.6));
#17053=CARTESIAN_POINT('Ctrl Pts',(36.2762826090525,16.1768254241029,-1.6));
#17054=CARTESIAN_POINT('',(36.1143485303437,15.9428291175322,-1.5));
#17055=CARTESIAN_POINT('Origin',(36.3869509624444,15.8810118639037,-1.5));
#17056=CARTESIAN_POINT('',(36.3869509624444,15.8810118639037,-1.5));
#17057=CARTESIAN_POINT('',(36.1143485303437,15.9428291175322,-1.5));
#17058=CARTESIAN_POINT('',(36.3869509624444,15.8810118639037,-1.6));
#17059=CARTESIAN_POINT('',(36.1143485303437,15.9428291175322,-1.6));
#17060=CARTESIAN_POINT('',(36.3869509624444,15.8810118639037,-1.5));
#17061=CARTESIAN_POINT('Ctrl Pts',(36.4172358786222,15.9477380161081,-1.5));
#17062=CARTESIAN_POINT('Ctrl Pts',(36.4172358786222,15.9477380161081,-1.6));
#17063=CARTESIAN_POINT('Ctrl Pts',(36.4117665211529,15.9388119272888,-1.5));
#17064=CARTESIAN_POINT('Ctrl Pts',(36.4117665211529,15.9388119272888,-1.6));
#17065=CARTESIAN_POINT('Ctrl Pts',(36.3989254849549,15.9178551274678,-1.5));
#17066=CARTESIAN_POINT('Ctrl Pts',(36.3989254849549,15.9178551274678,-1.6));
#17067=CARTESIAN_POINT('Ctrl Pts',(36.3913181309914,15.8944487873103,-1.5));
#17068=CARTESIAN_POINT('Ctrl Pts',(36.3913181309914,15.8944487873103,-1.6));
#17069=CARTESIAN_POINT('Ctrl Pts',(36.3869509624445,15.8810118639037,-1.5));
#17070=CARTESIAN_POINT('Ctrl Pts',(36.3869509624445,15.8810118639037,-1.6));
#17071=CARTESIAN_POINT('',(36.4172358786222,15.9477380161081,-1.5));
#17072=CARTESIAN_POINT('Ctrl Pts',(36.3869509624445,15.8810118639037,-1.5));
#17073=CARTESIAN_POINT('Ctrl Pts',(36.3913181309914,15.8944487873103,-1.5));
#17074=CARTESIAN_POINT('Ctrl Pts',(36.3989254849549,15.9178551274678,-1.5));
#17075=CARTESIAN_POINT('Ctrl Pts',(36.4117665211529,15.9388119272888,-1.5));
#17076=CARTESIAN_POINT('Ctrl Pts',(36.4172358786222,15.9477380161081,-1.5));
#17077=CARTESIAN_POINT('',(36.4172358786222,15.9477380161081,-1.6));
#17078=CARTESIAN_POINT('Ctrl Pts',(36.4172358786222,15.9477380161081,-1.6));
#17079=CARTESIAN_POINT('Ctrl Pts',(36.4117665211529,15.9388119272888,-1.6));
#17080=CARTESIAN_POINT('Ctrl Pts',(36.3989254849549,15.9178551274678,-1.6));
#17081=CARTESIAN_POINT('Ctrl Pts',(36.3913181309914,15.8944487873103,-1.6));
#17082=CARTESIAN_POINT('Ctrl Pts',(36.3869509624445,15.8810118639037,-1.6));
#17083=CARTESIAN_POINT('',(36.4172358786222,15.9477380161081,-1.5));
#17084=CARTESIAN_POINT('Ctrl Pts',(36.480894916578,16.0020500904797,-1.5));
#17085=CARTESIAN_POINT('Ctrl Pts',(36.480894916578,16.0020500904797,-1.6));
#17086=CARTESIAN_POINT('Ctrl Pts',(36.4687968074429,15.9949861598617,-1.5));
#17087=CARTESIAN_POINT('Ctrl Pts',(36.4687968074429,15.9949861598617,-1.6));
#17088=CARTESIAN_POINT('Ctrl Pts',(36.4443288705394,15.9806996456036,-1.5));
#17089=CARTESIAN_POINT('Ctrl Pts',(36.4443288705394,15.9806996456036,-1.6));
#17090=CARTESIAN_POINT('Ctrl Pts',(36.4263334893685,15.9588062685783,-1.5));
#17091=CARTESIAN_POINT('Ctrl Pts',(36.4263334893685,15.9588062685783,-1.6));
#17092=CARTESIAN_POINT('Ctrl Pts',(36.4172358786222,15.9477380161081,-1.5));
#17093=CARTESIAN_POINT('Ctrl Pts',(36.4172358786222,15.9477380161081,-1.6));
#17094=CARTESIAN_POINT('',(36.480894916578,16.0020500904797,-1.5));
#17095=CARTESIAN_POINT('Ctrl Pts',(36.4172358786222,15.9477380161081,-1.5));
#17096=CARTESIAN_POINT('Ctrl Pts',(36.4263334893685,15.9588062685783,-1.5));
#17097=CARTESIAN_POINT('Ctrl Pts',(36.4443288705394,15.9806996456036,-1.5));
#17098=CARTESIAN_POINT('Ctrl Pts',(36.4687968074429,15.9949861598617,-1.5));
#17099=CARTESIAN_POINT('Ctrl Pts',(36.480894916578,16.0020500904797,-1.5));
#17100=CARTESIAN_POINT('',(36.480894916578,16.0020500904797,-1.6));
#17101=CARTESIAN_POINT('Ctrl Pts',(36.480894916578,16.0020500904797,-1.6));
#17102=CARTESIAN_POINT('Ctrl Pts',(36.4687968074429,15.9949861598617,-1.6));
#17103=CARTESIAN_POINT('Ctrl Pts',(36.4443288705394,15.9806996456036,-1.6));
#17104=CARTESIAN_POINT('Ctrl Pts',(36.4263334893685,15.9588062685783,-1.6));
#17105=CARTESIAN_POINT('Ctrl Pts',(36.4172358786222,15.9477380161081,-1.6));
#17106=CARTESIAN_POINT('',(36.480894916578,16.0020500904797,-1.5));
#17107=CARTESIAN_POINT('Ctrl Pts',(36.5648736158655,16.0208087568017,-1.5));
#17108=CARTESIAN_POINT('Ctrl Pts',(36.5648736158655,16.0208087568017,-1.6));
#17109=CARTESIAN_POINT('Ctrl Pts',(36.5499452597007,16.0201570547589,-1.5));
#17110=CARTESIAN_POINT('Ctrl Pts',(36.5499452597007,16.0201570547589,-1.6));
#17111=CARTESIAN_POINT('Ctrl Pts',(36.5208237832795,16.018885747626,-1.5));
#17112=CARTESIAN_POINT('Ctrl Pts',(36.5208237832795,16.018885747626,-1.6));
#17113=CARTESIAN_POINT('Ctrl Pts',(36.4939786169992,16.0075667182404,-1.5));
#17114=CARTESIAN_POINT('Ctrl Pts',(36.4939786169992,16.0075667182404,-1.6));
#17115=CARTESIAN_POINT('Ctrl Pts',(36.480894916578,16.0020500904797,-1.5));
#17116=CARTESIAN_POINT('Ctrl Pts',(36.480894916578,16.0020500904797,-1.6));
#17117=CARTESIAN_POINT('',(36.5648736158655,16.0208087568017,-1.5));
#17118=CARTESIAN_POINT('Ctrl Pts',(36.480894916578,16.0020500904797,-1.5));
#17119=CARTESIAN_POINT('Ctrl Pts',(36.4939786169992,16.0075667182404,-1.5));
#17120=CARTESIAN_POINT('Ctrl Pts',(36.5208237832795,16.018885747626,-1.5));
#17121=CARTESIAN_POINT('Ctrl Pts',(36.5499452597007,16.0201570547589,-1.5));
#17122=CARTESIAN_POINT('Ctrl Pts',(36.5648736158655,16.0208087568017,-1.5));
#17123=CARTESIAN_POINT('',(36.5648736158655,16.0208087568017,-1.6));
#17124=CARTESIAN_POINT('Ctrl Pts',(36.5648736158655,16.0208087568017,-1.6));
#17125=CARTESIAN_POINT('Ctrl Pts',(36.5499452597007,16.0201570547589,-1.6));
#17126=CARTESIAN_POINT('Ctrl Pts',(36.5208237832795,16.018885747626,-1.6));
#17127=CARTESIAN_POINT('Ctrl Pts',(36.4939786169992,16.0075667182404,-1.6));
#17128=CARTESIAN_POINT('Ctrl Pts',(36.480894916578,16.0020500904797,-1.6));
#17129=CARTESIAN_POINT('',(36.5648736158655,16.0208087568017,-1.5));
#17130=CARTESIAN_POINT('Ctrl Pts',(36.7255109392972,15.9355716272128,-1.5));
#17131=CARTESIAN_POINT('Ctrl Pts',(36.7255109392972,15.9355716272128,-1.6));
#17132=CARTESIAN_POINT('Ctrl Pts',(36.7047379140684,15.960325753599,-1.5));
#17133=CARTESIAN_POINT('Ctrl Pts',(36.7047379140684,15.960325753599,-1.6));
#17134=CARTESIAN_POINT('Ctrl Pts',(36.6627466210947,16.0103645785631,-1.5));
#17135=CARTESIAN_POINT('Ctrl Pts',(36.6627466210947,16.0103645785631,-1.6));
#17136=CARTESIAN_POINT('Ctrl Pts',(36.5977277538527,16.017302841435,-1.5));
#17137=CARTESIAN_POINT('Ctrl Pts',(36.5977277538527,16.017302841435,-1.6));
#17138=CARTESIAN_POINT('Ctrl Pts',(36.5648736158655,16.0208087568017,-1.5));
#17139=CARTESIAN_POINT('Ctrl Pts',(36.5648736158655,16.0208087568017,-1.6));
#17140=CARTESIAN_POINT('',(36.7255109392972,15.9355716272128,-1.5));
#17141=CARTESIAN_POINT('Ctrl Pts',(36.5648736158655,16.0208087568017,-1.5));
#17142=CARTESIAN_POINT('Ctrl Pts',(36.5977277538527,16.017302841435,-1.5));
#17143=CARTESIAN_POINT('Ctrl Pts',(36.6627466210947,16.0103645785631,-1.5));
#17144=CARTESIAN_POINT('Ctrl Pts',(36.7047379140684,15.960325753599,-1.5));
#17145=CARTESIAN_POINT('Ctrl Pts',(36.7255109392972,15.9355716272128,-1.5));
#17146=CARTESIAN_POINT('',(36.7255109392972,15.9355716272128,-1.6));
#17147=CARTESIAN_POINT('Ctrl Pts',(36.7255109392972,15.9355716272128,-1.6));
#17148=CARTESIAN_POINT('Ctrl Pts',(36.7047379140684,15.960325753599,-1.6));
#17149=CARTESIAN_POINT('Ctrl Pts',(36.6627466210947,16.0103645785631,-1.6));
#17150=CARTESIAN_POINT('Ctrl Pts',(36.5977277538527,16.017302841435,-1.6));
#17151=CARTESIAN_POINT('Ctrl Pts',(36.5648736158655,16.0208087568017,-1.6));
#17152=CARTESIAN_POINT('',(36.7255109392972,15.9355716272128,-1.5));
#17153=CARTESIAN_POINT('Ctrl Pts',(36.7670017702814,15.7382663257334,-1.5));
#17154=CARTESIAN_POINT('Ctrl Pts',(36.7670017702814,15.7382663257334,-1.6));
#17155=CARTESIAN_POINT('Ctrl Pts',(36.7667229972694,15.7778230119992,-1.5));
#17156=CARTESIAN_POINT('Ctrl Pts',(36.7667229972694,15.7778230119992,-1.6));
#17157=CARTESIAN_POINT('Ctrl Pts',(36.7662376237984,15.8466954110088,-1.5));
#17158=CARTESIAN_POINT('Ctrl Pts',(36.7662376237984,15.8466954110088,-1.6));
#17159=CARTESIAN_POINT('Ctrl Pts',(36.7376705761669,15.9090361375546,-1.5));
#17160=CARTESIAN_POINT('Ctrl Pts',(36.7376705761669,15.9090361375546,-1.6));
#17161=CARTESIAN_POINT('Ctrl Pts',(36.7255109392972,15.9355716272128,-1.5));
#17162=CARTESIAN_POINT('Ctrl Pts',(36.7255109392972,15.9355716272128,-1.6));
#17163=CARTESIAN_POINT('',(36.7670017702814,15.7382663257334,-1.5));
#17164=CARTESIAN_POINT('Ctrl Pts',(36.7255109392972,15.9355716272128,-1.5));
#17165=CARTESIAN_POINT('Ctrl Pts',(36.7376705761669,15.9090361375546,-1.5));
#17166=CARTESIAN_POINT('Ctrl Pts',(36.7662376237984,15.8466954110088,-1.5));
#17167=CARTESIAN_POINT('Ctrl Pts',(36.7667229972694,15.7778230119992,-1.5));
#17168=CARTESIAN_POINT('Ctrl Pts',(36.7670017702814,15.7382663257334,-1.5));
#17169=CARTESIAN_POINT('',(36.7670017702814,15.7382663257334,-1.6));
#17170=CARTESIAN_POINT('Ctrl Pts',(36.7670017702814,15.7382663257334,-1.6));
#17171=CARTESIAN_POINT('Ctrl Pts',(36.7667229972694,15.7778230119992,-1.6));
#17172=CARTESIAN_POINT('Ctrl Pts',(36.7662376237984,15.8466954110088,-1.6));
#17173=CARTESIAN_POINT('Ctrl Pts',(36.7376705761669,15.9090361375546,-1.6));
#17174=CARTESIAN_POINT('Ctrl Pts',(36.7255109392972,15.9355716272128,-1.6));
#17175=CARTESIAN_POINT('',(36.7670017702814,15.7382663257334,-1.5));
#17176=CARTESIAN_POINT('Ctrl Pts',(36.7155964942287,15.5099603701675,-1.5));
#17177=CARTESIAN_POINT('Ctrl Pts',(36.7155964942287,15.5099603701675,-1.6));
#17178=CARTESIAN_POINT('Ctrl Pts',(36.7303089222012,15.538789680736,-1.5));
#17179=CARTESIAN_POINT('Ctrl Pts',(36.7303089222012,15.538789680736,-1.6));
#17180=CARTESIAN_POINT('Ctrl Pts',(36.7666283918772,15.6099584417951,-1.5));
#17181=CARTESIAN_POINT('Ctrl Pts',(36.7666283918772,15.6099584417951,-1.6));
#17182=CARTESIAN_POINT('Ctrl Pts',(36.766862497217,15.6904064817151,-1.5));
#17183=CARTESIAN_POINT('Ctrl Pts',(36.766862497217,15.6904064817151,-1.6));
#17184=CARTESIAN_POINT('Ctrl Pts',(36.7670017702814,15.7382663257334,-1.5));
#17185=CARTESIAN_POINT('Ctrl Pts',(36.7670017702814,15.7382663257334,-1.6));
#17186=CARTESIAN_POINT('',(36.7155964942287,15.5099603701675,-1.5));
#17187=CARTESIAN_POINT('Ctrl Pts',(36.7670017702814,15.7382663257334,-1.5));
#17188=CARTESIAN_POINT('Ctrl Pts',(36.766862497217,15.6904064817151,-1.5));
#17189=CARTESIAN_POINT('Ctrl Pts',(36.7666283918772,15.6099584417951,-1.5));
#17190=CARTESIAN_POINT('Ctrl Pts',(36.7303089222012,15.538789680736,-1.5));
#17191=CARTESIAN_POINT('Ctrl Pts',(36.7155964942287,15.5099603701675,-1.5));
#17192=CARTESIAN_POINT('',(36.7155964942287,15.5099603701675,-1.6));
#17193=CARTESIAN_POINT('Ctrl Pts',(36.7155964942287,15.5099603701675,-1.6));
#17194=CARTESIAN_POINT('Ctrl Pts',(36.7303089222012,15.538789680736,-1.6));
#17195=CARTESIAN_POINT('Ctrl Pts',(36.7666283918772,15.6099584417951,-1.6));
#17196=CARTESIAN_POINT('Ctrl Pts',(36.766862497217,15.6904064817151,-1.6));
#17197=CARTESIAN_POINT('Ctrl Pts',(36.7670017702814,15.7382663257334,-1.6));
#17198=CARTESIAN_POINT('',(36.7155964942287,15.5099603701675,-1.5));
#17199=CARTESIAN_POINT('Ctrl Pts',(36.5734656157039,15.4491456202119,-1.5));
#17200=CARTESIAN_POINT('Ctrl Pts',(36.5734656157039,15.4491456202119,-1.6));
#17201=CARTESIAN_POINT('Ctrl Pts',(36.601862702921,15.4511487325177,-1.5));
#17202=CARTESIAN_POINT('Ctrl Pts',(36.601862702921,15.4511487325177,-1.6));
#17203=CARTESIAN_POINT('Ctrl Pts',(36.6564512100697,15.4549993707746,-1.5));
#17204=CARTESIAN_POINT('Ctrl Pts',(36.6564512100697,15.4549993707746,-1.6));
#17205=CARTESIAN_POINT('Ctrl Pts',(36.6964197131845,15.4921402672411,-1.5));
#17206=CARTESIAN_POINT('Ctrl Pts',(36.6964197131845,15.4921402672411,-1.6));
#17207=CARTESIAN_POINT('Ctrl Pts',(36.7155964942287,15.5099603701675,-1.5));
#17208=CARTESIAN_POINT('Ctrl Pts',(36.7155964942287,15.5099603701675,-1.6));
#17209=CARTESIAN_POINT('',(36.5734656157039,15.4491456202119,-1.5));
#17210=CARTESIAN_POINT('Ctrl Pts',(36.7155964942287,15.5099603701675,-1.5));
#17211=CARTESIAN_POINT('Ctrl Pts',(36.6964197131845,15.4921402672411,-1.5));
#17212=CARTESIAN_POINT('Ctrl Pts',(36.6564512100697,15.4549993707746,-1.5));
#17213=CARTESIAN_POINT('Ctrl Pts',(36.601862702921,15.4511487325177,-1.5));
#17214=CARTESIAN_POINT('Ctrl Pts',(36.5734656157039,15.4491456202119,-1.5));
#17215=CARTESIAN_POINT('',(36.5734656157039,15.4491456202119,-1.6));
#17216=CARTESIAN_POINT('Ctrl Pts',(36.5734656157039,15.4491456202119,-1.6));
#17217=CARTESIAN_POINT('Ctrl Pts',(36.601862702921,15.4511487325177,-1.6));
#17218=CARTESIAN_POINT('Ctrl Pts',(36.6564512100697,15.4549993707746,-1.6));
#17219=CARTESIAN_POINT('Ctrl Pts',(36.6964197131845,15.4921402672411,-1.6));
#17220=CARTESIAN_POINT('Ctrl Pts',(36.7155964942287,15.5099603701675,-1.6));
#17221=CARTESIAN_POINT('',(36.5734656157039,15.4491456202119,-1.5));
#17222=CARTESIAN_POINT('Ctrl Pts',(36.4399718233058,15.499483654346,-1.5));
#17223=CARTESIAN_POINT('Ctrl Pts',(36.4399718233058,15.499483654346,-1.6));
#17224=CARTESIAN_POINT('Ctrl Pts',(36.457753344781,15.4849115234433,-1.5));
#17225=CARTESIAN_POINT('Ctrl Pts',(36.457753344781,15.4849115234433,-1.6));
#17226=CARTESIAN_POINT('Ctrl Pts',(36.4963558150123,15.45327642123,-1.5));
#17227=CARTESIAN_POINT('Ctrl Pts',(36.4963558150123,15.45327642123,-1.6));
#17228=CARTESIAN_POINT('Ctrl Pts',(36.5464476615681,15.4505929821743,-1.5));
#17229=CARTESIAN_POINT('Ctrl Pts',(36.5464476615681,15.4505929821743,-1.6));
#17230=CARTESIAN_POINT('Ctrl Pts',(36.5734656157039,15.4491456202119,-1.5));
#17231=CARTESIAN_POINT('Ctrl Pts',(36.5734656157039,15.4491456202119,-1.6));
#17232=CARTESIAN_POINT('',(36.4399718233058,15.499483654346,-1.5));
#17233=CARTESIAN_POINT('Ctrl Pts',(36.5734656157039,15.4491456202119,-1.5));
#17234=CARTESIAN_POINT('Ctrl Pts',(36.5464476615681,15.4505929821743,-1.5));
#17235=CARTESIAN_POINT('Ctrl Pts',(36.4963558150123,15.45327642123,-1.5));
#17236=CARTESIAN_POINT('Ctrl Pts',(36.457753344781,15.4849115234433,-1.5));
#17237=CARTESIAN_POINT('Ctrl Pts',(36.4399718233058,15.499483654346,-1.5));
#17238=CARTESIAN_POINT('',(36.4399718233058,15.499483654346,-1.6));
#17239=CARTESIAN_POINT('Ctrl Pts',(36.4399718233058,15.499483654346,-1.6));
#17240=CARTESIAN_POINT('Ctrl Pts',(36.457753344781,15.4849115234433,-1.6));
#17241=CARTESIAN_POINT('Ctrl Pts',(36.4963558150123,15.45327642123,-1.6));
#17242=CARTESIAN_POINT('Ctrl Pts',(36.5464476615681,15.4505929821743,-1.6));
#17243=CARTESIAN_POINT('Ctrl Pts',(36.5734656157039,15.4491456202119,-1.6));
#17244=CARTESIAN_POINT('',(36.4399718233058,15.499483654346,-1.5));
#17245=CARTESIAN_POINT('Ctrl Pts',(36.3743933423874,15.6443623832106,-1.5));
#17246=CARTESIAN_POINT('Ctrl Pts',(36.3743933423874,15.6443623832106,-1.6));
#17247=CARTESIAN_POINT('Ctrl Pts',(36.3813046059015,15.6155841386819,-1.5));
#17248=CARTESIAN_POINT('Ctrl Pts',(36.3813046059015,15.6155841386819,-1.6));
#17249=CARTESIAN_POINT('Ctrl Pts',(36.3939386759912,15.5629763401669,-1.5));
#17250=CARTESIAN_POINT('Ctrl Pts',(36.3939386759912,15.5629763401669,-1.6));
#17251=CARTESIAN_POINT('Ctrl Pts',(36.4256208635564,15.5192776730423,-1.5));
#17252=CARTESIAN_POINT('Ctrl Pts',(36.4256208635564,15.5192776730423,-1.6));
#17253=CARTESIAN_POINT('Ctrl Pts',(36.4399718233058,15.499483654346,-1.5));
#17254=CARTESIAN_POINT('Ctrl Pts',(36.4399718233058,15.499483654346,-1.6));
#17255=CARTESIAN_POINT('Ctrl Pts',(36.4399718233058,15.499483654346,-1.5));
#17256=CARTESIAN_POINT('Ctrl Pts',(36.4256208635564,15.5192776730423,-1.5));
#17257=CARTESIAN_POINT('Ctrl Pts',(36.3939386759912,15.5629763401669,-1.5));
#17258=CARTESIAN_POINT('Ctrl Pts',(36.3813046059015,15.6155841386819,-1.5));
#17259=CARTESIAN_POINT('Ctrl Pts',(36.3743933423874,15.6443623832106,-1.5));
#17260=CARTESIAN_POINT('Ctrl Pts',(36.3743933423874,15.6443623832106,-1.6));
#17261=CARTESIAN_POINT('Ctrl Pts',(36.3813046059015,15.6155841386819,-1.6));
#17262=CARTESIAN_POINT('Ctrl Pts',(36.3939386759912,15.5629763401669,-1.6));
#17263=CARTESIAN_POINT('Ctrl Pts',(36.4256208635564,15.5192776730423,-1.6));
#17264=CARTESIAN_POINT('Ctrl Pts',(36.4399718233058,15.499483654346,-1.6));
#17265=CARTESIAN_POINT('Origin',(35.5176894888558,15.7346568851397,-1.6));
#17266=CARTESIAN_POINT('Origin',(35.5176894888558,15.7346568851397,-1.5));
#17267=CARTESIAN_POINT('',(0.,0.,0.));
#17268=CARTESIAN_POINT('',(0.,0.,0.));
#17269=CARTESIAN_POINT('Origin',(10.1999997720122,17.0999996177852,-4.1));
#17270=CARTESIAN_POINT('',(10.808276011446,17.0999996177852,-4.1));
#17271=CARTESIAN_POINT('Origin',(10.1999997720122,17.0999996177852,-4.1));
#17272=CARTESIAN_POINT('',(10.808276011446,17.0999996177852,-3.6));
#17273=CARTESIAN_POINT('',(10.808276011446,17.0999996177852,-4.1));
#17274=CARTESIAN_POINT('Origin',(10.1999997720122,17.0999996177852,-3.6));
#17275=CARTESIAN_POINT('Origin',(10.1999997720122,17.0999996177852,-3.6));
#17276=CARTESIAN_POINT('Origin',(11.725742630967,18.375,-1.51974992108413));
#17277=CARTESIAN_POINT('',(11.5,18.375,-2.8));
#17278=CARTESIAN_POINT('',(11.5,5.625,-2.8));
#17279=CARTESIAN_POINT('',(11.5,15.1875,-2.8));
#17280=CARTESIAN_POINT('',(11.270774925079,5.854225074921,-4.1));
#17281=CARTESIAN_POINT('',(11.5325319028221,5.59246809717793,-2.61550241096763));
#17282=CARTESIAN_POINT('',(11.270774925079,18.145774925079,-4.1));
#17283=CARTESIAN_POINT('',(11.270774925079,15.1875,-4.1));
#17284=CARTESIAN_POINT('',(11.6093684331544,18.4843684331544,-2.17974079341115));
#17285=CARTESIAN_POINT('Origin',(11.5,5.39925736903299,-1.51974992108413));
#17286=CARTESIAN_POINT('',(4.,5.625,-2.8));
#17287=CARTESIAN_POINT('',(9.625,5.625,-2.8));
#17288=CARTESIAN_POINT('',(4.22922507492101,5.85422507492101,-4.1));
#17289=CARTESIAN_POINT('',(3.89063156684556,5.51563156684556,-2.17974079341115));
#17290=CARTESIAN_POINT('',(9.625,5.854225074921,-4.1));
#17291=CARTESIAN_POINT('Origin',(3.77425736903299,5.625,-1.51974992108413));
#17292=CARTESIAN_POINT('',(4.,18.375,-2.8));
#17293=CARTESIAN_POINT('',(4.,8.8125,-2.8));
#17294=CARTESIAN_POINT('',(4.22922507492101,18.145774925079,-4.1));
#17295=CARTESIAN_POINT('',(3.96746809717793,18.4075319028221,-2.61550241096763));
#17296=CARTESIAN_POINT('',(4.22922507492101,8.8125,-4.1));
#17297=CARTESIAN_POINT('Origin',(4.,18.600742630967,-1.51974992108413));
#17298=CARTESIAN_POINT('',(5.875,18.375,-2.8));
#17299=CARTESIAN_POINT('',(5.875,18.145774925079,-4.1));
#17300=CARTESIAN_POINT('Origin',(7.75,12.,-4.1));
#17301=CARTESIAN_POINT('Origin',(7.75,12.,-1.5));
#17302=CARTESIAN_POINT('',(11.5,18.375,-1.5));
#17303=CARTESIAN_POINT('',(4.,18.375,-1.5));
#17304=CARTESIAN_POINT('',(11.5,18.375,-1.5));
#17305=CARTESIAN_POINT('',(4.,5.625,-1.5));
#17306=CARTESIAN_POINT('',(4.,18.375,-1.5));
#17307=CARTESIAN_POINT('',(11.5,5.625,-1.5));
#17308=CARTESIAN_POINT('',(4.,5.625,-1.5));
#17309=CARTESIAN_POINT('',(11.5,5.625,-1.5));
#17310=CARTESIAN_POINT('Origin',(11.5,18.375,-1.5));
#17311=CARTESIAN_POINT('',(11.5,18.375,-1.5));
#17312=CARTESIAN_POINT('',(11.5,5.625,-1.5));
#17313=CARTESIAN_POINT('Origin',(11.5,5.625,-1.5));
#17314=CARTESIAN_POINT('',(4.,5.625,-1.5));
#17315=CARTESIAN_POINT('Origin',(4.,5.625,-1.5));
#17316=CARTESIAN_POINT('',(4.,18.375,-1.5));
#17317=CARTESIAN_POINT('Origin',(4.,18.375,-1.5));
#17318=CARTESIAN_POINT('',(0.,0.,0.));
#17319=CARTESIAN_POINT('Origin',(12.1000000149012,5.625,-2.4));
#17320=CARTESIAN_POINT('',(12.1000000149012,5.625,-2.8));
#17321=CARTESIAN_POINT('',(12.5000000149012,5.625,-2.39999997317791));
#17322=CARTESIAN_POINT('Origin',(12.1000000149012,5.625,-2.4));
#17323=CARTESIAN_POINT('',(12.1000000149012,6.025,-2.8));
#17324=CARTESIAN_POINT('',(12.1000000149012,5.625,-2.8));
#17325=CARTESIAN_POINT('',(12.5000000149012,6.025,-2.39999997317791));
#17326=CARTESIAN_POINT('Origin',(12.1000000149012,6.025,-2.4));
#17327=CARTESIAN_POINT('',(12.5000000149012,5.625,-2.39999997317791));
#17328=CARTESIAN_POINT('Origin',(12.9000000149012,5.625,-2.39999997317791));
#17329=CARTESIAN_POINT('',(12.9000000327826,5.625,-1.99999997317791));
#17330=CARTESIAN_POINT('Origin',(12.9000000149012,5.625,-2.39999997317791));
#17331=CARTESIAN_POINT('',(12.9000000327826,6.025,-1.99999997317791));
#17332=CARTESIAN_POINT('Origin',(12.9000000149012,6.025,-2.39999997317791));
#17333=CARTESIAN_POINT('',(12.9000000327826,5.625,-1.99999997317791));
#17334=CARTESIAN_POINT('Origin',(13.5,5.625,-2.));
#17335=CARTESIAN_POINT('',(13.5,5.625,-2.));
#17336=CARTESIAN_POINT('',(13.5,5.625,-2.));
#17337=CARTESIAN_POINT('',(13.5,6.025,-2.));
#17338=CARTESIAN_POINT('',(13.5,6.025,-2.));
#17339=CARTESIAN_POINT('',(13.5,5.625,-2.));
#17340=CARTESIAN_POINT('Origin',(13.5,5.625,-1.5));
#17341=CARTESIAN_POINT('',(13.5000000223517,5.625,-1.5));
#17342=CARTESIAN_POINT('',(13.5,5.625,-1.5));
#17343=CARTESIAN_POINT('',(13.5000000223517,6.025,-1.5));
#17344=CARTESIAN_POINT('',(13.5,6.025,-1.5));
#17345=CARTESIAN_POINT('',(13.5000000223517,5.625,-1.5));
#17346=CARTESIAN_POINT('Origin',(12.9000000551343,5.625,-1.49999997317791));
#17347=CARTESIAN_POINT('',(12.9000000551343,5.625,-1.49999997317791));
#17348=CARTESIAN_POINT('',(13.5000000223517,5.625,-1.5));
#17349=CARTESIAN_POINT('',(12.9000000551343,6.025,-1.49999997317791));
#17350=CARTESIAN_POINT('',(13.5000000223517,6.025,-1.5));
#17351=CARTESIAN_POINT('',(12.9000000551343,5.625,-1.49999997317791));
#17352=CARTESIAN_POINT('Origin',(12.9000000149012,5.625,-2.39999997317791));
#17353=CARTESIAN_POINT('',(12.0258823783636,5.625,-2.18571428188256));
#17354=CARTESIAN_POINT('Origin',(12.9000000149012,5.625,-2.39999997317791));
#17355=CARTESIAN_POINT('',(12.0258823783636,6.025,-2.18571428188256));
#17356=CARTESIAN_POINT('Origin',(12.9000000149012,6.025,-2.39999997317791));
#17357=CARTESIAN_POINT('',(12.0258823783636,5.625,-2.18571428188256));
#17358=CARTESIAN_POINT('Origin',(11.8801961056073,5.625,-2.15));
#17359=CARTESIAN_POINT('',(11.8801961056073,5.625,-2.3));
#17360=CARTESIAN_POINT('Origin',(11.8801961056073,5.625,-2.15));
#17361=CARTESIAN_POINT('',(11.8801961056073,6.025,-2.3));
#17362=CARTESIAN_POINT('Origin',(11.8801961056073,6.025,-2.15));
#17363=CARTESIAN_POINT('',(11.8801961056073,5.625,-2.3));
#17364=CARTESIAN_POINT('Origin',(11.5,5.625,-2.3));
#17365=CARTESIAN_POINT('',(11.5,5.625,-2.3));
#17366=CARTESIAN_POINT('',(11.5,5.625,-2.3));
#17367=CARTESIAN_POINT('',(11.5,6.025,-2.3));
#17368=CARTESIAN_POINT('',(11.5,6.025,-2.3));
#17369=CARTESIAN_POINT('',(11.5,5.625,-2.3));
#17370=CARTESIAN_POINT('Origin',(11.5,5.625,-2.8));
#17371=CARTESIAN_POINT('',(11.5,5.625,-2.8));
#17372=CARTESIAN_POINT('',(11.5,5.625,-2.8));
#17373=CARTESIAN_POINT('',(11.5,6.025,-2.8));
#17374=CARTESIAN_POINT('',(11.5,6.025,-2.8));
#17375=CARTESIAN_POINT('',(11.5,5.625,-2.8));
#17376=CARTESIAN_POINT('Origin',(12.1000000149012,5.625,-2.8));
#17377=CARTESIAN_POINT('',(11.5,5.625,-2.8));
#17378=CARTESIAN_POINT('',(11.5,6.025,-2.8));
#17379=CARTESIAN_POINT('Origin',(12.5000000111759,5.625,-2.14999998658895));
#17380=CARTESIAN_POINT('Origin',(12.5000000111759,6.025,-2.14999998658895));
#17381=CARTESIAN_POINT('Origin',(12.1000000149012,6.875,-2.4));
#17382=CARTESIAN_POINT('',(12.1000000149012,6.875,-2.8));
#17383=CARTESIAN_POINT('',(12.5000000149012,6.875,-2.39999997317791));
#17384=CARTESIAN_POINT('Origin',(12.1000000149012,6.875,-2.4));
#17385=CARTESIAN_POINT('',(12.1000000149012,7.275,-2.8));
#17386=CARTESIAN_POINT('',(12.1000000149012,6.875,-2.8));
#17387=CARTESIAN_POINT('',(12.5000000149012,7.275,-2.39999997317791));
#17388=CARTESIAN_POINT('Origin',(12.1000000149012,7.275,-2.4));
#17389=CARTESIAN_POINT('',(12.5000000149012,6.875,-2.39999997317791));
#17390=CARTESIAN_POINT('Origin',(12.9000000149012,6.875,-2.39999997317791));
#17391=CARTESIAN_POINT('',(12.9000000327826,6.875,-1.99999997317791));
#17392=CARTESIAN_POINT('Origin',(12.9000000149012,6.875,-2.39999997317791));
#17393=CARTESIAN_POINT('',(12.9000000327826,7.275,-1.99999997317791));
#17394=CARTESIAN_POINT('Origin',(12.9000000149012,7.275,-2.39999997317791));
#17395=CARTESIAN_POINT('',(12.9000000327826,6.875,-1.99999997317791));
#17396=CARTESIAN_POINT('Origin',(13.5,6.875,-2.));
#17397=CARTESIAN_POINT('',(13.5,6.875,-2.));
#17398=CARTESIAN_POINT('',(13.5,6.875,-2.));
#17399=CARTESIAN_POINT('',(13.5,7.275,-2.));
#17400=CARTESIAN_POINT('',(13.5,7.275,-2.));
#17401=CARTESIAN_POINT('',(13.5,6.875,-2.));
#17402=CARTESIAN_POINT('Origin',(13.5,6.875,-1.5));
#17403=CARTESIAN_POINT('',(13.5000000223517,6.875,-1.5));
#17404=CARTESIAN_POINT('',(13.5,6.875,-1.5));
#17405=CARTESIAN_POINT('',(13.5000000223517,7.275,-1.5));
#17406=CARTESIAN_POINT('',(13.5,7.275,-1.5));
#17407=CARTESIAN_POINT('',(13.5000000223517,6.875,-1.5));
#17408=CARTESIAN_POINT('Origin',(12.9000000551343,6.875,-1.49999997317791));
#17409=CARTESIAN_POINT('',(12.9000000551343,6.875,-1.49999997317791));
#17410=CARTESIAN_POINT('',(13.5000000223517,6.875,-1.5));
#17411=CARTESIAN_POINT('',(12.9000000551343,7.275,-1.49999997317791));
#17412=CARTESIAN_POINT('',(13.5000000223517,7.275,-1.5));
#17413=CARTESIAN_POINT('',(12.9000000551343,6.875,-1.49999997317791));
#17414=CARTESIAN_POINT('Origin',(12.9000000149012,6.875,-2.39999997317791));
#17415=CARTESIAN_POINT('',(12.0258823783636,6.875,-2.18571428188256));
#17416=CARTESIAN_POINT('Origin',(12.9000000149012,6.875,-2.39999997317791));
#17417=CARTESIAN_POINT('',(12.0258823783636,7.275,-2.18571428188256));
#17418=CARTESIAN_POINT('Origin',(12.9000000149012,7.275,-2.39999997317791));
#17419=CARTESIAN_POINT('',(12.0258823783636,6.875,-2.18571428188256));
#17420=CARTESIAN_POINT('Origin',(11.8801961056073,6.875,-2.15));
#17421=CARTESIAN_POINT('',(11.8801961056073,6.875,-2.3));
#17422=CARTESIAN_POINT('Origin',(11.8801961056073,6.875,-2.15));
#17423=CARTESIAN_POINT('',(11.8801961056073,7.275,-2.3));
#17424=CARTESIAN_POINT('Origin',(11.8801961056073,7.275,-2.15));
#17425=CARTESIAN_POINT('',(11.8801961056073,6.875,-2.3));
#17426=CARTESIAN_POINT('Origin',(11.5,6.875,-2.3));
#17427=CARTESIAN_POINT('',(11.5,6.875,-2.3));
#17428=CARTESIAN_POINT('',(11.5,6.875,-2.3));
#17429=CARTESIAN_POINT('',(11.5,7.275,-2.3));
#17430=CARTESIAN_POINT('',(11.5,7.275,-2.3));
#17431=CARTESIAN_POINT('',(11.5,6.875,-2.3));
#17432=CARTESIAN_POINT('Origin',(11.5,6.875,-2.8));
#17433=CARTESIAN_POINT('',(11.5,6.875,-2.8));
#17434=CARTESIAN_POINT('',(11.5,6.875,-2.8));
#17435=CARTESIAN_POINT('',(11.5,7.275,-2.8));
#17436=CARTESIAN_POINT('',(11.5,7.275,-2.8));
#17437=CARTESIAN_POINT('',(11.5,6.875,-2.8));
#17438=CARTESIAN_POINT('Origin',(12.1000000149012,6.875,-2.8));
#17439=CARTESIAN_POINT('',(11.5,6.875,-2.8));
#17440=CARTESIAN_POINT('',(11.5,7.275,-2.8));
#17441=CARTESIAN_POINT('Origin',(12.5000000111759,6.875,-2.14999998658895));
#17442=CARTESIAN_POINT('Origin',(12.5000000111759,7.275,-2.14999998658895));
#17443=CARTESIAN_POINT('Origin',(12.1000000149012,8.125,-2.4));
#17444=CARTESIAN_POINT('',(12.1000000149012,8.125,-2.8));
#17445=CARTESIAN_POINT('',(12.5000000149012,8.125,-2.39999997317791));
#17446=CARTESIAN_POINT('Origin',(12.1000000149012,8.125,-2.4));
#17447=CARTESIAN_POINT('',(12.1000000149012,8.525,-2.8));
#17448=CARTESIAN_POINT('',(12.1000000149012,8.125,-2.8));
#17449=CARTESIAN_POINT('',(12.5000000149012,8.525,-2.39999997317791));
#17450=CARTESIAN_POINT('Origin',(12.1000000149012,8.525,-2.4));
#17451=CARTESIAN_POINT('',(12.5000000149012,8.125,-2.39999997317791));
#17452=CARTESIAN_POINT('Origin',(12.9000000149012,8.125,-2.39999997317791));
#17453=CARTESIAN_POINT('',(12.9000000327826,8.125,-1.99999997317791));
#17454=CARTESIAN_POINT('Origin',(12.9000000149012,8.125,-2.39999997317791));
#17455=CARTESIAN_POINT('',(12.9000000327826,8.525,-1.99999997317791));
#17456=CARTESIAN_POINT('Origin',(12.9000000149012,8.525,-2.39999997317791));
#17457=CARTESIAN_POINT('',(12.9000000327826,8.125,-1.99999997317791));
#17458=CARTESIAN_POINT('Origin',(13.5,8.125,-2.));
#17459=CARTESIAN_POINT('',(13.5,8.125,-2.));
#17460=CARTESIAN_POINT('',(13.5,8.125,-2.));
#17461=CARTESIAN_POINT('',(13.5,8.525,-2.));
#17462=CARTESIAN_POINT('',(13.5,8.525,-2.));
#17463=CARTESIAN_POINT('',(13.5,8.125,-2.));
#17464=CARTESIAN_POINT('Origin',(13.5,8.125,-1.5));
#17465=CARTESIAN_POINT('',(13.5000000223517,8.125,-1.5));
#17466=CARTESIAN_POINT('',(13.5,8.125,-1.5));
#17467=CARTESIAN_POINT('',(13.5000000223517,8.525,-1.5));
#17468=CARTESIAN_POINT('',(13.5,8.525,-1.5));
#17469=CARTESIAN_POINT('',(13.5000000223517,8.125,-1.5));
#17470=CARTESIAN_POINT('Origin',(12.9000000551343,8.125,-1.49999997317791));
#17471=CARTESIAN_POINT('',(12.9000000551343,8.125,-1.49999997317791));
#17472=CARTESIAN_POINT('',(13.5000000223517,8.125,-1.5));
#17473=CARTESIAN_POINT('',(12.9000000551343,8.525,-1.49999997317791));
#17474=CARTESIAN_POINT('',(13.5000000223517,8.525,-1.5));
#17475=CARTESIAN_POINT('',(12.9000000551343,8.125,-1.49999997317791));
#17476=CARTESIAN_POINT('Origin',(12.9000000149012,8.125,-2.39999997317791));
#17477=CARTESIAN_POINT('',(12.0258823783636,8.125,-2.18571428188256));
#17478=CARTESIAN_POINT('Origin',(12.9000000149012,8.125,-2.39999997317791));
#17479=CARTESIAN_POINT('',(12.0258823783636,8.525,-2.18571428188256));
#17480=CARTESIAN_POINT('Origin',(12.9000000149012,8.525,-2.39999997317791));
#17481=CARTESIAN_POINT('',(12.0258823783636,8.125,-2.18571428188256));
#17482=CARTESIAN_POINT('Origin',(11.8801961056073,8.125,-2.15));
#17483=CARTESIAN_POINT('',(11.8801961056073,8.125,-2.3));
#17484=CARTESIAN_POINT('Origin',(11.8801961056073,8.125,-2.15));
#17485=CARTESIAN_POINT('',(11.8801961056073,8.525,-2.3));
#17486=CARTESIAN_POINT('Origin',(11.8801961056073,8.525,-2.15));
#17487=CARTESIAN_POINT('',(11.8801961056073,8.125,-2.3));
#17488=CARTESIAN_POINT('Origin',(11.5,8.125,-2.3));
#17489=CARTESIAN_POINT('',(11.5,8.125,-2.3));
#17490=CARTESIAN_POINT('',(11.5,8.125,-2.3));
#17491=CARTESIAN_POINT('',(11.5,8.525,-2.3));
#17492=CARTESIAN_POINT('',(11.5,8.525,-2.3));
#17493=CARTESIAN_POINT('',(11.5,8.125,-2.3));
#17494=CARTESIAN_POINT('Origin',(11.5,8.125,-2.8));
#17495=CARTESIAN_POINT('',(11.5,8.125,-2.8));
#17496=CARTESIAN_POINT('',(11.5,8.125,-2.8));
#17497=CARTESIAN_POINT('',(11.5,8.525,-2.8));
#17498=CARTESIAN_POINT('',(11.5,8.525,-2.8));
#17499=CARTESIAN_POINT('',(11.5,8.125,-2.8));
#17500=CARTESIAN_POINT('Origin',(12.1000000149012,8.125,-2.8));
#17501=CARTESIAN_POINT('',(11.5,8.125,-2.8));
#17502=CARTESIAN_POINT('',(11.5,8.525,-2.8));
#17503=CARTESIAN_POINT('Origin',(12.5000000111759,8.125,-2.14999998658895));
#17504=CARTESIAN_POINT('Origin',(12.5000000111759,8.525,-2.14999998658895));
#17505=CARTESIAN_POINT('Origin',(12.1000000149012,9.375,-2.4));
#17506=CARTESIAN_POINT('',(12.1000000149012,9.375,-2.8));
#17507=CARTESIAN_POINT('',(12.5000000149012,9.375,-2.39999997317791));
#17508=CARTESIAN_POINT('Origin',(12.1000000149012,9.375,-2.4));
#17509=CARTESIAN_POINT('',(12.1000000149012,9.775,-2.8));
#17510=CARTESIAN_POINT('',(12.1000000149012,9.375,-2.8));
#17511=CARTESIAN_POINT('',(12.5000000149012,9.775,-2.39999997317791));
#17512=CARTESIAN_POINT('Origin',(12.1000000149012,9.775,-2.4));
#17513=CARTESIAN_POINT('',(12.5000000149012,9.375,-2.39999997317791));
#17514=CARTESIAN_POINT('Origin',(12.9000000149012,9.375,-2.39999997317791));
#17515=CARTESIAN_POINT('',(12.9000000327826,9.375,-1.99999997317791));
#17516=CARTESIAN_POINT('Origin',(12.9000000149012,9.375,-2.39999997317791));
#17517=CARTESIAN_POINT('',(12.9000000327826,9.775,-1.99999997317791));
#17518=CARTESIAN_POINT('Origin',(12.9000000149012,9.775,-2.39999997317791));
#17519=CARTESIAN_POINT('',(12.9000000327826,9.375,-1.99999997317791));
#17520=CARTESIAN_POINT('Origin',(13.5,9.375,-2.));
#17521=CARTESIAN_POINT('',(13.5,9.375,-2.));
#17522=CARTESIAN_POINT('',(13.5,9.375,-2.));
#17523=CARTESIAN_POINT('',(13.5,9.775,-2.));
#17524=CARTESIAN_POINT('',(13.5,9.775,-2.));
#17525=CARTESIAN_POINT('',(13.5,9.375,-2.));
#17526=CARTESIAN_POINT('Origin',(13.5,9.375,-1.5));
#17527=CARTESIAN_POINT('',(13.5000000223517,9.375,-1.5));
#17528=CARTESIAN_POINT('',(13.5,9.375,-1.5));
#17529=CARTESIAN_POINT('',(13.5000000223517,9.775,-1.5));
#17530=CARTESIAN_POINT('',(13.5,9.775,-1.5));
#17531=CARTESIAN_POINT('',(13.5000000223517,9.375,-1.5));
#17532=CARTESIAN_POINT('Origin',(12.9000000551343,9.375,-1.49999997317791));
#17533=CARTESIAN_POINT('',(12.9000000551343,9.375,-1.49999997317791));
#17534=CARTESIAN_POINT('',(13.5000000223517,9.375,-1.5));
#17535=CARTESIAN_POINT('',(12.9000000551343,9.775,-1.49999997317791));
#17536=CARTESIAN_POINT('',(13.5000000223517,9.775,-1.5));
#17537=CARTESIAN_POINT('',(12.9000000551343,9.375,-1.49999997317791));
#17538=CARTESIAN_POINT('Origin',(12.9000000149012,9.375,-2.39999997317791));
#17539=CARTESIAN_POINT('',(12.0258823783636,9.375,-2.18571428188256));
#17540=CARTESIAN_POINT('Origin',(12.9000000149012,9.375,-2.39999997317791));
#17541=CARTESIAN_POINT('',(12.0258823783636,9.775,-2.18571428188256));
#17542=CARTESIAN_POINT('Origin',(12.9000000149012,9.775,-2.39999997317791));
#17543=CARTESIAN_POINT('',(12.0258823783636,9.375,-2.18571428188256));
#17544=CARTESIAN_POINT('Origin',(11.8801961056073,9.375,-2.15));
#17545=CARTESIAN_POINT('',(11.8801961056073,9.375,-2.3));
#17546=CARTESIAN_POINT('Origin',(11.8801961056073,9.375,-2.15));
#17547=CARTESIAN_POINT('',(11.8801961056073,9.775,-2.3));
#17548=CARTESIAN_POINT('Origin',(11.8801961056073,9.775,-2.15));
#17549=CARTESIAN_POINT('',(11.8801961056073,9.375,-2.3));
#17550=CARTESIAN_POINT('Origin',(11.5,9.375,-2.3));
#17551=CARTESIAN_POINT('',(11.5,9.375,-2.3));
#17552=CARTESIAN_POINT('',(11.5,9.375,-2.3));
#17553=CARTESIAN_POINT('',(11.5,9.775,-2.3));
#17554=CARTESIAN_POINT('',(11.5,9.775,-2.3));
#17555=CARTESIAN_POINT('',(11.5,9.375,-2.3));
#17556=CARTESIAN_POINT('Origin',(11.5,9.375,-2.8));
#17557=CARTESIAN_POINT('',(11.5,9.375,-2.8));
#17558=CARTESIAN_POINT('',(11.5,9.375,-2.8));
#17559=CARTESIAN_POINT('',(11.5,9.775,-2.8));
#17560=CARTESIAN_POINT('',(11.5,9.775,-2.8));
#17561=CARTESIAN_POINT('',(11.5,9.375,-2.8));
#17562=CARTESIAN_POINT('Origin',(12.1000000149012,9.375,-2.8));
#17563=CARTESIAN_POINT('',(11.5,9.375,-2.8));
#17564=CARTESIAN_POINT('',(11.5,9.775,-2.8));
#17565=CARTESIAN_POINT('Origin',(12.5000000111759,9.375,-2.14999998658895));
#17566=CARTESIAN_POINT('Origin',(12.5000000111759,9.775,-2.14999998658895));
#17567=CARTESIAN_POINT('Origin',(12.1000000149012,10.625,-2.4));
#17568=CARTESIAN_POINT('',(12.1000000149012,10.625,-2.8));
#17569=CARTESIAN_POINT('',(12.5000000149012,10.625,-2.39999997317791));
#17570=CARTESIAN_POINT('Origin',(12.1000000149012,10.625,-2.4));
#17571=CARTESIAN_POINT('',(12.1000000149012,11.025,-2.8));
#17572=CARTESIAN_POINT('',(12.1000000149012,10.625,-2.8));
#17573=CARTESIAN_POINT('',(12.5000000149012,11.025,-2.39999997317791));
#17574=CARTESIAN_POINT('Origin',(12.1000000149012,11.025,-2.4));
#17575=CARTESIAN_POINT('',(12.5000000149012,10.625,-2.39999997317791));
#17576=CARTESIAN_POINT('Origin',(12.9000000149012,10.625,-2.39999997317791));
#17577=CARTESIAN_POINT('',(12.9000000327826,10.625,-1.99999997317791));
#17578=CARTESIAN_POINT('Origin',(12.9000000149012,10.625,-2.39999997317791));
#17579=CARTESIAN_POINT('',(12.9000000327826,11.025,-1.99999997317791));
#17580=CARTESIAN_POINT('Origin',(12.9000000149012,11.025,-2.39999997317791));
#17581=CARTESIAN_POINT('',(12.9000000327826,10.625,-1.99999997317791));
#17582=CARTESIAN_POINT('Origin',(13.5,10.625,-2.));
#17583=CARTESIAN_POINT('',(13.5,10.625,-2.));
#17584=CARTESIAN_POINT('',(13.5,10.625,-2.));
#17585=CARTESIAN_POINT('',(13.5,11.025,-2.));
#17586=CARTESIAN_POINT('',(13.5,11.025,-2.));
#17587=CARTESIAN_POINT('',(13.5,10.625,-2.));
#17588=CARTESIAN_POINT('Origin',(13.5,10.625,-1.5));
#17589=CARTESIAN_POINT('',(13.5000000223517,10.625,-1.5));
#17590=CARTESIAN_POINT('',(13.5,10.625,-1.5));
#17591=CARTESIAN_POINT('',(13.5000000223517,11.025,-1.5));
#17592=CARTESIAN_POINT('',(13.5,11.025,-1.5));
#17593=CARTESIAN_POINT('',(13.5000000223517,10.625,-1.5));
#17594=CARTESIAN_POINT('Origin',(12.9000000551343,10.625,-1.49999997317791));
#17595=CARTESIAN_POINT('',(12.9000000551343,10.625,-1.49999997317791));
#17596=CARTESIAN_POINT('',(13.5000000223517,10.625,-1.5));
#17597=CARTESIAN_POINT('',(12.9000000551343,11.025,-1.49999997317791));
#17598=CARTESIAN_POINT('',(13.5000000223517,11.025,-1.5));
#17599=CARTESIAN_POINT('',(12.9000000551343,10.625,-1.49999997317791));
#17600=CARTESIAN_POINT('Origin',(12.9000000149012,10.625,-2.39999997317791));
#17601=CARTESIAN_POINT('',(12.0258823783636,10.625,-2.18571428188256));
#17602=CARTESIAN_POINT('Origin',(12.9000000149012,10.625,-2.39999997317791));
#17603=CARTESIAN_POINT('',(12.0258823783636,11.025,-2.18571428188256));
#17604=CARTESIAN_POINT('Origin',(12.9000000149012,11.025,-2.39999997317791));
#17605=CARTESIAN_POINT('',(12.0258823783636,10.625,-2.18571428188256));
#17606=CARTESIAN_POINT('Origin',(11.8801961056073,10.625,-2.15));
#17607=CARTESIAN_POINT('',(11.8801961056073,10.625,-2.3));
#17608=CARTESIAN_POINT('Origin',(11.8801961056073,10.625,-2.15));
#17609=CARTESIAN_POINT('',(11.8801961056073,11.025,-2.3));
#17610=CARTESIAN_POINT('Origin',(11.8801961056073,11.025,-2.15));
#17611=CARTESIAN_POINT('',(11.8801961056073,10.625,-2.3));
#17612=CARTESIAN_POINT('Origin',(11.5,10.625,-2.3));
#17613=CARTESIAN_POINT('',(11.5,10.625,-2.3));
#17614=CARTESIAN_POINT('',(11.5,10.625,-2.3));
#17615=CARTESIAN_POINT('',(11.5,11.025,-2.3));
#17616=CARTESIAN_POINT('',(11.5,11.025,-2.3));
#17617=CARTESIAN_POINT('',(11.5,10.625,-2.3));
#17618=CARTESIAN_POINT('Origin',(11.5,10.625,-2.8));
#17619=CARTESIAN_POINT('',(11.5,10.625,-2.8));
#17620=CARTESIAN_POINT('',(11.5,10.625,-2.8));
#17621=CARTESIAN_POINT('',(11.5,11.025,-2.8));
#17622=CARTESIAN_POINT('',(11.5,11.025,-2.8));
#17623=CARTESIAN_POINT('',(11.5,10.625,-2.8));
#17624=CARTESIAN_POINT('Origin',(12.1000000149012,10.625,-2.8));
#17625=CARTESIAN_POINT('',(11.5,10.625,-2.8));
#17626=CARTESIAN_POINT('',(11.5,11.025,-2.8));
#17627=CARTESIAN_POINT('Origin',(12.5000000111759,10.625,-2.14999998658895));
#17628=CARTESIAN_POINT('Origin',(12.5000000111759,11.025,-2.14999998658895));
#17629=CARTESIAN_POINT('Origin',(12.1000000149012,11.875,-2.4));
#17630=CARTESIAN_POINT('',(12.1000000149012,11.875,-2.8));
#17631=CARTESIAN_POINT('',(12.5000000149012,11.875,-2.39999997317791));
#17632=CARTESIAN_POINT('Origin',(12.1000000149012,11.875,-2.4));
#17633=CARTESIAN_POINT('',(12.1000000149012,12.275,-2.8));
#17634=CARTESIAN_POINT('',(12.1000000149012,11.875,-2.8));
#17635=CARTESIAN_POINT('',(12.5000000149012,12.275,-2.39999997317791));
#17636=CARTESIAN_POINT('Origin',(12.1000000149012,12.275,-2.4));
#17637=CARTESIAN_POINT('',(12.5000000149012,11.875,-2.39999997317791));
#17638=CARTESIAN_POINT('Origin',(12.9000000149012,11.875,-2.39999997317791));
#17639=CARTESIAN_POINT('',(12.9000000327826,11.875,-1.99999997317791));
#17640=CARTESIAN_POINT('Origin',(12.9000000149012,11.875,-2.39999997317791));
#17641=CARTESIAN_POINT('',(12.9000000327826,12.275,-1.99999997317791));
#17642=CARTESIAN_POINT('Origin',(12.9000000149012,12.275,-2.39999997317791));
#17643=CARTESIAN_POINT('',(12.9000000327826,11.875,-1.99999997317791));
#17644=CARTESIAN_POINT('Origin',(13.5,11.875,-2.));
#17645=CARTESIAN_POINT('',(13.5,11.875,-2.));
#17646=CARTESIAN_POINT('',(13.5,11.875,-2.));
#17647=CARTESIAN_POINT('',(13.5,12.275,-2.));
#17648=CARTESIAN_POINT('',(13.5,12.275,-2.));
#17649=CARTESIAN_POINT('',(13.5,11.875,-2.));
#17650=CARTESIAN_POINT('Origin',(13.5,11.875,-1.5));
#17651=CARTESIAN_POINT('',(13.5000000223517,11.875,-1.5));
#17652=CARTESIAN_POINT('',(13.5,11.875,-1.5));
#17653=CARTESIAN_POINT('',(13.5000000223517,12.275,-1.5));
#17654=CARTESIAN_POINT('',(13.5,12.275,-1.5));
#17655=CARTESIAN_POINT('',(13.5000000223517,11.875,-1.5));
#17656=CARTESIAN_POINT('Origin',(12.9000000551343,11.875,-1.49999997317791));
#17657=CARTESIAN_POINT('',(12.9000000551343,11.875,-1.49999997317791));
#17658=CARTESIAN_POINT('',(13.5000000223517,11.875,-1.5));
#17659=CARTESIAN_POINT('',(12.9000000551343,12.275,-1.49999997317791));
#17660=CARTESIAN_POINT('',(13.5000000223517,12.275,-1.5));
#17661=CARTESIAN_POINT('',(12.9000000551343,11.875,-1.49999997317791));
#17662=CARTESIAN_POINT('Origin',(12.9000000149012,11.875,-2.39999997317791));
#17663=CARTESIAN_POINT('',(12.0258823783636,11.875,-2.18571428188256));
#17664=CARTESIAN_POINT('Origin',(12.9000000149012,11.875,-2.39999997317791));
#17665=CARTESIAN_POINT('',(12.0258823783636,12.275,-2.18571428188256));
#17666=CARTESIAN_POINT('Origin',(12.9000000149012,12.275,-2.39999997317791));
#17667=CARTESIAN_POINT('',(12.0258823783636,11.875,-2.18571428188256));
#17668=CARTESIAN_POINT('Origin',(11.8801961056073,11.875,-2.15));
#17669=CARTESIAN_POINT('',(11.8801961056073,11.875,-2.3));
#17670=CARTESIAN_POINT('Origin',(11.8801961056073,11.875,-2.15));
#17671=CARTESIAN_POINT('',(11.8801961056073,12.275,-2.3));
#17672=CARTESIAN_POINT('Origin',(11.8801961056073,12.275,-2.15));
#17673=CARTESIAN_POINT('',(11.8801961056073,11.875,-2.3));
#17674=CARTESIAN_POINT('Origin',(11.5,11.875,-2.3));
#17675=CARTESIAN_POINT('',(11.5,11.875,-2.3));
#17676=CARTESIAN_POINT('',(11.5,11.875,-2.3));
#17677=CARTESIAN_POINT('',(11.5,12.275,-2.3));
#17678=CARTESIAN_POINT('',(11.5,12.275,-2.3));
#17679=CARTESIAN_POINT('',(11.5,11.875,-2.3));
#17680=CARTESIAN_POINT('Origin',(11.5,11.875,-2.8));
#17681=CARTESIAN_POINT('',(11.5,11.875,-2.8));
#17682=CARTESIAN_POINT('',(11.5,11.875,-2.8));
#17683=CARTESIAN_POINT('',(11.5,12.275,-2.8));
#17684=CARTESIAN_POINT('',(11.5,12.275,-2.8));
#17685=CARTESIAN_POINT('',(11.5,11.875,-2.8));
#17686=CARTESIAN_POINT('Origin',(12.1000000149012,11.875,-2.8));
#17687=CARTESIAN_POINT('',(11.5,11.875,-2.8));
#17688=CARTESIAN_POINT('',(11.5,12.275,-2.8));
#17689=CARTESIAN_POINT('Origin',(12.5000000111759,11.875,-2.14999998658895));
#17690=CARTESIAN_POINT('Origin',(12.5000000111759,12.275,-2.14999998658895));
#17691=CARTESIAN_POINT('Origin',(12.1000000149012,13.125,-2.4));
#17692=CARTESIAN_POINT('',(12.1000000149012,13.125,-2.8));
#17693=CARTESIAN_POINT('',(12.5000000149012,13.125,-2.39999997317791));
#17694=CARTESIAN_POINT('Origin',(12.1000000149012,13.125,-2.4));
#17695=CARTESIAN_POINT('',(12.1000000149012,13.525,-2.8));
#17696=CARTESIAN_POINT('',(12.1000000149012,13.125,-2.8));
#17697=CARTESIAN_POINT('',(12.5000000149012,13.525,-2.39999997317791));
#17698=CARTESIAN_POINT('Origin',(12.1000000149012,13.525,-2.4));
#17699=CARTESIAN_POINT('',(12.5000000149012,13.125,-2.39999997317791));
#17700=CARTESIAN_POINT('Origin',(12.9000000149012,13.125,-2.39999997317791));
#17701=CARTESIAN_POINT('',(12.9000000327826,13.125,-1.99999997317791));
#17702=CARTESIAN_POINT('Origin',(12.9000000149012,13.125,-2.39999997317791));
#17703=CARTESIAN_POINT('',(12.9000000327826,13.525,-1.99999997317791));
#17704=CARTESIAN_POINT('Origin',(12.9000000149012,13.525,-2.39999997317791));
#17705=CARTESIAN_POINT('',(12.9000000327826,13.125,-1.99999997317791));
#17706=CARTESIAN_POINT('Origin',(13.5,13.125,-2.));
#17707=CARTESIAN_POINT('',(13.5,13.125,-2.));
#17708=CARTESIAN_POINT('',(13.5,13.125,-2.));
#17709=CARTESIAN_POINT('',(13.5,13.525,-2.));
#17710=CARTESIAN_POINT('',(13.5,13.525,-2.));
#17711=CARTESIAN_POINT('',(13.5,13.125,-2.));
#17712=CARTESIAN_POINT('Origin',(13.5,13.125,-1.5));
#17713=CARTESIAN_POINT('',(13.5000000223517,13.125,-1.5));
#17714=CARTESIAN_POINT('',(13.5,13.125,-1.5));
#17715=CARTESIAN_POINT('',(13.5000000223517,13.525,-1.5));
#17716=CARTESIAN_POINT('',(13.5,13.525,-1.5));
#17717=CARTESIAN_POINT('',(13.5000000223517,13.125,-1.5));
#17718=CARTESIAN_POINT('Origin',(12.9000000551343,13.125,-1.49999997317791));
#17719=CARTESIAN_POINT('',(12.9000000551343,13.125,-1.49999997317791));
#17720=CARTESIAN_POINT('',(13.5000000223517,13.125,-1.5));
#17721=CARTESIAN_POINT('',(12.9000000551343,13.525,-1.49999997317791));
#17722=CARTESIAN_POINT('',(13.5000000223517,13.525,-1.5));
#17723=CARTESIAN_POINT('',(12.9000000551343,13.125,-1.49999997317791));
#17724=CARTESIAN_POINT('Origin',(12.9000000149012,13.125,-2.39999997317791));
#17725=CARTESIAN_POINT('',(12.0258823783636,13.125,-2.18571428188256));
#17726=CARTESIAN_POINT('Origin',(12.9000000149012,13.125,-2.39999997317791));
#17727=CARTESIAN_POINT('',(12.0258823783636,13.525,-2.18571428188256));
#17728=CARTESIAN_POINT('Origin',(12.9000000149012,13.525,-2.39999997317791));
#17729=CARTESIAN_POINT('',(12.0258823783636,13.125,-2.18571428188256));
#17730=CARTESIAN_POINT('Origin',(11.8801961056073,13.125,-2.15));
#17731=CARTESIAN_POINT('',(11.8801961056073,13.125,-2.3));
#17732=CARTESIAN_POINT('Origin',(11.8801961056073,13.125,-2.15));
#17733=CARTESIAN_POINT('',(11.8801961056073,13.525,-2.3));
#17734=CARTESIAN_POINT('Origin',(11.8801961056073,13.525,-2.15));
#17735=CARTESIAN_POINT('',(11.8801961056073,13.125,-2.3));
#17736=CARTESIAN_POINT('Origin',(11.5,13.125,-2.3));
#17737=CARTESIAN_POINT('',(11.5,13.125,-2.3));
#17738=CARTESIAN_POINT('',(11.5,13.125,-2.3));
#17739=CARTESIAN_POINT('',(11.5,13.525,-2.3));
#17740=CARTESIAN_POINT('',(11.5,13.525,-2.3));
#17741=CARTESIAN_POINT('',(11.5,13.125,-2.3));
#17742=CARTESIAN_POINT('Origin',(11.5,13.125,-2.8));
#17743=CARTESIAN_POINT('',(11.5,13.125,-2.8));
#17744=CARTESIAN_POINT('',(11.5,13.125,-2.8));
#17745=CARTESIAN_POINT('',(11.5,13.525,-2.8));
#17746=CARTESIAN_POINT('',(11.5,13.525,-2.8));
#17747=CARTESIAN_POINT('',(11.5,13.125,-2.8));
#17748=CARTESIAN_POINT('Origin',(12.1000000149012,13.125,-2.8));
#17749=CARTESIAN_POINT('',(11.5,13.125,-2.8));
#17750=CARTESIAN_POINT('',(11.5,13.525,-2.8));
#17751=CARTESIAN_POINT('Origin',(12.5000000111759,13.125,-2.14999998658895));
#17752=CARTESIAN_POINT('Origin',(12.5000000111759,13.525,-2.14999998658895));
#17753=CARTESIAN_POINT('Origin',(12.1000000149012,14.375,-2.4));
#17754=CARTESIAN_POINT('',(12.1000000149012,14.375,-2.8));
#17755=CARTESIAN_POINT('',(12.5000000149012,14.375,-2.39999997317791));
#17756=CARTESIAN_POINT('Origin',(12.1000000149012,14.375,-2.4));
#17757=CARTESIAN_POINT('',(12.1000000149012,14.775,-2.8));
#17758=CARTESIAN_POINT('',(12.1000000149012,14.375,-2.8));
#17759=CARTESIAN_POINT('',(12.5000000149012,14.775,-2.39999997317791));
#17760=CARTESIAN_POINT('Origin',(12.1000000149012,14.775,-2.4));
#17761=CARTESIAN_POINT('',(12.5000000149012,14.375,-2.39999997317791));
#17762=CARTESIAN_POINT('Origin',(12.9000000149012,14.375,-2.39999997317791));
#17763=CARTESIAN_POINT('',(12.9000000327826,14.375,-1.99999997317791));
#17764=CARTESIAN_POINT('Origin',(12.9000000149012,14.375,-2.39999997317791));
#17765=CARTESIAN_POINT('',(12.9000000327826,14.775,-1.99999997317791));
#17766=CARTESIAN_POINT('Origin',(12.9000000149012,14.775,-2.39999997317791));
#17767=CARTESIAN_POINT('',(12.9000000327826,14.375,-1.99999997317791));
#17768=CARTESIAN_POINT('Origin',(13.5,14.375,-2.));
#17769=CARTESIAN_POINT('',(13.5,14.375,-2.));
#17770=CARTESIAN_POINT('',(13.5,14.375,-2.));
#17771=CARTESIAN_POINT('',(13.5,14.775,-2.));
#17772=CARTESIAN_POINT('',(13.5,14.775,-2.));
#17773=CARTESIAN_POINT('',(13.5,14.375,-2.));
#17774=CARTESIAN_POINT('Origin',(13.5,14.375,-1.5));
#17775=CARTESIAN_POINT('',(13.5000000223517,14.375,-1.5));
#17776=CARTESIAN_POINT('',(13.5,14.375,-1.5));
#17777=CARTESIAN_POINT('',(13.5000000223517,14.775,-1.5));
#17778=CARTESIAN_POINT('',(13.5,14.775,-1.5));
#17779=CARTESIAN_POINT('',(13.5000000223517,14.375,-1.5));
#17780=CARTESIAN_POINT('Origin',(12.9000000551343,14.375,-1.49999997317791));
#17781=CARTESIAN_POINT('',(12.9000000551343,14.375,-1.49999997317791));
#17782=CARTESIAN_POINT('',(13.5000000223517,14.375,-1.5));
#17783=CARTESIAN_POINT('',(12.9000000551343,14.775,-1.49999997317791));
#17784=CARTESIAN_POINT('',(13.5000000223517,14.775,-1.5));
#17785=CARTESIAN_POINT('',(12.9000000551343,14.375,-1.49999997317791));
#17786=CARTESIAN_POINT('Origin',(12.9000000149012,14.375,-2.39999997317791));
#17787=CARTESIAN_POINT('',(12.0258823783636,14.375,-2.18571428188256));
#17788=CARTESIAN_POINT('Origin',(12.9000000149012,14.375,-2.39999997317791));
#17789=CARTESIAN_POINT('',(12.0258823783636,14.775,-2.18571428188256));
#17790=CARTESIAN_POINT('Origin',(12.9000000149012,14.775,-2.39999997317791));
#17791=CARTESIAN_POINT('',(12.0258823783636,14.375,-2.18571428188256));
#17792=CARTESIAN_POINT('Origin',(11.8801961056073,14.375,-2.15));
#17793=CARTESIAN_POINT('',(11.8801961056073,14.375,-2.3));
#17794=CARTESIAN_POINT('Origin',(11.8801961056073,14.375,-2.15));
#17795=CARTESIAN_POINT('',(11.8801961056073,14.775,-2.3));
#17796=CARTESIAN_POINT('Origin',(11.8801961056073,14.775,-2.15));
#17797=CARTESIAN_POINT('',(11.8801961056073,14.375,-2.3));
#17798=CARTESIAN_POINT('Origin',(11.5,14.375,-2.3));
#17799=CARTESIAN_POINT('',(11.5,14.375,-2.3));
#17800=CARTESIAN_POINT('',(11.5,14.375,-2.3));
#17801=CARTESIAN_POINT('',(11.5,14.775,-2.3));
#17802=CARTESIAN_POINT('',(11.5,14.775,-2.3));
#17803=CARTESIAN_POINT('',(11.5,14.375,-2.3));
#17804=CARTESIAN_POINT('Origin',(11.5,14.375,-2.8));
#17805=CARTESIAN_POINT('',(11.5,14.375,-2.8));
#17806=CARTESIAN_POINT('',(11.5,14.375,-2.8));
#17807=CARTESIAN_POINT('',(11.5,14.775,-2.8));
#17808=CARTESIAN_POINT('',(11.5,14.775,-2.8));
#17809=CARTESIAN_POINT('',(11.5,14.375,-2.8));
#17810=CARTESIAN_POINT('Origin',(12.1000000149012,14.375,-2.8));
#17811=CARTESIAN_POINT('',(11.5,14.375,-2.8));
#17812=CARTESIAN_POINT('',(11.5,14.775,-2.8));
#17813=CARTESIAN_POINT('Origin',(12.5000000111759,14.375,-2.14999998658895));
#17814=CARTESIAN_POINT('Origin',(12.5000000111759,14.775,-2.14999998658895));
#17815=CARTESIAN_POINT('Origin',(12.1000000149012,15.625,-2.4));
#17816=CARTESIAN_POINT('',(12.1000000149012,15.625,-2.8));
#17817=CARTESIAN_POINT('',(12.5000000149012,15.625,-2.39999997317791));
#17818=CARTESIAN_POINT('Origin',(12.1000000149012,15.625,-2.4));
#17819=CARTESIAN_POINT('',(12.1000000149012,16.025,-2.8));
#17820=CARTESIAN_POINT('',(12.1000000149012,15.625,-2.8));
#17821=CARTESIAN_POINT('',(12.5000000149012,16.025,-2.39999997317791));
#17822=CARTESIAN_POINT('Origin',(12.1000000149012,16.025,-2.4));
#17823=CARTESIAN_POINT('',(12.5000000149012,15.625,-2.39999997317791));
#17824=CARTESIAN_POINT('Origin',(12.9000000149012,15.625,-2.39999997317791));
#17825=CARTESIAN_POINT('',(12.9000000327826,15.625,-1.99999997317791));
#17826=CARTESIAN_POINT('Origin',(12.9000000149012,15.625,-2.39999997317791));
#17827=CARTESIAN_POINT('',(12.9000000327826,16.025,-1.99999997317791));
#17828=CARTESIAN_POINT('Origin',(12.9000000149012,16.025,-2.39999997317791));
#17829=CARTESIAN_POINT('',(12.9000000327826,15.625,-1.99999997317791));
#17830=CARTESIAN_POINT('Origin',(13.5,15.625,-2.));
#17831=CARTESIAN_POINT('',(13.5,15.625,-2.));
#17832=CARTESIAN_POINT('',(13.5,15.625,-2.));
#17833=CARTESIAN_POINT('',(13.5,16.025,-2.));
#17834=CARTESIAN_POINT('',(13.5,16.025,-2.));
#17835=CARTESIAN_POINT('',(13.5,15.625,-2.));
#17836=CARTESIAN_POINT('Origin',(13.5,15.625,-1.5));
#17837=CARTESIAN_POINT('',(13.5000000223517,15.625,-1.5));
#17838=CARTESIAN_POINT('',(13.5,15.625,-1.5));
#17839=CARTESIAN_POINT('',(13.5000000223517,16.025,-1.5));
#17840=CARTESIAN_POINT('',(13.5,16.025,-1.5));
#17841=CARTESIAN_POINT('',(13.5000000223517,15.625,-1.5));
#17842=CARTESIAN_POINT('Origin',(12.9000000551343,15.625,-1.49999997317791));
#17843=CARTESIAN_POINT('',(12.9000000551343,15.625,-1.49999997317791));
#17844=CARTESIAN_POINT('',(13.5000000223517,15.625,-1.5));
#17845=CARTESIAN_POINT('',(12.9000000551343,16.025,-1.49999997317791));
#17846=CARTESIAN_POINT('',(13.5000000223517,16.025,-1.5));
#17847=CARTESIAN_POINT('',(12.9000000551343,15.625,-1.49999997317791));
#17848=CARTESIAN_POINT('Origin',(12.9000000149012,15.625,-2.39999997317791));
#17849=CARTESIAN_POINT('',(12.0258823783636,15.625,-2.18571428188256));
#17850=CARTESIAN_POINT('Origin',(12.9000000149012,15.625,-2.39999997317791));
#17851=CARTESIAN_POINT('',(12.0258823783636,16.025,-2.18571428188256));
#17852=CARTESIAN_POINT('Origin',(12.9000000149012,16.025,-2.39999997317791));
#17853=CARTESIAN_POINT('',(12.0258823783636,15.625,-2.18571428188256));
#17854=CARTESIAN_POINT('Origin',(11.8801961056073,15.625,-2.15));
#17855=CARTESIAN_POINT('',(11.8801961056073,15.625,-2.3));
#17856=CARTESIAN_POINT('Origin',(11.8801961056073,15.625,-2.15));
#17857=CARTESIAN_POINT('',(11.8801961056073,16.025,-2.3));
#17858=CARTESIAN_POINT('Origin',(11.8801961056073,16.025,-2.15));
#17859=CARTESIAN_POINT('',(11.8801961056073,15.625,-2.3));
#17860=CARTESIAN_POINT('Origin',(11.5,15.625,-2.3));
#17861=CARTESIAN_POINT('',(11.5,15.625,-2.3));
#17862=CARTESIAN_POINT('',(11.5,15.625,-2.3));
#17863=CARTESIAN_POINT('',(11.5,16.025,-2.3));
#17864=CARTESIAN_POINT('',(11.5,16.025,-2.3));
#17865=CARTESIAN_POINT('',(11.5,15.625,-2.3));
#17866=CARTESIAN_POINT('Origin',(11.5,15.625,-2.8));
#17867=CARTESIAN_POINT('',(11.5,15.625,-2.8));
#17868=CARTESIAN_POINT('',(11.5,15.625,-2.8));
#17869=CARTESIAN_POINT('',(11.5,16.025,-2.8));
#17870=CARTESIAN_POINT('',(11.5,16.025,-2.8));
#17871=CARTESIAN_POINT('',(11.5,15.625,-2.8));
#17872=CARTESIAN_POINT('Origin',(12.1000000149012,15.625,-2.8));
#17873=CARTESIAN_POINT('',(11.5,15.625,-2.8));
#17874=CARTESIAN_POINT('',(11.5,16.025,-2.8));
#17875=CARTESIAN_POINT('Origin',(12.5000000111759,15.625,-2.14999998658895));
#17876=CARTESIAN_POINT('Origin',(12.5000000111759,16.025,-2.14999998658895));
#17877=CARTESIAN_POINT('Origin',(12.1000000149012,16.875,-2.4));
#17878=CARTESIAN_POINT('',(12.1000000149012,16.875,-2.8));
#17879=CARTESIAN_POINT('',(12.5000000149012,16.875,-2.39999997317791));
#17880=CARTESIAN_POINT('Origin',(12.1000000149012,16.875,-2.4));
#17881=CARTESIAN_POINT('',(12.1000000149012,17.275,-2.8));
#17882=CARTESIAN_POINT('',(12.1000000149012,16.875,-2.8));
#17883=CARTESIAN_POINT('',(12.5000000149012,17.275,-2.39999997317791));
#17884=CARTESIAN_POINT('Origin',(12.1000000149012,17.275,-2.4));
#17885=CARTESIAN_POINT('',(12.5000000149012,16.875,-2.39999997317791));
#17886=CARTESIAN_POINT('Origin',(12.9000000149012,16.875,-2.39999997317791));
#17887=CARTESIAN_POINT('',(12.9000000327826,16.875,-1.99999997317791));
#17888=CARTESIAN_POINT('Origin',(12.9000000149012,16.875,-2.39999997317791));
#17889=CARTESIAN_POINT('',(12.9000000327826,17.275,-1.99999997317791));
#17890=CARTESIAN_POINT('Origin',(12.9000000149012,17.275,-2.39999997317791));
#17891=CARTESIAN_POINT('',(12.9000000327826,16.875,-1.99999997317791));
#17892=CARTESIAN_POINT('Origin',(13.5,16.875,-2.));
#17893=CARTESIAN_POINT('',(13.5,16.875,-2.));
#17894=CARTESIAN_POINT('',(13.5,16.875,-2.));
#17895=CARTESIAN_POINT('',(13.5,17.275,-2.));
#17896=CARTESIAN_POINT('',(13.5,17.275,-2.));
#17897=CARTESIAN_POINT('',(13.5,16.875,-2.));
#17898=CARTESIAN_POINT('Origin',(13.5,16.875,-1.5));
#17899=CARTESIAN_POINT('',(13.5000000223517,16.875,-1.5));
#17900=CARTESIAN_POINT('',(13.5,16.875,-1.5));
#17901=CARTESIAN_POINT('',(13.5000000223517,17.275,-1.5));
#17902=CARTESIAN_POINT('',(13.5,17.275,-1.5));
#17903=CARTESIAN_POINT('',(13.5000000223517,16.875,-1.5));
#17904=CARTESIAN_POINT('Origin',(12.9000000551343,16.875,-1.49999997317791));
#17905=CARTESIAN_POINT('',(12.9000000551343,16.875,-1.49999997317791));
#17906=CARTESIAN_POINT('',(13.5000000223517,16.875,-1.5));
#17907=CARTESIAN_POINT('',(12.9000000551343,17.275,-1.49999997317791));
#17908=CARTESIAN_POINT('',(13.5000000223517,17.275,-1.5));
#17909=CARTESIAN_POINT('',(12.9000000551343,16.875,-1.49999997317791));
#17910=CARTESIAN_POINT('Origin',(12.9000000149012,16.875,-2.39999997317791));
#17911=CARTESIAN_POINT('',(12.0258823783636,16.875,-2.18571428188256));
#17912=CARTESIAN_POINT('Origin',(12.9000000149012,16.875,-2.39999997317791));
#17913=CARTESIAN_POINT('',(12.0258823783636,17.275,-2.18571428188256));
#17914=CARTESIAN_POINT('Origin',(12.9000000149012,17.275,-2.39999997317791));
#17915=CARTESIAN_POINT('',(12.0258823783636,16.875,-2.18571428188256));
#17916=CARTESIAN_POINT('Origin',(11.8801961056073,16.875,-2.15));
#17917=CARTESIAN_POINT('',(11.8801961056073,16.875,-2.3));
#17918=CARTESIAN_POINT('Origin',(11.8801961056073,16.875,-2.15));
#17919=CARTESIAN_POINT('',(11.8801961056073,17.275,-2.3));
#17920=CARTESIAN_POINT('Origin',(11.8801961056073,17.275,-2.15));
#17921=CARTESIAN_POINT('',(11.8801961056073,16.875,-2.3));
#17922=CARTESIAN_POINT('Origin',(11.5,16.875,-2.3));
#17923=CARTESIAN_POINT('',(11.5,16.875,-2.3));
#17924=CARTESIAN_POINT('',(11.5,16.875,-2.3));
#17925=CARTESIAN_POINT('',(11.5,17.275,-2.3));
#17926=CARTESIAN_POINT('',(11.5,17.275,-2.3));
#17927=CARTESIAN_POINT('',(11.5,16.875,-2.3));
#17928=CARTESIAN_POINT('Origin',(11.5,16.875,-2.8));
#17929=CARTESIAN_POINT('',(11.5,16.875,-2.8));
#17930=CARTESIAN_POINT('',(11.5,16.875,-2.8));
#17931=CARTESIAN_POINT('',(11.5,17.275,-2.8));
#17932=CARTESIAN_POINT('',(11.5,17.275,-2.8));
#17933=CARTESIAN_POINT('',(11.5,16.875,-2.8));
#17934=CARTESIAN_POINT('Origin',(12.1000000149012,16.875,-2.8));
#17935=CARTESIAN_POINT('',(11.5,16.875,-2.8));
#17936=CARTESIAN_POINT('',(11.5,17.275,-2.8));
#17937=CARTESIAN_POINT('Origin',(12.5000000111759,16.875,-2.14999998658895));
#17938=CARTESIAN_POINT('Origin',(12.5000000111759,17.275,-2.14999998658895));
#17939=CARTESIAN_POINT('',(0.,0.,0.));
#17940=CARTESIAN_POINT('Origin',(12.1000000149012,5.625,2.4));
#17941=CARTESIAN_POINT('',(12.1000000149012,5.625,2.8));
#17942=CARTESIAN_POINT('',(12.5000000149012,5.625,2.39999997317791));
#17943=CARTESIAN_POINT('Origin',(12.1000000149012,5.625,2.4));
#17944=CARTESIAN_POINT('',(12.5000000149012,6.025,2.39999997317791));
#17945=CARTESIAN_POINT('',(12.5000000149012,5.625,2.39999997317791));
#17946=CARTESIAN_POINT('',(12.1000000149012,6.025,2.8));
#17947=CARTESIAN_POINT('Origin',(12.1000000149012,6.025,2.4));
#17948=CARTESIAN_POINT('',(12.1000000149012,5.625,2.8));
#17949=CARTESIAN_POINT('Origin',(12.9000000149012,5.625,2.39999997317791));
#17950=CARTESIAN_POINT('',(12.9000000327826,5.625,1.99999997317791));
#17951=CARTESIAN_POINT('Origin',(12.9000000149012,5.625,2.39999997317791));
#17952=CARTESIAN_POINT('',(12.9000000327826,6.025,1.99999997317791));
#17953=CARTESIAN_POINT('',(12.9000000327826,5.625,1.99999997317791));
#17954=CARTESIAN_POINT('Origin',(12.9000000149012,6.025,2.39999997317791));
#17955=CARTESIAN_POINT('Origin',(13.5,5.625,2.));
#17956=CARTESIAN_POINT('',(13.5,5.625,2.));
#17957=CARTESIAN_POINT('',(13.5,5.625,2.));
#17958=CARTESIAN_POINT('',(13.5,6.025,2.));
#17959=CARTESIAN_POINT('',(13.5,5.625,2.));
#17960=CARTESIAN_POINT('',(13.5,6.025,2.));
#17961=CARTESIAN_POINT('Origin',(13.5,5.625,1.5));
#17962=CARTESIAN_POINT('',(13.5000000223517,5.625,1.5));
#17963=CARTESIAN_POINT('',(13.5,5.625,1.5));
#17964=CARTESIAN_POINT('',(13.5000000223517,6.025,1.5));
#17965=CARTESIAN_POINT('',(13.5000000223517,5.625,1.5));
#17966=CARTESIAN_POINT('',(13.5,6.025,1.5));
#17967=CARTESIAN_POINT('Origin',(12.9000000551343,5.625,1.49999997317791));
#17968=CARTESIAN_POINT('',(12.9000000551343,5.625,1.49999997317791));
#17969=CARTESIAN_POINT('',(13.5000000223517,5.625,1.5));
#17970=CARTESIAN_POINT('',(12.9000000551343,6.025,1.49999997317791));
#17971=CARTESIAN_POINT('',(12.9000000551343,5.625,1.49999997317791));
#17972=CARTESIAN_POINT('',(13.5000000223517,6.025,1.5));
#17973=CARTESIAN_POINT('Origin',(12.9000000149012,5.625,2.39999997317791));
#17974=CARTESIAN_POINT('',(12.0258823783636,5.625,2.18571428188256));
#17975=CARTESIAN_POINT('Origin',(12.9000000149012,5.625,2.39999997317791));
#17976=CARTESIAN_POINT('',(12.0258823783636,6.025,2.18571428188256));
#17977=CARTESIAN_POINT('',(12.0258823783636,5.625,2.18571428188256));
#17978=CARTESIAN_POINT('Origin',(12.9000000149012,6.025,2.39999997317791));
#17979=CARTESIAN_POINT('Origin',(11.8801961056073,5.625,2.15));
#17980=CARTESIAN_POINT('',(11.8801961056073,5.625,2.3));
#17981=CARTESIAN_POINT('Origin',(11.8801961056073,5.625,2.15));
#17982=CARTESIAN_POINT('',(11.8801961056073,6.025,2.3));
#17983=CARTESIAN_POINT('',(11.8801961056073,5.625,2.3));
#17984=CARTESIAN_POINT('Origin',(11.8801961056073,6.025,2.15));
#17985=CARTESIAN_POINT('Origin',(11.5,5.625,2.3));
#17986=CARTESIAN_POINT('',(11.5,5.625,2.3));
#17987=CARTESIAN_POINT('',(11.5,5.625,2.3));
#17988=CARTESIAN_POINT('',(11.5,6.025,2.3));
#17989=CARTESIAN_POINT('',(11.5,5.625,2.3));
#17990=CARTESIAN_POINT('',(11.5,6.025,2.3));
#17991=CARTESIAN_POINT('Origin',(11.5,5.625,2.8));
#17992=CARTESIAN_POINT('',(11.5,5.625,2.8));
#17993=CARTESIAN_POINT('',(11.5,5.625,2.8));
#17994=CARTESIAN_POINT('',(11.5,6.025,2.8));
#17995=CARTESIAN_POINT('',(11.5,5.625,2.8));
#17996=CARTESIAN_POINT('',(11.5,6.025,2.8));
#17997=CARTESIAN_POINT('Origin',(12.1000000149012,5.625,2.8));
#17998=CARTESIAN_POINT('',(11.5,5.625,2.8));
#17999=CARTESIAN_POINT('',(11.5,6.025,2.8));
#18000=CARTESIAN_POINT('Origin',(12.5000000111759,5.625,2.14999998658895));
#18001=CARTESIAN_POINT('Origin',(12.5000000111759,6.025,2.14999998658895));
#18002=CARTESIAN_POINT('Origin',(12.1000000149012,6.875,2.4));
#18003=CARTESIAN_POINT('',(12.1000000149012,6.875,2.8));
#18004=CARTESIAN_POINT('',(12.5000000149012,6.875,2.39999997317791));
#18005=CARTESIAN_POINT('Origin',(12.1000000149012,6.875,2.4));
#18006=CARTESIAN_POINT('',(12.5000000149012,7.275,2.39999997317791));
#18007=CARTESIAN_POINT('',(12.5000000149012,6.875,2.39999997317791));
#18008=CARTESIAN_POINT('',(12.1000000149012,7.275,2.8));
#18009=CARTESIAN_POINT('Origin',(12.1000000149012,7.275,2.4));
#18010=CARTESIAN_POINT('',(12.1000000149012,6.875,2.8));
#18011=CARTESIAN_POINT('Origin',(12.9000000149012,6.875,2.39999997317791));
#18012=CARTESIAN_POINT('',(12.9000000327826,6.875,1.99999997317791));
#18013=CARTESIAN_POINT('Origin',(12.9000000149012,6.875,2.39999997317791));
#18014=CARTESIAN_POINT('',(12.9000000327826,7.275,1.99999997317791));
#18015=CARTESIAN_POINT('',(12.9000000327826,6.875,1.99999997317791));
#18016=CARTESIAN_POINT('Origin',(12.9000000149012,7.275,2.39999997317791));
#18017=CARTESIAN_POINT('Origin',(13.5,6.875,2.));
#18018=CARTESIAN_POINT('',(13.5,6.875,2.));
#18019=CARTESIAN_POINT('',(13.5,6.875,2.));
#18020=CARTESIAN_POINT('',(13.5,7.275,2.));
#18021=CARTESIAN_POINT('',(13.5,6.875,2.));
#18022=CARTESIAN_POINT('',(13.5,7.275,2.));
#18023=CARTESIAN_POINT('Origin',(13.5,6.875,1.5));
#18024=CARTESIAN_POINT('',(13.5000000223517,6.875,1.5));
#18025=CARTESIAN_POINT('',(13.5,6.875,1.5));
#18026=CARTESIAN_POINT('',(13.5000000223517,7.275,1.5));
#18027=CARTESIAN_POINT('',(13.5000000223517,6.875,1.5));
#18028=CARTESIAN_POINT('',(13.5,7.275,1.5));
#18029=CARTESIAN_POINT('Origin',(12.9000000551343,6.875,1.49999997317791));
#18030=CARTESIAN_POINT('',(12.9000000551343,6.875,1.49999997317791));
#18031=CARTESIAN_POINT('',(13.5000000223517,6.875,1.5));
#18032=CARTESIAN_POINT('',(12.9000000551343,7.275,1.49999997317791));
#18033=CARTESIAN_POINT('',(12.9000000551343,6.875,1.49999997317791));
#18034=CARTESIAN_POINT('',(13.5000000223517,7.275,1.5));
#18035=CARTESIAN_POINT('Origin',(12.9000000149012,6.875,2.39999997317791));
#18036=CARTESIAN_POINT('',(12.0258823783636,6.875,2.18571428188256));
#18037=CARTESIAN_POINT('Origin',(12.9000000149012,6.875,2.39999997317791));
#18038=CARTESIAN_POINT('',(12.0258823783636,7.275,2.18571428188256));
#18039=CARTESIAN_POINT('',(12.0258823783636,6.875,2.18571428188256));
#18040=CARTESIAN_POINT('Origin',(12.9000000149012,7.275,2.39999997317791));
#18041=CARTESIAN_POINT('Origin',(11.8801961056073,6.875,2.15));
#18042=CARTESIAN_POINT('',(11.8801961056073,6.875,2.3));
#18043=CARTESIAN_POINT('Origin',(11.8801961056073,6.875,2.15));
#18044=CARTESIAN_POINT('',(11.8801961056073,7.275,2.3));
#18045=CARTESIAN_POINT('',(11.8801961056073,6.875,2.3));
#18046=CARTESIAN_POINT('Origin',(11.8801961056073,7.275,2.15));
#18047=CARTESIAN_POINT('Origin',(11.5,6.875,2.3));
#18048=CARTESIAN_POINT('',(11.5,6.875,2.3));
#18049=CARTESIAN_POINT('',(11.5,6.875,2.3));
#18050=CARTESIAN_POINT('',(11.5,7.275,2.3));
#18051=CARTESIAN_POINT('',(11.5,6.875,2.3));
#18052=CARTESIAN_POINT('',(11.5,7.275,2.3));
#18053=CARTESIAN_POINT('Origin',(11.5,6.875,2.8));
#18054=CARTESIAN_POINT('',(11.5,6.875,2.8));
#18055=CARTESIAN_POINT('',(11.5,6.875,2.8));
#18056=CARTESIAN_POINT('',(11.5,7.275,2.8));
#18057=CARTESIAN_POINT('',(11.5,6.875,2.8));
#18058=CARTESIAN_POINT('',(11.5,7.275,2.8));
#18059=CARTESIAN_POINT('Origin',(12.1000000149012,6.875,2.8));
#18060=CARTESIAN_POINT('',(11.5,6.875,2.8));
#18061=CARTESIAN_POINT('',(11.5,7.275,2.8));
#18062=CARTESIAN_POINT('Origin',(12.5000000111759,6.875,2.14999998658895));
#18063=CARTESIAN_POINT('Origin',(12.5000000111759,7.275,2.14999998658895));
#18064=CARTESIAN_POINT('Origin',(12.1000000149012,8.125,2.4));
#18065=CARTESIAN_POINT('',(12.1000000149012,8.125,2.8));
#18066=CARTESIAN_POINT('',(12.5000000149012,8.125,2.39999997317791));
#18067=CARTESIAN_POINT('Origin',(12.1000000149012,8.125,2.4));
#18068=CARTESIAN_POINT('',(12.5000000149012,8.525,2.39999997317791));
#18069=CARTESIAN_POINT('',(12.5000000149012,8.125,2.39999997317791));
#18070=CARTESIAN_POINT('',(12.1000000149012,8.525,2.8));
#18071=CARTESIAN_POINT('Origin',(12.1000000149012,8.525,2.4));
#18072=CARTESIAN_POINT('',(12.1000000149012,8.125,2.8));
#18073=CARTESIAN_POINT('Origin',(12.9000000149012,8.125,2.39999997317791));
#18074=CARTESIAN_POINT('',(12.9000000327826,8.125,1.99999997317791));
#18075=CARTESIAN_POINT('Origin',(12.9000000149012,8.125,2.39999997317791));
#18076=CARTESIAN_POINT('',(12.9000000327826,8.525,1.99999997317791));
#18077=CARTESIAN_POINT('',(12.9000000327826,8.125,1.99999997317791));
#18078=CARTESIAN_POINT('Origin',(12.9000000149012,8.525,2.39999997317791));
#18079=CARTESIAN_POINT('Origin',(13.5,8.125,2.));
#18080=CARTESIAN_POINT('',(13.5,8.125,2.));
#18081=CARTESIAN_POINT('',(13.5,8.125,2.));
#18082=CARTESIAN_POINT('',(13.5,8.525,2.));
#18083=CARTESIAN_POINT('',(13.5,8.125,2.));
#18084=CARTESIAN_POINT('',(13.5,8.525,2.));
#18085=CARTESIAN_POINT('Origin',(13.5,8.125,1.5));
#18086=CARTESIAN_POINT('',(13.5000000223517,8.125,1.5));
#18087=CARTESIAN_POINT('',(13.5,8.125,1.5));
#18088=CARTESIAN_POINT('',(13.5000000223517,8.525,1.5));
#18089=CARTESIAN_POINT('',(13.5000000223517,8.125,1.5));
#18090=CARTESIAN_POINT('',(13.5,8.525,1.5));
#18091=CARTESIAN_POINT('Origin',(12.9000000551343,8.125,1.49999997317791));
#18092=CARTESIAN_POINT('',(12.9000000551343,8.125,1.49999997317791));
#18093=CARTESIAN_POINT('',(13.5000000223517,8.125,1.5));
#18094=CARTESIAN_POINT('',(12.9000000551343,8.525,1.49999997317791));
#18095=CARTESIAN_POINT('',(12.9000000551343,8.125,1.49999997317791));
#18096=CARTESIAN_POINT('',(13.5000000223517,8.525,1.5));
#18097=CARTESIAN_POINT('Origin',(12.9000000149012,8.125,2.39999997317791));
#18098=CARTESIAN_POINT('',(12.0258823783636,8.125,2.18571428188256));
#18099=CARTESIAN_POINT('Origin',(12.9000000149012,8.125,2.39999997317791));
#18100=CARTESIAN_POINT('',(12.0258823783636,8.525,2.18571428188256));
#18101=CARTESIAN_POINT('',(12.0258823783636,8.125,2.18571428188256));
#18102=CARTESIAN_POINT('Origin',(12.9000000149012,8.525,2.39999997317791));
#18103=CARTESIAN_POINT('Origin',(11.8801961056073,8.125,2.15));
#18104=CARTESIAN_POINT('',(11.8801961056073,8.125,2.3));
#18105=CARTESIAN_POINT('Origin',(11.8801961056073,8.125,2.15));
#18106=CARTESIAN_POINT('',(11.8801961056073,8.525,2.3));
#18107=CARTESIAN_POINT('',(11.8801961056073,8.125,2.3));
#18108=CARTESIAN_POINT('Origin',(11.8801961056073,8.525,2.15));
#18109=CARTESIAN_POINT('Origin',(11.5,8.125,2.3));
#18110=CARTESIAN_POINT('',(11.5,8.125,2.3));
#18111=CARTESIAN_POINT('',(11.5,8.125,2.3));
#18112=CARTESIAN_POINT('',(11.5,8.525,2.3));
#18113=CARTESIAN_POINT('',(11.5,8.125,2.3));
#18114=CARTESIAN_POINT('',(11.5,8.525,2.3));
#18115=CARTESIAN_POINT('Origin',(11.5,8.125,2.8));
#18116=CARTESIAN_POINT('',(11.5,8.125,2.8));
#18117=CARTESIAN_POINT('',(11.5,8.125,2.8));
#18118=CARTESIAN_POINT('',(11.5,8.525,2.8));
#18119=CARTESIAN_POINT('',(11.5,8.125,2.8));
#18120=CARTESIAN_POINT('',(11.5,8.525,2.8));
#18121=CARTESIAN_POINT('Origin',(12.1000000149012,8.125,2.8));
#18122=CARTESIAN_POINT('',(11.5,8.125,2.8));
#18123=CARTESIAN_POINT('',(11.5,8.525,2.8));
#18124=CARTESIAN_POINT('Origin',(12.5000000111759,8.125,2.14999998658895));
#18125=CARTESIAN_POINT('Origin',(12.5000000111759,8.525,2.14999998658895));
#18126=CARTESIAN_POINT('Origin',(12.1000000149012,9.375,2.4));
#18127=CARTESIAN_POINT('',(12.1000000149012,9.375,2.8));
#18128=CARTESIAN_POINT('',(12.5000000149012,9.375,2.39999997317791));
#18129=CARTESIAN_POINT('Origin',(12.1000000149012,9.375,2.4));
#18130=CARTESIAN_POINT('',(12.5000000149012,9.775,2.39999997317791));
#18131=CARTESIAN_POINT('',(12.5000000149012,9.375,2.39999997317791));
#18132=CARTESIAN_POINT('',(12.1000000149012,9.775,2.8));
#18133=CARTESIAN_POINT('Origin',(12.1000000149012,9.775,2.4));
#18134=CARTESIAN_POINT('',(12.1000000149012,9.375,2.8));
#18135=CARTESIAN_POINT('Origin',(12.9000000149012,9.375,2.39999997317791));
#18136=CARTESIAN_POINT('',(12.9000000327826,9.375,1.99999997317791));
#18137=CARTESIAN_POINT('Origin',(12.9000000149012,9.375,2.39999997317791));
#18138=CARTESIAN_POINT('',(12.9000000327826,9.775,1.99999997317791));
#18139=CARTESIAN_POINT('',(12.9000000327826,9.375,1.99999997317791));
#18140=CARTESIAN_POINT('Origin',(12.9000000149012,9.775,2.39999997317791));
#18141=CARTESIAN_POINT('Origin',(13.5,9.375,2.));
#18142=CARTESIAN_POINT('',(13.5,9.375,2.));
#18143=CARTESIAN_POINT('',(13.5,9.375,2.));
#18144=CARTESIAN_POINT('',(13.5,9.775,2.));
#18145=CARTESIAN_POINT('',(13.5,9.375,2.));
#18146=CARTESIAN_POINT('',(13.5,9.775,2.));
#18147=CARTESIAN_POINT('Origin',(13.5,9.375,1.5));
#18148=CARTESIAN_POINT('',(13.5000000223517,9.375,1.5));
#18149=CARTESIAN_POINT('',(13.5,9.375,1.5));
#18150=CARTESIAN_POINT('',(13.5000000223517,9.775,1.5));
#18151=CARTESIAN_POINT('',(13.5000000223517,9.375,1.5));
#18152=CARTESIAN_POINT('',(13.5,9.775,1.5));
#18153=CARTESIAN_POINT('Origin',(12.9000000551343,9.375,1.49999997317791));
#18154=CARTESIAN_POINT('',(12.9000000551343,9.375,1.49999997317791));
#18155=CARTESIAN_POINT('',(13.5000000223517,9.375,1.5));
#18156=CARTESIAN_POINT('',(12.9000000551343,9.775,1.49999997317791));
#18157=CARTESIAN_POINT('',(12.9000000551343,9.375,1.49999997317791));
#18158=CARTESIAN_POINT('',(13.5000000223517,9.775,1.5));
#18159=CARTESIAN_POINT('Origin',(12.9000000149012,9.375,2.39999997317791));
#18160=CARTESIAN_POINT('',(12.0258823783636,9.375,2.18571428188256));
#18161=CARTESIAN_POINT('Origin',(12.9000000149012,9.375,2.39999997317791));
#18162=CARTESIAN_POINT('',(12.0258823783636,9.775,2.18571428188256));
#18163=CARTESIAN_POINT('',(12.0258823783636,9.375,2.18571428188256));
#18164=CARTESIAN_POINT('Origin',(12.9000000149012,9.775,2.39999997317791));
#18165=CARTESIAN_POINT('Origin',(11.8801961056073,9.375,2.15));
#18166=CARTESIAN_POINT('',(11.8801961056073,9.375,2.3));
#18167=CARTESIAN_POINT('Origin',(11.8801961056073,9.375,2.15));
#18168=CARTESIAN_POINT('',(11.8801961056073,9.775,2.3));
#18169=CARTESIAN_POINT('',(11.8801961056073,9.375,2.3));
#18170=CARTESIAN_POINT('Origin',(11.8801961056073,9.775,2.15));
#18171=CARTESIAN_POINT('Origin',(11.5,9.375,2.3));
#18172=CARTESIAN_POINT('',(11.5,9.375,2.3));
#18173=CARTESIAN_POINT('',(11.5,9.375,2.3));
#18174=CARTESIAN_POINT('',(11.5,9.775,2.3));
#18175=CARTESIAN_POINT('',(11.5,9.375,2.3));
#18176=CARTESIAN_POINT('',(11.5,9.775,2.3));
#18177=CARTESIAN_POINT('Origin',(11.5,9.375,2.8));
#18178=CARTESIAN_POINT('',(11.5,9.375,2.8));
#18179=CARTESIAN_POINT('',(11.5,9.375,2.8));
#18180=CARTESIAN_POINT('',(11.5,9.775,2.8));
#18181=CARTESIAN_POINT('',(11.5,9.375,2.8));
#18182=CARTESIAN_POINT('',(11.5,9.775,2.8));
#18183=CARTESIAN_POINT('Origin',(12.1000000149012,9.375,2.8));
#18184=CARTESIAN_POINT('',(11.5,9.375,2.8));
#18185=CARTESIAN_POINT('',(11.5,9.775,2.8));
#18186=CARTESIAN_POINT('Origin',(12.5000000111759,9.375,2.14999998658895));
#18187=CARTESIAN_POINT('Origin',(12.5000000111759,9.775,2.14999998658895));
#18188=CARTESIAN_POINT('Origin',(12.1000000149012,10.625,2.4));
#18189=CARTESIAN_POINT('',(12.1000000149012,10.625,2.8));
#18190=CARTESIAN_POINT('',(12.5000000149012,10.625,2.39999997317791));
#18191=CARTESIAN_POINT('Origin',(12.1000000149012,10.625,2.4));
#18192=CARTESIAN_POINT('',(12.5000000149012,11.025,2.39999997317791));
#18193=CARTESIAN_POINT('',(12.5000000149012,10.625,2.39999997317791));
#18194=CARTESIAN_POINT('',(12.1000000149012,11.025,2.8));
#18195=CARTESIAN_POINT('Origin',(12.1000000149012,11.025,2.4));
#18196=CARTESIAN_POINT('',(12.1000000149012,10.625,2.8));
#18197=CARTESIAN_POINT('Origin',(12.9000000149012,10.625,2.39999997317791));
#18198=CARTESIAN_POINT('',(12.9000000327826,10.625,1.99999997317791));
#18199=CARTESIAN_POINT('Origin',(12.9000000149012,10.625,2.39999997317791));
#18200=CARTESIAN_POINT('',(12.9000000327826,11.025,1.99999997317791));
#18201=CARTESIAN_POINT('',(12.9000000327826,10.625,1.99999997317791));
#18202=CARTESIAN_POINT('Origin',(12.9000000149012,11.025,2.39999997317791));
#18203=CARTESIAN_POINT('Origin',(13.5,10.625,2.));
#18204=CARTESIAN_POINT('',(13.5,10.625,2.));
#18205=CARTESIAN_POINT('',(13.5,10.625,2.));
#18206=CARTESIAN_POINT('',(13.5,11.025,2.));
#18207=CARTESIAN_POINT('',(13.5,10.625,2.));
#18208=CARTESIAN_POINT('',(13.5,11.025,2.));
#18209=CARTESIAN_POINT('Origin',(13.5,10.625,1.5));
#18210=CARTESIAN_POINT('',(13.5000000223517,10.625,1.5));
#18211=CARTESIAN_POINT('',(13.5,10.625,1.5));
#18212=CARTESIAN_POINT('',(13.5000000223517,11.025,1.5));
#18213=CARTESIAN_POINT('',(13.5000000223517,10.625,1.5));
#18214=CARTESIAN_POINT('',(13.5,11.025,1.5));
#18215=CARTESIAN_POINT('Origin',(12.9000000551343,10.625,1.49999997317791));
#18216=CARTESIAN_POINT('',(12.9000000551343,10.625,1.49999997317791));
#18217=CARTESIAN_POINT('',(13.5000000223517,10.625,1.5));
#18218=CARTESIAN_POINT('',(12.9000000551343,11.025,1.49999997317791));
#18219=CARTESIAN_POINT('',(12.9000000551343,10.625,1.49999997317791));
#18220=CARTESIAN_POINT('',(13.5000000223517,11.025,1.5));
#18221=CARTESIAN_POINT('Origin',(12.9000000149012,10.625,2.39999997317791));
#18222=CARTESIAN_POINT('',(12.0258823783636,10.625,2.18571428188256));
#18223=CARTESIAN_POINT('Origin',(12.9000000149012,10.625,2.39999997317791));
#18224=CARTESIAN_POINT('',(12.0258823783636,11.025,2.18571428188256));
#18225=CARTESIAN_POINT('',(12.0258823783636,10.625,2.18571428188256));
#18226=CARTESIAN_POINT('Origin',(12.9000000149012,11.025,2.39999997317791));
#18227=CARTESIAN_POINT('Origin',(11.8801961056073,10.625,2.15));
#18228=CARTESIAN_POINT('',(11.8801961056073,10.625,2.3));
#18229=CARTESIAN_POINT('Origin',(11.8801961056073,10.625,2.15));
#18230=CARTESIAN_POINT('',(11.8801961056073,11.025,2.3));
#18231=CARTESIAN_POINT('',(11.8801961056073,10.625,2.3));
#18232=CARTESIAN_POINT('Origin',(11.8801961056073,11.025,2.15));
#18233=CARTESIAN_POINT('Origin',(11.5,10.625,2.3));
#18234=CARTESIAN_POINT('',(11.5,10.625,2.3));
#18235=CARTESIAN_POINT('',(11.5,10.625,2.3));
#18236=CARTESIAN_POINT('',(11.5,11.025,2.3));
#18237=CARTESIAN_POINT('',(11.5,10.625,2.3));
#18238=CARTESIAN_POINT('',(11.5,11.025,2.3));
#18239=CARTESIAN_POINT('Origin',(11.5,10.625,2.8));
#18240=CARTESIAN_POINT('',(11.5,10.625,2.8));
#18241=CARTESIAN_POINT('',(11.5,10.625,2.8));
#18242=CARTESIAN_POINT('',(11.5,11.025,2.8));
#18243=CARTESIAN_POINT('',(11.5,10.625,2.8));
#18244=CARTESIAN_POINT('',(11.5,11.025,2.8));
#18245=CARTESIAN_POINT('Origin',(12.1000000149012,10.625,2.8));
#18246=CARTESIAN_POINT('',(11.5,10.625,2.8));
#18247=CARTESIAN_POINT('',(11.5,11.025,2.8));
#18248=CARTESIAN_POINT('Origin',(12.5000000111759,10.625,2.14999998658895));
#18249=CARTESIAN_POINT('Origin',(12.5000000111759,11.025,2.14999998658895));
#18250=CARTESIAN_POINT('Origin',(12.1000000149012,11.875,2.4));
#18251=CARTESIAN_POINT('',(12.1000000149012,11.875,2.8));
#18252=CARTESIAN_POINT('',(12.5000000149012,11.875,2.39999997317791));
#18253=CARTESIAN_POINT('Origin',(12.1000000149012,11.875,2.4));
#18254=CARTESIAN_POINT('',(12.5000000149012,12.275,2.39999997317791));
#18255=CARTESIAN_POINT('',(12.5000000149012,11.875,2.39999997317791));
#18256=CARTESIAN_POINT('',(12.1000000149012,12.275,2.8));
#18257=CARTESIAN_POINT('Origin',(12.1000000149012,12.275,2.4));
#18258=CARTESIAN_POINT('',(12.1000000149012,11.875,2.8));
#18259=CARTESIAN_POINT('Origin',(12.9000000149012,11.875,2.39999997317791));
#18260=CARTESIAN_POINT('',(12.9000000327826,11.875,1.99999997317791));
#18261=CARTESIAN_POINT('Origin',(12.9000000149012,11.875,2.39999997317791));
#18262=CARTESIAN_POINT('',(12.9000000327826,12.275,1.99999997317791));
#18263=CARTESIAN_POINT('',(12.9000000327826,11.875,1.99999997317791));
#18264=CARTESIAN_POINT('Origin',(12.9000000149012,12.275,2.39999997317791));
#18265=CARTESIAN_POINT('Origin',(13.5,11.875,2.));
#18266=CARTESIAN_POINT('',(13.5,11.875,2.));
#18267=CARTESIAN_POINT('',(13.5,11.875,2.));
#18268=CARTESIAN_POINT('',(13.5,12.275,2.));
#18269=CARTESIAN_POINT('',(13.5,11.875,2.));
#18270=CARTESIAN_POINT('',(13.5,12.275,2.));
#18271=CARTESIAN_POINT('Origin',(13.5,11.875,1.5));
#18272=CARTESIAN_POINT('',(13.5000000223517,11.875,1.5));
#18273=CARTESIAN_POINT('',(13.5,11.875,1.5));
#18274=CARTESIAN_POINT('',(13.5000000223517,12.275,1.5));
#18275=CARTESIAN_POINT('',(13.5000000223517,11.875,1.5));
#18276=CARTESIAN_POINT('',(13.5,12.275,1.5));
#18277=CARTESIAN_POINT('Origin',(12.9000000551343,11.875,1.49999997317791));
#18278=CARTESIAN_POINT('',(12.9000000551343,11.875,1.49999997317791));
#18279=CARTESIAN_POINT('',(13.5000000223517,11.875,1.5));
#18280=CARTESIAN_POINT('',(12.9000000551343,12.275,1.49999997317791));
#18281=CARTESIAN_POINT('',(12.9000000551343,11.875,1.49999997317791));
#18282=CARTESIAN_POINT('',(13.5000000223517,12.275,1.5));
#18283=CARTESIAN_POINT('Origin',(12.9000000149012,11.875,2.39999997317791));
#18284=CARTESIAN_POINT('',(12.0258823783636,11.875,2.18571428188256));
#18285=CARTESIAN_POINT('Origin',(12.9000000149012,11.875,2.39999997317791));
#18286=CARTESIAN_POINT('',(12.0258823783636,12.275,2.18571428188256));
#18287=CARTESIAN_POINT('',(12.0258823783636,11.875,2.18571428188256));
#18288=CARTESIAN_POINT('Origin',(12.9000000149012,12.275,2.39999997317791));
#18289=CARTESIAN_POINT('Origin',(11.8801961056073,11.875,2.15));
#18290=CARTESIAN_POINT('',(11.8801961056073,11.875,2.3));
#18291=CARTESIAN_POINT('Origin',(11.8801961056073,11.875,2.15));
#18292=CARTESIAN_POINT('',(11.8801961056073,12.275,2.3));
#18293=CARTESIAN_POINT('',(11.8801961056073,11.875,2.3));
#18294=CARTESIAN_POINT('Origin',(11.8801961056073,12.275,2.15));
#18295=CARTESIAN_POINT('Origin',(11.5,11.875,2.3));
#18296=CARTESIAN_POINT('',(11.5,11.875,2.3));
#18297=CARTESIAN_POINT('',(11.5,11.875,2.3));
#18298=CARTESIAN_POINT('',(11.5,12.275,2.3));
#18299=CARTESIAN_POINT('',(11.5,11.875,2.3));
#18300=CARTESIAN_POINT('',(11.5,12.275,2.3));
#18301=CARTESIAN_POINT('Origin',(11.5,11.875,2.8));
#18302=CARTESIAN_POINT('',(11.5,11.875,2.8));
#18303=CARTESIAN_POINT('',(11.5,11.875,2.8));
#18304=CARTESIAN_POINT('',(11.5,12.275,2.8));
#18305=CARTESIAN_POINT('',(11.5,11.875,2.8));
#18306=CARTESIAN_POINT('',(11.5,12.275,2.8));
#18307=CARTESIAN_POINT('Origin',(12.1000000149012,11.875,2.8));
#18308=CARTESIAN_POINT('',(11.5,11.875,2.8));
#18309=CARTESIAN_POINT('',(11.5,12.275,2.8));
#18310=CARTESIAN_POINT('Origin',(12.5000000111759,11.875,2.14999998658895));
#18311=CARTESIAN_POINT('Origin',(12.5000000111759,12.275,2.14999998658895));
#18312=CARTESIAN_POINT('Origin',(12.1000000149012,13.125,2.4));
#18313=CARTESIAN_POINT('',(12.1000000149012,13.125,2.8));
#18314=CARTESIAN_POINT('',(12.5000000149012,13.125,2.39999997317791));
#18315=CARTESIAN_POINT('Origin',(12.1000000149012,13.125,2.4));
#18316=CARTESIAN_POINT('',(12.5000000149012,13.525,2.39999997317791));
#18317=CARTESIAN_POINT('',(12.5000000149012,13.125,2.39999997317791));
#18318=CARTESIAN_POINT('',(12.1000000149012,13.525,2.8));
#18319=CARTESIAN_POINT('Origin',(12.1000000149012,13.525,2.4));
#18320=CARTESIAN_POINT('',(12.1000000149012,13.125,2.8));
#18321=CARTESIAN_POINT('Origin',(12.9000000149012,13.125,2.39999997317791));
#18322=CARTESIAN_POINT('',(12.9000000327826,13.125,1.99999997317791));
#18323=CARTESIAN_POINT('Origin',(12.9000000149012,13.125,2.39999997317791));
#18324=CARTESIAN_POINT('',(12.9000000327826,13.525,1.99999997317791));
#18325=CARTESIAN_POINT('',(12.9000000327826,13.125,1.99999997317791));
#18326=CARTESIAN_POINT('Origin',(12.9000000149012,13.525,2.39999997317791));
#18327=CARTESIAN_POINT('Origin',(13.5,13.125,2.));
#18328=CARTESIAN_POINT('',(13.5,13.125,2.));
#18329=CARTESIAN_POINT('',(13.5,13.125,2.));
#18330=CARTESIAN_POINT('',(13.5,13.525,2.));
#18331=CARTESIAN_POINT('',(13.5,13.125,2.));
#18332=CARTESIAN_POINT('',(13.5,13.525,2.));
#18333=CARTESIAN_POINT('Origin',(13.5,13.125,1.5));
#18334=CARTESIAN_POINT('',(13.5000000223517,13.125,1.5));
#18335=CARTESIAN_POINT('',(13.5,13.125,1.5));
#18336=CARTESIAN_POINT('',(13.5000000223517,13.525,1.5));
#18337=CARTESIAN_POINT('',(13.5000000223517,13.125,1.5));
#18338=CARTESIAN_POINT('',(13.5,13.525,1.5));
#18339=CARTESIAN_POINT('Origin',(12.9000000551343,13.125,1.49999997317791));
#18340=CARTESIAN_POINT('',(12.9000000551343,13.125,1.49999997317791));
#18341=CARTESIAN_POINT('',(13.5000000223517,13.125,1.5));
#18342=CARTESIAN_POINT('',(12.9000000551343,13.525,1.49999997317791));
#18343=CARTESIAN_POINT('',(12.9000000551343,13.125,1.49999997317791));
#18344=CARTESIAN_POINT('',(13.5000000223517,13.525,1.5));
#18345=CARTESIAN_POINT('Origin',(12.9000000149012,13.125,2.39999997317791));
#18346=CARTESIAN_POINT('',(12.0258823783636,13.125,2.18571428188256));
#18347=CARTESIAN_POINT('Origin',(12.9000000149012,13.125,2.39999997317791));
#18348=CARTESIAN_POINT('',(12.0258823783636,13.525,2.18571428188256));
#18349=CARTESIAN_POINT('',(12.0258823783636,13.125,2.18571428188256));
#18350=CARTESIAN_POINT('Origin',(12.9000000149012,13.525,2.39999997317791));
#18351=CARTESIAN_POINT('Origin',(11.8801961056073,13.125,2.15));
#18352=CARTESIAN_POINT('',(11.8801961056073,13.125,2.3));
#18353=CARTESIAN_POINT('Origin',(11.8801961056073,13.125,2.15));
#18354=CARTESIAN_POINT('',(11.8801961056073,13.525,2.3));
#18355=CARTESIAN_POINT('',(11.8801961056073,13.125,2.3));
#18356=CARTESIAN_POINT('Origin',(11.8801961056073,13.525,2.15));
#18357=CARTESIAN_POINT('Origin',(11.5,13.125,2.3));
#18358=CARTESIAN_POINT('',(11.5,13.125,2.3));
#18359=CARTESIAN_POINT('',(11.5,13.125,2.3));
#18360=CARTESIAN_POINT('',(11.5,13.525,2.3));
#18361=CARTESIAN_POINT('',(11.5,13.125,2.3));
#18362=CARTESIAN_POINT('',(11.5,13.525,2.3));
#18363=CARTESIAN_POINT('Origin',(11.5,13.125,2.8));
#18364=CARTESIAN_POINT('',(11.5,13.125,2.8));
#18365=CARTESIAN_POINT('',(11.5,13.125,2.8));
#18366=CARTESIAN_POINT('',(11.5,13.525,2.8));
#18367=CARTESIAN_POINT('',(11.5,13.125,2.8));
#18368=CARTESIAN_POINT('',(11.5,13.525,2.8));
#18369=CARTESIAN_POINT('Origin',(12.1000000149012,13.125,2.8));
#18370=CARTESIAN_POINT('',(11.5,13.125,2.8));
#18371=CARTESIAN_POINT('',(11.5,13.525,2.8));
#18372=CARTESIAN_POINT('Origin',(12.5000000111759,13.125,2.14999998658895));
#18373=CARTESIAN_POINT('Origin',(12.5000000111759,13.525,2.14999998658895));
#18374=CARTESIAN_POINT('Origin',(12.1000000149012,14.375,2.4));
#18375=CARTESIAN_POINT('',(12.1000000149012,14.375,2.8));
#18376=CARTESIAN_POINT('',(12.5000000149012,14.375,2.39999997317791));
#18377=CARTESIAN_POINT('Origin',(12.1000000149012,14.375,2.4));
#18378=CARTESIAN_POINT('',(12.5000000149012,14.775,2.39999997317791));
#18379=CARTESIAN_POINT('',(12.5000000149012,14.375,2.39999997317791));
#18380=CARTESIAN_POINT('',(12.1000000149012,14.775,2.8));
#18381=CARTESIAN_POINT('Origin',(12.1000000149012,14.775,2.4));
#18382=CARTESIAN_POINT('',(12.1000000149012,14.375,2.8));
#18383=CARTESIAN_POINT('Origin',(12.9000000149012,14.375,2.39999997317791));
#18384=CARTESIAN_POINT('',(12.9000000327826,14.375,1.99999997317791));
#18385=CARTESIAN_POINT('Origin',(12.9000000149012,14.375,2.39999997317791));
#18386=CARTESIAN_POINT('',(12.9000000327826,14.775,1.99999997317791));
#18387=CARTESIAN_POINT('',(12.9000000327826,14.375,1.99999997317791));
#18388=CARTESIAN_POINT('Origin',(12.9000000149012,14.775,2.39999997317791));
#18389=CARTESIAN_POINT('Origin',(13.5,14.375,2.));
#18390=CARTESIAN_POINT('',(13.5,14.375,2.));
#18391=CARTESIAN_POINT('',(13.5,14.375,2.));
#18392=CARTESIAN_POINT('',(13.5,14.775,2.));
#18393=CARTESIAN_POINT('',(13.5,14.375,2.));
#18394=CARTESIAN_POINT('',(13.5,14.775,2.));
#18395=CARTESIAN_POINT('Origin',(13.5,14.375,1.5));
#18396=CARTESIAN_POINT('',(13.5000000223517,14.375,1.5));
#18397=CARTESIAN_POINT('',(13.5,14.375,1.5));
#18398=CARTESIAN_POINT('',(13.5000000223517,14.775,1.5));
#18399=CARTESIAN_POINT('',(13.5000000223517,14.375,1.5));
#18400=CARTESIAN_POINT('',(13.5,14.775,1.5));
#18401=CARTESIAN_POINT('Origin',(12.9000000551343,14.375,1.49999997317791));
#18402=CARTESIAN_POINT('',(12.9000000551343,14.375,1.49999997317791));
#18403=CARTESIAN_POINT('',(13.5000000223517,14.375,1.5));
#18404=CARTESIAN_POINT('',(12.9000000551343,14.775,1.49999997317791));
#18405=CARTESIAN_POINT('',(12.9000000551343,14.375,1.49999997317791));
#18406=CARTESIAN_POINT('',(13.5000000223517,14.775,1.5));
#18407=CARTESIAN_POINT('Origin',(12.9000000149012,14.375,2.39999997317791));
#18408=CARTESIAN_POINT('',(12.0258823783636,14.375,2.18571428188256));
#18409=CARTESIAN_POINT('Origin',(12.9000000149012,14.375,2.39999997317791));
#18410=CARTESIAN_POINT('',(12.0258823783636,14.775,2.18571428188256));
#18411=CARTESIAN_POINT('',(12.0258823783636,14.375,2.18571428188256));
#18412=CARTESIAN_POINT('Origin',(12.9000000149012,14.775,2.39999997317791));
#18413=CARTESIAN_POINT('Origin',(11.8801961056073,14.375,2.15));
#18414=CARTESIAN_POINT('',(11.8801961056073,14.375,2.3));
#18415=CARTESIAN_POINT('Origin',(11.8801961056073,14.375,2.15));
#18416=CARTESIAN_POINT('',(11.8801961056073,14.775,2.3));
#18417=CARTESIAN_POINT('',(11.8801961056073,14.375,2.3));
#18418=CARTESIAN_POINT('Origin',(11.8801961056073,14.775,2.15));
#18419=CARTESIAN_POINT('Origin',(11.5,14.375,2.3));
#18420=CARTESIAN_POINT('',(11.5,14.375,2.3));
#18421=CARTESIAN_POINT('',(11.5,14.375,2.3));
#18422=CARTESIAN_POINT('',(11.5,14.775,2.3));
#18423=CARTESIAN_POINT('',(11.5,14.375,2.3));
#18424=CARTESIAN_POINT('',(11.5,14.775,2.3));
#18425=CARTESIAN_POINT('Origin',(11.5,14.375,2.8));
#18426=CARTESIAN_POINT('',(11.5,14.375,2.8));
#18427=CARTESIAN_POINT('',(11.5,14.375,2.8));
#18428=CARTESIAN_POINT('',(11.5,14.775,2.8));
#18429=CARTESIAN_POINT('',(11.5,14.375,2.8));
#18430=CARTESIAN_POINT('',(11.5,14.775,2.8));
#18431=CARTESIAN_POINT('Origin',(12.1000000149012,14.375,2.8));
#18432=CARTESIAN_POINT('',(11.5,14.375,2.8));
#18433=CARTESIAN_POINT('',(11.5,14.775,2.8));
#18434=CARTESIAN_POINT('Origin',(12.5000000111759,14.375,2.14999998658895));
#18435=CARTESIAN_POINT('Origin',(12.5000000111759,14.775,2.14999998658895));
#18436=CARTESIAN_POINT('Origin',(12.1000000149012,15.625,2.4));
#18437=CARTESIAN_POINT('',(12.1000000149012,15.625,2.8));
#18438=CARTESIAN_POINT('',(12.5000000149012,15.625,2.39999997317791));
#18439=CARTESIAN_POINT('Origin',(12.1000000149012,15.625,2.4));
#18440=CARTESIAN_POINT('',(12.5000000149012,16.025,2.39999997317791));
#18441=CARTESIAN_POINT('',(12.5000000149012,15.625,2.39999997317791));
#18442=CARTESIAN_POINT('',(12.1000000149012,16.025,2.8));
#18443=CARTESIAN_POINT('Origin',(12.1000000149012,16.025,2.4));
#18444=CARTESIAN_POINT('',(12.1000000149012,15.625,2.8));
#18445=CARTESIAN_POINT('Origin',(12.9000000149012,15.625,2.39999997317791));
#18446=CARTESIAN_POINT('',(12.9000000327826,15.625,1.99999997317791));
#18447=CARTESIAN_POINT('Origin',(12.9000000149012,15.625,2.39999997317791));
#18448=CARTESIAN_POINT('',(12.9000000327826,16.025,1.99999997317791));
#18449=CARTESIAN_POINT('',(12.9000000327826,15.625,1.99999997317791));
#18450=CARTESIAN_POINT('Origin',(12.9000000149012,16.025,2.39999997317791));
#18451=CARTESIAN_POINT('Origin',(13.5,15.625,2.));
#18452=CARTESIAN_POINT('',(13.5,15.625,2.));
#18453=CARTESIAN_POINT('',(13.5,15.625,2.));
#18454=CARTESIAN_POINT('',(13.5,16.025,2.));
#18455=CARTESIAN_POINT('',(13.5,15.625,2.));
#18456=CARTESIAN_POINT('',(13.5,16.025,2.));
#18457=CARTESIAN_POINT('Origin',(13.5,15.625,1.5));
#18458=CARTESIAN_POINT('',(13.5000000223517,15.625,1.5));
#18459=CARTESIAN_POINT('',(13.5,15.625,1.5));
#18460=CARTESIAN_POINT('',(13.5000000223517,16.025,1.5));
#18461=CARTESIAN_POINT('',(13.5000000223517,15.625,1.5));
#18462=CARTESIAN_POINT('',(13.5,16.025,1.5));
#18463=CARTESIAN_POINT('Origin',(12.9000000551343,15.625,1.49999997317791));
#18464=CARTESIAN_POINT('',(12.9000000551343,15.625,1.49999997317791));
#18465=CARTESIAN_POINT('',(13.5000000223517,15.625,1.5));
#18466=CARTESIAN_POINT('',(12.9000000551343,16.025,1.49999997317791));
#18467=CARTESIAN_POINT('',(12.9000000551343,15.625,1.49999997317791));
#18468=CARTESIAN_POINT('',(13.5000000223517,16.025,1.5));
#18469=CARTESIAN_POINT('Origin',(12.9000000149012,15.625,2.39999997317791));
#18470=CARTESIAN_POINT('',(12.0258823783636,15.625,2.18571428188256));
#18471=CARTESIAN_POINT('Origin',(12.9000000149012,15.625,2.39999997317791));
#18472=CARTESIAN_POINT('',(12.0258823783636,16.025,2.18571428188256));
#18473=CARTESIAN_POINT('',(12.0258823783636,15.625,2.18571428188256));
#18474=CARTESIAN_POINT('Origin',(12.9000000149012,16.025,2.39999997317791));
#18475=CARTESIAN_POINT('Origin',(11.8801961056073,15.625,2.15));
#18476=CARTESIAN_POINT('',(11.8801961056073,15.625,2.3));
#18477=CARTESIAN_POINT('Origin',(11.8801961056073,15.625,2.15));
#18478=CARTESIAN_POINT('',(11.8801961056073,16.025,2.3));
#18479=CARTESIAN_POINT('',(11.8801961056073,15.625,2.3));
#18480=CARTESIAN_POINT('Origin',(11.8801961056073,16.025,2.15));
#18481=CARTESIAN_POINT('Origin',(11.5,15.625,2.3));
#18482=CARTESIAN_POINT('',(11.5,15.625,2.3));
#18483=CARTESIAN_POINT('',(11.5,15.625,2.3));
#18484=CARTESIAN_POINT('',(11.5,16.025,2.3));
#18485=CARTESIAN_POINT('',(11.5,15.625,2.3));
#18486=CARTESIAN_POINT('',(11.5,16.025,2.3));
#18487=CARTESIAN_POINT('Origin',(11.5,15.625,2.8));
#18488=CARTESIAN_POINT('',(11.5,15.625,2.8));
#18489=CARTESIAN_POINT('',(11.5,15.625,2.8));
#18490=CARTESIAN_POINT('',(11.5,16.025,2.8));
#18491=CARTESIAN_POINT('',(11.5,15.625,2.8));
#18492=CARTESIAN_POINT('',(11.5,16.025,2.8));
#18493=CARTESIAN_POINT('Origin',(12.1000000149012,15.625,2.8));
#18494=CARTESIAN_POINT('',(11.5,15.625,2.8));
#18495=CARTESIAN_POINT('',(11.5,16.025,2.8));
#18496=CARTESIAN_POINT('Origin',(12.5000000111759,15.625,2.14999998658895));
#18497=CARTESIAN_POINT('Origin',(12.5000000111759,16.025,2.14999998658895));
#18498=CARTESIAN_POINT('Origin',(12.1000000149012,16.875,2.4));
#18499=CARTESIAN_POINT('',(12.1000000149012,16.875,2.8));
#18500=CARTESIAN_POINT('',(12.5000000149012,16.875,2.39999997317791));
#18501=CARTESIAN_POINT('Origin',(12.1000000149012,16.875,2.4));
#18502=CARTESIAN_POINT('',(12.5000000149012,17.275,2.39999997317791));
#18503=CARTESIAN_POINT('',(12.5000000149012,16.875,2.39999997317791));
#18504=CARTESIAN_POINT('',(12.1000000149012,17.275,2.8));
#18505=CARTESIAN_POINT('Origin',(12.1000000149012,17.275,2.4));
#18506=CARTESIAN_POINT('',(12.1000000149012,16.875,2.8));
#18507=CARTESIAN_POINT('Origin',(12.9000000149012,16.875,2.39999997317791));
#18508=CARTESIAN_POINT('',(12.9000000327826,16.875,1.99999997317791));
#18509=CARTESIAN_POINT('Origin',(12.9000000149012,16.875,2.39999997317791));
#18510=CARTESIAN_POINT('',(12.9000000327826,17.275,1.99999997317791));
#18511=CARTESIAN_POINT('',(12.9000000327826,16.875,1.99999997317791));
#18512=CARTESIAN_POINT('Origin',(12.9000000149012,17.275,2.39999997317791));
#18513=CARTESIAN_POINT('Origin',(13.5,16.875,2.));
#18514=CARTESIAN_POINT('',(13.5,16.875,2.));
#18515=CARTESIAN_POINT('',(13.5,16.875,2.));
#18516=CARTESIAN_POINT('',(13.5,17.275,2.));
#18517=CARTESIAN_POINT('',(13.5,16.875,2.));
#18518=CARTESIAN_POINT('',(13.5,17.275,2.));
#18519=CARTESIAN_POINT('Origin',(13.5,16.875,1.5));
#18520=CARTESIAN_POINT('',(13.5000000223517,16.875,1.5));
#18521=CARTESIAN_POINT('',(13.5,16.875,1.5));
#18522=CARTESIAN_POINT('',(13.5000000223517,17.275,1.5));
#18523=CARTESIAN_POINT('',(13.5000000223517,16.875,1.5));
#18524=CARTESIAN_POINT('',(13.5,17.275,1.5));
#18525=CARTESIAN_POINT('Origin',(12.9000000551343,16.875,1.49999997317791));
#18526=CARTESIAN_POINT('',(12.9000000551343,16.875,1.49999997317791));
#18527=CARTESIAN_POINT('',(13.5000000223517,16.875,1.5));
#18528=CARTESIAN_POINT('',(12.9000000551343,17.275,1.49999997317791));
#18529=CARTESIAN_POINT('',(12.9000000551343,16.875,1.49999997317791));
#18530=CARTESIAN_POINT('',(13.5000000223517,17.275,1.5));
#18531=CARTESIAN_POINT('Origin',(12.9000000149012,16.875,2.39999997317791));
#18532=CARTESIAN_POINT('',(12.0258823783636,16.875,2.18571428188256));
#18533=CARTESIAN_POINT('Origin',(12.9000000149012,16.875,2.39999997317791));
#18534=CARTESIAN_POINT('',(12.0258823783636,17.275,2.18571428188256));
#18535=CARTESIAN_POINT('',(12.0258823783636,16.875,2.18571428188256));
#18536=CARTESIAN_POINT('Origin',(12.9000000149012,17.275,2.39999997317791));
#18537=CARTESIAN_POINT('Origin',(11.8801961056073,16.875,2.15));
#18538=CARTESIAN_POINT('',(11.8801961056073,16.875,2.3));
#18539=CARTESIAN_POINT('Origin',(11.8801961056073,16.875,2.15));
#18540=CARTESIAN_POINT('',(11.8801961056073,17.275,2.3));
#18541=CARTESIAN_POINT('',(11.8801961056073,16.875,2.3));
#18542=CARTESIAN_POINT('Origin',(11.8801961056073,17.275,2.15));
#18543=CARTESIAN_POINT('Origin',(11.5,16.875,2.3));
#18544=CARTESIAN_POINT('',(11.5,16.875,2.3));
#18545=CARTESIAN_POINT('',(11.5,16.875,2.3));
#18546=CARTESIAN_POINT('',(11.5,17.275,2.3));
#18547=CARTESIAN_POINT('',(11.5,16.875,2.3));
#18548=CARTESIAN_POINT('',(11.5,17.275,2.3));
#18549=CARTESIAN_POINT('Origin',(11.5,16.875,2.8));
#18550=CARTESIAN_POINT('',(11.5,16.875,2.8));
#18551=CARTESIAN_POINT('',(11.5,16.875,2.8));
#18552=CARTESIAN_POINT('',(11.5,17.275,2.8));
#18553=CARTESIAN_POINT('',(11.5,16.875,2.8));
#18554=CARTESIAN_POINT('',(11.5,17.275,2.8));
#18555=CARTESIAN_POINT('Origin',(12.1000000149012,16.875,2.8));
#18556=CARTESIAN_POINT('',(11.5,16.875,2.8));
#18557=CARTESIAN_POINT('',(11.5,17.275,2.8));
#18558=CARTESIAN_POINT('Origin',(12.5000000111759,16.875,2.14999998658895));
#18559=CARTESIAN_POINT('Origin',(12.5000000111759,17.275,2.14999998658895));
#18560=CARTESIAN_POINT('',(0.,0.,0.));
#18561=CARTESIAN_POINT('',(0.,0.5,0.));
#18562=CARTESIAN_POINT('',(15.5,0.5,0.));
#18563=CARTESIAN_POINT('',(0.,0.,0.));
#18564=CARTESIAN_POINT('',(0.,0.,0.));
#18565=CARTESIAN_POINT('',(0.,0.,0.));
#18566=CARTESIAN_POINT('',(0.,0.,0.));
#18567=CARTESIAN_POINT('',(0.,0.,0.));
#18568=CARTESIAN_POINT('',(0.,0.,0.));
#18569=CARTESIAN_POINT('Origin',(39.5700002219025,8.40999958005363,-1.45000002646267));
#18570=CARTESIAN_POINT('',(39.5700002219025,8.50999958005364,2.54));
#18571=CARTESIAN_POINT('',(39.6700002219025,8.40999958005364,2.54));
#18572=CARTESIAN_POINT('Origin',(39.5700002219025,8.40999958005364,2.54));
#18573=CARTESIAN_POINT('',(39.5700002219025,8.50999958005363,0.));
#18574=CARTESIAN_POINT('',(39.5700002219025,8.50999958005363,-1.45000002646267));
#18575=CARTESIAN_POINT('',(39.6700002219025,8.40999958005364,0.));
#18576=CARTESIAN_POINT('Origin',(39.5700002219025,8.40999958005364,-5.55111512312578E-16));
#18577=CARTESIAN_POINT('',(39.6700002219025,8.40999958005363,-1.45000002646267));
#18578=CARTESIAN_POINT('Origin',(39.6700002219025,8.50999958005363,-1.45000002646267));
#18579=CARTESIAN_POINT('',(39.6700002219025,7.96999958005364,2.54));
#18580=CARTESIAN_POINT('',(39.6700002219025,8.34999979002682,2.54));
#18581=CARTESIAN_POINT('',(39.6700002219025,7.96999958005364,0.));
#18582=CARTESIAN_POINT('',(39.6700002219025,8.34999979002682,0.));
#18583=CARTESIAN_POINT('',(39.6700002219025,7.96999958005363,-1.45000002646267));
#18584=CARTESIAN_POINT('Origin',(39.5700002219025,7.96999958005363,-1.45000002646267));
#18585=CARTESIAN_POINT('',(39.5700002219025,7.86999958005364,2.54));
#18586=CARTESIAN_POINT('Origin',(39.5700002219025,7.96999958005364,2.54));
#18587=CARTESIAN_POINT('',(39.5700002219025,7.86999958005363,0.));
#18588=CARTESIAN_POINT('Origin',(39.5700002219025,7.96999958005364,2.77555756156289E-16));
#18589=CARTESIAN_POINT('',(39.5700002219025,7.86999958005363,-1.45000002646267));
#18590=CARTESIAN_POINT('Origin',(39.6700002219025,7.86999958005363,-1.45000002646267));
#18591=CARTESIAN_POINT('',(39.1300002219025,7.86999958005364,2.54));
#18592=CARTESIAN_POINT('',(39.5100001109513,7.86999958005364,2.54));
#18593=CARTESIAN_POINT('',(39.1300002219025,7.86999958005363,0.));
#18594=CARTESIAN_POINT('',(39.5100001109513,7.86999958005363,0.));
#18595=CARTESIAN_POINT('',(39.1300002219025,7.86999958005363,-1.45000002646267));
#18596=CARTESIAN_POINT('Origin',(39.0300002219025,8.50999958005363,-1.45000002646267));
#18597=CARTESIAN_POINT('',(39.1300002219025,8.50999958005364,2.54));
#18598=CARTESIAN_POINT('',(39.1900001109513,8.50999958005364,2.54));
#18599=CARTESIAN_POINT('',(39.1300002219025,8.50999958005363,0.));
#18600=CARTESIAN_POINT('',(39.1300002219025,8.50999958005363,-1.45000002646267));
#18601=CARTESIAN_POINT('',(39.1900001109513,8.50999958005363,0.));
#18602=CARTESIAN_POINT('Origin',(39.1300002219025,7.96999958005363,-1.45000002646267));
#18603=CARTESIAN_POINT('',(39.0300002219025,7.96999958005364,2.54));
#18604=CARTESIAN_POINT('Origin',(39.1300002219025,7.96999958005364,2.54));
#18605=CARTESIAN_POINT('',(39.0300002219025,7.96999958005364,0.));
#18606=CARTESIAN_POINT('Origin',(39.1300002219025,7.96999958005364,5.55111512312578E-16));
#18607=CARTESIAN_POINT('',(39.0300002219025,7.96999958005363,-1.45000002646267));
#18608=CARTESIAN_POINT('Origin',(39.0300002219025,7.86999958005363,-1.45000002646267));
#18609=CARTESIAN_POINT('',(39.0300002219025,8.40999958005364,2.54));
#18610=CARTESIAN_POINT('',(39.0300002219025,8.02999979002682,2.54));
#18611=CARTESIAN_POINT('',(39.0300002219025,8.40999958005364,0.));
#18612=CARTESIAN_POINT('',(39.0300002219025,8.02999979002682,0.));
#18613=CARTESIAN_POINT('',(39.0300002219025,8.40999958005363,-1.45000002646267));
#18614=CARTESIAN_POINT('Origin',(39.1300002219025,8.40999958005363,-1.45000002646267));
#18615=CARTESIAN_POINT('Origin',(39.1300002219025,8.40999958005364,2.54));
#18616=CARTESIAN_POINT('Origin',(39.1300002219025,8.40999958005364,-2.77555756156289E-16));
#18617=CARTESIAN_POINT('Origin',(38.58,9.46,0.));
#18618=CARTESIAN_POINT('',(38.08,8.96,0.));
#18619=CARTESIAN_POINT('',(38.58,9.46,0.));
#18620=CARTESIAN_POINT('',(38.08,8.96,0.));
#18621=CARTESIAN_POINT('',(38.08,8.96,2.54));
#18622=CARTESIAN_POINT('',(38.08,8.96,0.));
#18623=CARTESIAN_POINT('',(38.58,9.46,2.54));
#18624=CARTESIAN_POINT('',(38.08,8.96,2.54));
#18625=CARTESIAN_POINT('',(38.58,9.46,0.));
#18626=CARTESIAN_POINT('Origin',(40.12,9.46,0.));
#18627=CARTESIAN_POINT('',(40.12,9.46,0.));
#18628=CARTESIAN_POINT('',(40.12,9.46,0.));
#18629=CARTESIAN_POINT('',(40.12,9.46,2.54));
#18630=CARTESIAN_POINT('',(40.12,9.46,2.54));
#18631=CARTESIAN_POINT('',(40.12,9.46,0.));
#18632=CARTESIAN_POINT('Origin',(40.62,8.96,0.));
#18633=CARTESIAN_POINT('',(40.62,8.96,0.));
#18634=CARTESIAN_POINT('',(40.12,9.46,0.));
#18635=CARTESIAN_POINT('',(40.62,8.96,2.54));
#18636=CARTESIAN_POINT('',(40.12,9.46,2.54));
#18637=CARTESIAN_POINT('',(40.62,8.96,0.));
#18638=CARTESIAN_POINT('Origin',(40.62,7.42,0.));
#18639=CARTESIAN_POINT('',(40.62,7.42,0.));
#18640=CARTESIAN_POINT('',(40.62,7.42,0.));
#18641=CARTESIAN_POINT('',(40.62,7.42,2.54));
#18642=CARTESIAN_POINT('',(40.62,7.42,2.54));
#18643=CARTESIAN_POINT('',(40.62,7.42,0.));
#18644=CARTESIAN_POINT('Origin',(40.12,6.92,0.));
#18645=CARTESIAN_POINT('',(40.12,6.92,0.));
#18646=CARTESIAN_POINT('',(40.12,6.92,0.));
#18647=CARTESIAN_POINT('',(40.12,6.92,2.54));
#18648=CARTESIAN_POINT('',(40.12,6.92,2.54));
#18649=CARTESIAN_POINT('',(40.12,6.92,0.));
#18650=CARTESIAN_POINT('Origin',(38.58,6.92,0.));
#18651=CARTESIAN_POINT('',(38.58,6.92,0.));
#18652=CARTESIAN_POINT('',(38.58,6.92,0.));
#18653=CARTESIAN_POINT('',(38.58,6.92,2.54));
#18654=CARTESIAN_POINT('',(38.58,6.92,2.54));
#18655=CARTESIAN_POINT('',(38.58,6.92,0.));
#18656=CARTESIAN_POINT('Origin',(38.08,7.42,0.));
#18657=CARTESIAN_POINT('',(38.08,7.42,0.));
#18658=CARTESIAN_POINT('',(38.08,7.42,0.));
#18659=CARTESIAN_POINT('',(38.08,7.42,2.54));
#18660=CARTESIAN_POINT('',(38.08,7.42,2.54));
#18661=CARTESIAN_POINT('',(38.08,7.42,0.));
#18662=CARTESIAN_POINT('Origin',(38.08,8.96,0.));
#18663=CARTESIAN_POINT('',(38.08,8.96,0.));
#18664=CARTESIAN_POINT('',(38.08,8.96,2.54));
#18665=CARTESIAN_POINT('Origin',(39.35,8.19,2.54));
#18666=CARTESIAN_POINT('Origin',(39.35,8.19,0.));
#18667=CARTESIAN_POINT('',(0.,0.,0.));
#18668=CARTESIAN_POINT('Origin',(47.05,7.91999958005374,8.91499987581737));
#18669=CARTESIAN_POINT('',(47.,7.86999958005373,4.27999977809744));
#18670=CARTESIAN_POINT('',(47.0999999999999,7.96999958005373,4.27999977809744));
#18671=CARTESIAN_POINT('',(47.,7.86999958005373,4.27999977809744));
#18672=CARTESIAN_POINT('',(47.1,7.96999958005374,4.71999977809744));
#18673=CARTESIAN_POINT('',(47.1,7.96999958005374,8.91499987581737));
#18674=CARTESIAN_POINT('',(47.,7.86999958005374,4.71999977809744));
#18675=CARTESIAN_POINT('',(47.1,7.96999958005374,4.71999977809744));
#18676=CARTESIAN_POINT('',(47.,7.86999958005374,8.91499987581737));
#18677=CARTESIAN_POINT('Origin',(47.0499999999999,10.8899995800536,4.76999977809744));
#18678=CARTESIAN_POINT('',(47.,7.96999958005374,4.81999977809744));
#18679=CARTESIAN_POINT('',(47.,7.96999958005374,4.81999977809744));
#18680=CARTESIAN_POINT('',(47.1,8.40999958005374,4.71999977809744));
#18681=CARTESIAN_POINT('',(47.1,10.8899995800536,4.71999977809744));
#18682=CARTESIAN_POINT('',(47.,8.40999958005374,4.81999977809744));
#18683=CARTESIAN_POINT('',(47.1,8.40999958005374,4.71999977809744));
#18684=CARTESIAN_POINT('',(47.,10.8899995800536,4.81999977809744));
#18685=CARTESIAN_POINT('Origin',(47.05,8.45999958005375,8.91499987581737));
#18686=CARTESIAN_POINT('',(47.0999999999999,8.40999958005374,4.27999977809744));
#18687=CARTESIAN_POINT('',(46.9999999999999,8.50999958005374,4.27999977809744));
#18688=CARTESIAN_POINT('',(47.0999999999999,8.40999958005374,4.27999977809744));
#18689=CARTESIAN_POINT('',(47.,8.50999958005374,4.71999977809744));
#18690=CARTESIAN_POINT('',(47.,8.50999958005375,8.91499987581737));
#18691=CARTESIAN_POINT('',(47.,8.50999958005374,4.71999977809744));
#18692=CARTESIAN_POINT('',(47.1,8.40999958005374,8.91499987581737));
#18693=CARTESIAN_POINT('Origin',(47.,8.40999958005374,4.71999977809744));
#18694=CARTESIAN_POINT('Origin',(47.,8.40999958005374,4.71999977809744));
#18695=CARTESIAN_POINT('Origin',(47.05,10.5699995800536,4.22999977809744));
#18696=CARTESIAN_POINT('',(47.,8.40999958005374,4.17999977809744));
#18697=CARTESIAN_POINT('',(47.,8.40999958005374,4.17999977809744));
#18698=CARTESIAN_POINT('',(47.0999999999999,10.5699995800536,4.27999977809744));
#18699=CARTESIAN_POINT('',(47.,7.96999958005373,4.17999977809744));
#18700=CARTESIAN_POINT('',(47.0999999999999,7.96999958005373,4.27999977809744));
#18701=CARTESIAN_POINT('',(47.,10.5699995800536,4.17999977809744));
#18702=CARTESIAN_POINT('Origin',(47.,8.40999958005374,4.27999977809744));
#18703=CARTESIAN_POINT('Origin',(47.,8.40999958005374,4.27999977809744));
#18704=CARTESIAN_POINT('Origin',(47.,7.96999958005373,4.27999977809744));
#18705=CARTESIAN_POINT('Origin',(47.,7.96999958005373,4.27999977809744));
#18706=CARTESIAN_POINT('Origin',(47.,7.96999958005374,4.71999977809744));
#18707=CARTESIAN_POINT('Origin',(47.,7.96999958005374,4.71999977809744));
#18708=CARTESIAN_POINT('Origin',(39.8150001109512,8.40999958005374,4.71999977809744));
#18709=CARTESIAN_POINT('',(40.6,8.50999958005374,4.71999977809744));
#18710=CARTESIAN_POINT('',(39.8150001109512,8.50999958005374,4.71999977809744));
#18711=CARTESIAN_POINT('',(40.6,8.40999958005374,4.81999977809744));
#18712=CARTESIAN_POINT('Origin',(40.6,8.40999958005374,4.71999977809744));
#18713=CARTESIAN_POINT('',(39.8150001109512,8.40999958005374,4.81999977809744));
#18714=CARTESIAN_POINT('Origin',(39.0300002219025,8.50999958005372,-1.45000002646267));
#18715=CARTESIAN_POINT('',(40.6,8.50999958005374,4.27999977809744));
#18716=CARTESIAN_POINT('',(39.8150001109512,8.50999958005374,4.27999977809744));
#18717=CARTESIAN_POINT('',(39.5700002219025,8.50999958005373,3.25000000000001));
#18718=CARTESIAN_POINT('Origin',(40.6,8.50999958005373,3.25000000000001));
#18719=CARTESIAN_POINT('',(39.5700002219025,8.50999958005372,-2.65));
#18720=CARTESIAN_POINT('',(39.5700002219025,8.50999958005372,-1.45000002646267));
#18721=CARTESIAN_POINT('',(39.1300002219025,8.50999958005372,-2.65));
#18722=CARTESIAN_POINT('',(31.8000002219025,8.50999958005372,-2.65));
#18723=CARTESIAN_POINT('',(39.1300002219025,8.50999958005373,3.25000000000001));
#18724=CARTESIAN_POINT('',(39.1300002219025,8.50999958005372,-1.45000002646267));
#18725=CARTESIAN_POINT('Origin',(40.6,8.50999958005373,3.25000000000001));
#18726=CARTESIAN_POINT('Origin',(39.8150001109512,8.40999958005374,4.27999977809744));
#18727=CARTESIAN_POINT('',(40.6,8.40999958005374,4.17999977809744));
#18728=CARTESIAN_POINT('',(39.8150001109512,8.40999958005374,4.17999977809744));
#18729=CARTESIAN_POINT('Origin',(40.6,8.40999958005374,4.27999977809744));
#18730=CARTESIAN_POINT('Origin',(40.6,7.86999958005364,4.17999977809744));
#18731=CARTESIAN_POINT('',(40.6,7.96999958005373,4.17999977809744));
#18732=CARTESIAN_POINT('',(40.1350001109512,7.96999958005373,4.17999977809744));
#18733=CARTESIAN_POINT('',(40.6,7.86999958005364,4.17999977809744));
#18734=CARTESIAN_POINT('Origin',(47.1,13.2699995800537,19.2799997780974));
#18735=CARTESIAN_POINT('Origin',(40.1350001109512,7.96999958005374,4.71999977809744));
#18736=CARTESIAN_POINT('',(40.6,7.96999958005374,4.81999977809744));
#18737=CARTESIAN_POINT('',(40.1350001109512,7.96999958005374,4.81999977809744));
#18738=CARTESIAN_POINT('',(40.6,7.86999958005373,4.71999977809744));
#18739=CARTESIAN_POINT('Origin',(40.6,7.96999958005373,4.71999977809744));
#18740=CARTESIAN_POINT('',(40.1350001109512,7.86999958005374,4.71999977809744));
#18741=CARTESIAN_POINT('Origin',(40.1350001109512,7.96999958005373,4.27999977809744));
#18742=CARTESIAN_POINT('',(40.6,7.86999958005373,4.27999977809744));
#18743=CARTESIAN_POINT('',(40.1350001109512,7.86999958005373,4.27999977809744));
#18744=CARTESIAN_POINT('Origin',(40.6,7.96999958005373,4.27999977809744));
#18745=CARTESIAN_POINT('Origin',(40.6,8.50999958005364,4.81999977809744));
#18746=CARTESIAN_POINT('',(40.6,8.50999958005364,4.81999977809744));
#18747=CARTESIAN_POINT('Origin',(39.6200002219025,10.8899995800537,-2.7));
#18748=CARTESIAN_POINT('',(39.6700002219025,7.96999958005372,-2.65));
#18749=CARTESIAN_POINT('',(39.5700002219025,7.96999958005372,-2.75));
#18750=CARTESIAN_POINT('',(39.6700002219025,7.96999958005372,-2.65));
#18751=CARTESIAN_POINT('',(39.5700002219025,8.40999958005372,-2.75));
#18752=CARTESIAN_POINT('',(39.5700002219025,10.8899995800537,-2.75));
#18753=CARTESIAN_POINT('',(39.6700002219025,8.40999958005372,-2.65));
#18754=CARTESIAN_POINT('',(39.5700002219025,8.40999958005372,-2.75));
#18755=CARTESIAN_POINT('',(39.6700002219025,10.8899995800537,-2.65));
#18756=CARTESIAN_POINT('Origin',(32.1200002219025,7.91999958005372,-2.7));
#18757=CARTESIAN_POINT('',(39.1300002219025,7.86999958005372,-2.65));
#18758=CARTESIAN_POINT('',(39.1300002219025,7.96999958005372,-2.75));
#18759=CARTESIAN_POINT('',(39.1300002219025,7.86999958005372,-2.65));
#18760=CARTESIAN_POINT('',(32.1200002219025,7.96999958005372,-2.75));
#18761=CARTESIAN_POINT('',(39.5700002219025,7.86999958005372,-2.65));
#18762=CARTESIAN_POINT('',(39.5700002219025,7.96999958005372,-2.75));
#18763=CARTESIAN_POINT('',(32.1200002219025,7.86999958005372,-2.65));
#18764=CARTESIAN_POINT('Origin',(39.5700002219025,7.96999958005372,-2.65));
#18765=CARTESIAN_POINT('Origin',(39.5700002219025,7.96999958005372,-2.65));
#18766=CARTESIAN_POINT('Origin',(39.0800002219025,10.5699995800537,-2.7));
#18767=CARTESIAN_POINT('',(39.0300002219025,8.40999958005372,-2.65));
#18768=CARTESIAN_POINT('',(39.1300002219025,8.40999958005372,-2.75));
#18769=CARTESIAN_POINT('',(39.0300002219025,8.40999958005372,-2.65));
#18770=CARTESIAN_POINT('',(39.1300002219025,10.5699995800537,-2.75));
#18771=CARTESIAN_POINT('',(39.0300002219025,7.96999958005372,-2.65));
#18772=CARTESIAN_POINT('',(39.1300002219025,7.96999958005372,-2.75));
#18773=CARTESIAN_POINT('',(39.0300002219025,10.5699995800537,-2.65));
#18774=CARTESIAN_POINT('Origin',(39.1300002219025,7.96999958005372,-2.65));
#18775=CARTESIAN_POINT('Origin',(39.1300002219025,7.96999958005372,-2.65));
#18776=CARTESIAN_POINT('Origin',(31.8000002219025,8.45999958005372,-2.7));
#18777=CARTESIAN_POINT('',(39.5700002219025,8.50999958005372,-2.65));
#18778=CARTESIAN_POINT('',(31.8000002219025,8.40999958005372,-2.75));
#18779=CARTESIAN_POINT('',(39.1300002219025,8.40999958005372,-2.75));
#18780=CARTESIAN_POINT('Origin',(39.1300002219025,8.40999958005372,-2.65));
#18781=CARTESIAN_POINT('Origin',(39.1300002219025,8.40999958005372,-2.65));
#18782=CARTESIAN_POINT('Origin',(39.5700002219025,8.40999958005372,-2.65));
#18783=CARTESIAN_POINT('Origin',(39.5700002219025,8.40999958005372,-2.65));
#18784=CARTESIAN_POINT('Origin',(39.5700002219025,7.96999958005372,-1.45000002646267));
#18785=CARTESIAN_POINT('',(39.6700002219025,7.96999958005373,3.25000000000001));
#18786=CARTESIAN_POINT('',(39.6700002219025,7.96999958005372,-1.45000002646267));
#18787=CARTESIAN_POINT('',(39.5700002219025,7.86999958005373,3.25000000000001));
#18788=CARTESIAN_POINT('Origin',(39.5700002219025,7.96999958005373,3.25000000000001));
#18789=CARTESIAN_POINT('',(39.5700002219025,7.86999958005372,-1.45000002646267));
#18790=CARTESIAN_POINT('Origin',(39.6700002219025,8.50999958005372,-1.45000002646267));
#18791=CARTESIAN_POINT('',(39.6700002219025,8.40999958005373,3.25000000000001));
#18792=CARTESIAN_POINT('',(39.6700002219025,8.40999958005373,-1.45000002646267));
#18793=CARTESIAN_POINT('',(39.6700002219025,7.86999958005364,3.25000000000001));
#18794=CARTESIAN_POINT('Origin',(39.5700002219025,8.40999958005373,-1.45000002646267));
#18795=CARTESIAN_POINT('Origin',(39.5700002219025,8.40999958005373,3.25000000000001));
#18796=CARTESIAN_POINT('Origin',(24.5700002219025,13.2699995800536,-2.75));
#18797=CARTESIAN_POINT('Origin',(39.1300002219025,7.96999958005372,-1.45000002646267));
#18798=CARTESIAN_POINT('',(39.1300002219025,7.86999958005373,3.25000000000001));
#18799=CARTESIAN_POINT('',(39.1300002219025,7.86999958005372,-1.45000002646267));
#18800=CARTESIAN_POINT('',(39.0300002219025,7.96999958005373,3.25000000000001));
#18801=CARTESIAN_POINT('Origin',(39.1300002219025,7.96999958005373,3.25000000000001));
#18802=CARTESIAN_POINT('',(39.0300002219025,7.96999958005372,-1.45000002646267));
#18803=CARTESIAN_POINT('Origin',(39.0300002219025,7.86999958005372,-1.45000002646267));
#18804=CARTESIAN_POINT('',(39.0300002219025,8.40999958005373,3.25000000000001));
#18805=CARTESIAN_POINT('',(39.0300002219025,8.50999958005364,3.25000000000001));
#18806=CARTESIAN_POINT('',(39.0300002219025,8.40999958005373,-1.45000002646267));
#18807=CARTESIAN_POINT('Origin',(39.1300002219025,8.40999958005373,-1.45000002646267));
#18808=CARTESIAN_POINT('Origin',(39.1300002219025,8.40999958005373,3.25000000000001));
#18809=CARTESIAN_POINT('Origin',(39.6700002219025,7.86999958005372,-1.45000002646267));
#18810=CARTESIAN_POINT('Origin',(40.6,7.86999958005373,3.25000000000001));
#18811=CARTESIAN_POINT('Origin',(40.6,7.86999958005373,3.25000000000001));
#18812=CARTESIAN_POINT('Origin',(40.6,8.40999958005373,3.25000000000001));
#18813=CARTESIAN_POINT('Origin',(40.6,8.40999958005373,3.25000000000001));
#18814=CARTESIAN_POINT('Origin',(40.6,8.40999958005373,3.25000000000001));
#18815=CARTESIAN_POINT('Origin',(40.6,8.40999958005373,3.25000000000001));
#18816=CARTESIAN_POINT('Origin',(40.6,7.96999958005373,3.25000000000001));
#18817=CARTESIAN_POINT('Origin',(40.6,7.96999958005373,3.25000000000001));
#18818=CARTESIAN_POINT('Origin',(40.6,7.96999958005373,3.25000000000001));
#18819=CARTESIAN_POINT('Origin',(40.6,7.96999958005373,3.25000000000001));
#18820=CARTESIAN_POINT('Origin',(40.6,8.18999958005364,3.25000000000001));
#18821=CARTESIAN_POINT('Origin',(40.6,8.18999958005364,3.25000000000001));
#18822=CARTESIAN_POINT('',(0.,-4.33680868994202E-19,-1.92592994438724E-34));
#18823=CARTESIAN_POINT('',(0.,-4.33680868994202E-19,-1.92592994438724E-34));
#18824=CARTESIAN_POINT('',(0.,0.,0.));
#18825=CARTESIAN_POINT('',(0.,0.,0.));
#18826=CARTESIAN_POINT('',(0.,0.,0.));
#18827=CARTESIAN_POINT('',(0.,0.,0.));
#18828=CARTESIAN_POINT('',(0.,0.,1.84889274661175E-32));
#18829=CARTESIAN_POINT('',(0.,0.,1.84889274661175E-32));
#18830=CARTESIAN_POINT('',(-2.67660332708899,-2.86,-1.1854128789679E-14));
#18831=CARTESIAN_POINT('',(-2.67660332708901,-0.320000000000006,-1.31583632878573E-14));
#18832=CARTESIAN_POINT('',(-2.67660332708902,2.21999999999999,-1.89034898845364E-14));
#18833=CARTESIAN_POINT('',(-2.67660332708901,4.75999999999999,-1.13259401857135E-14));
#18834=CARTESIAN_POINT('',(7.2,12.,0.));
#18835=CARTESIAN_POINT('',(0.,0.,0.));
#18836=CARTESIAN_POINT('',(0.,0.,0.));
#18837=CARTESIAN_POINT('',(0.,0.,0.));
#18838=CARTESIAN_POINT('',(2.67472790833586,2.82952521443378,1.33226762955019E-14));
#18839=CARTESIAN_POINT('Origin',(0.,0.,0.));
#18840=UNCERTAINTY_MEASURE_WITH_UNIT(LENGTH_MEASURE(0.01),#18878,
'DISTANCE_ACCURACY_VALUE',
'Maximum model space distance between geometric entities at asserted c
onnectivities');
#18841=UNCERTAINTY_MEASURE_WITH_UNIT(LENGTH_MEASURE(0.01),#18878,
'DISTANCE_ACCURACY_VALUE',
'Maximum model space distance between geometric entities at asserted c
onnectivities');
#18842=UNCERTAINTY_MEASURE_WITH_UNIT(LENGTH_MEASURE(0.01),#18878,
'DISTANCE_ACCURACY_VALUE',
'Maximum model space distance between geometric entities at asserted c
onnectivities');
#18843=UNCERTAINTY_MEASURE_WITH_UNIT(LENGTH_MEASURE(0.01),#18878,
'DISTANCE_ACCURACY_VALUE',
'Maximum model space distance between geometric entities at asserted c
onnectivities');
#18844=UNCERTAINTY_MEASURE_WITH_UNIT(LENGTH_MEASURE(0.01),#18878,
'DISTANCE_ACCURACY_VALUE',
'Maximum model space distance between geometric entities at asserted c
onnectivities');
#18845=UNCERTAINTY_MEASURE_WITH_UNIT(LENGTH_MEASURE(0.01),#18878,
'DISTANCE_ACCURACY_VALUE',
'Maximum model space distance between geometric entities at asserted c
onnectivities');
#18846=UNCERTAINTY_MEASURE_WITH_UNIT(LENGTH_MEASURE(0.01),#18878,
'DISTANCE_ACCURACY_VALUE',
'Maximum model space distance between geometric entities at asserted c
onnectivities');
#18847=UNCERTAINTY_MEASURE_WITH_UNIT(LENGTH_MEASURE(0.01),#18878,
'DISTANCE_ACCURACY_VALUE',
'Maximum model space distance between geometric entities at asserted c
onnectivities');
#18848=UNCERTAINTY_MEASURE_WITH_UNIT(LENGTH_MEASURE(0.01),#18878,
'DISTANCE_ACCURACY_VALUE',
'Maximum model space distance between geometric entities at asserted c
onnectivities');
#18849=UNCERTAINTY_MEASURE_WITH_UNIT(LENGTH_MEASURE(0.01),#18878,
'DISTANCE_ACCURACY_VALUE',
'Maximum model space distance between geometric entities at asserted c
onnectivities');
#18850=UNCERTAINTY_MEASURE_WITH_UNIT(LENGTH_MEASURE(0.01),#18878,
'DISTANCE_ACCURACY_VALUE',
'Maximum model space distance between geometric entities at asserted c
onnectivities');
#18851=UNCERTAINTY_MEASURE_WITH_UNIT(LENGTH_MEASURE(0.01),#18878,
'DISTANCE_ACCURACY_VALUE',
'Maximum model space distance between geometric entities at asserted c
onnectivities');
#18852=UNCERTAINTY_MEASURE_WITH_UNIT(LENGTH_MEASURE(0.01),#18878,
'DISTANCE_ACCURACY_VALUE',
'Maximum model space distance between geometric entities at asserted c
onnectivities');
#18853=UNCERTAINTY_MEASURE_WITH_UNIT(LENGTH_MEASURE(0.01),#18878,
'DISTANCE_ACCURACY_VALUE',
'Maximum model space distance between geometric entities at asserted c
onnectivities');
#18854=UNCERTAINTY_MEASURE_WITH_UNIT(LENGTH_MEASURE(0.01),#18878,
'DISTANCE_ACCURACY_VALUE',
'Maximum model space distance between geometric entities at asserted c
onnectivities');
#18855=UNCERTAINTY_MEASURE_WITH_UNIT(LENGTH_MEASURE(0.01),#18878,
'DISTANCE_ACCURACY_VALUE',
'Maximum model space distance between geometric entities at asserted c
onnectivities');
#18856=UNCERTAINTY_MEASURE_WITH_UNIT(LENGTH_MEASURE(0.01),#18878,
'DISTANCE_ACCURACY_VALUE',
'Maximum model space distance between geometric entities at asserted c
onnectivities');
#18857=UNCERTAINTY_MEASURE_WITH_UNIT(LENGTH_MEASURE(0.01),#18878,
'DISTANCE_ACCURACY_VALUE',
'Maximum model space distance between geometric entities at asserted c
onnectivities');
#18858=UNCERTAINTY_MEASURE_WITH_UNIT(LENGTH_MEASURE(0.01),#18878,
'DISTANCE_ACCURACY_VALUE',
'Maximum model space distance between geometric entities at asserted c
onnectivities');
#18859=(
GEOMETRIC_REPRESENTATION_CONTEXT(3)
GLOBAL_UNCERTAINTY_ASSIGNED_CONTEXT((#18840))
GLOBAL_UNIT_ASSIGNED_CONTEXT((#18878,#18880,#18881))
REPRESENTATION_CONTEXT('','3D')
);
#18860=(
GEOMETRIC_REPRESENTATION_CONTEXT(3)
GLOBAL_UNCERTAINTY_ASSIGNED_CONTEXT((#18841))
GLOBAL_UNIT_ASSIGNED_CONTEXT((#18878,#18880,#18881))
REPRESENTATION_CONTEXT('','3D')
);
#18861=(
GEOMETRIC_REPRESENTATION_CONTEXT(3)
GLOBAL_UNCERTAINTY_ASSIGNED_CONTEXT((#18842))
GLOBAL_UNIT_ASSIGNED_CONTEXT((#18878,#18880,#18881))
REPRESENTATION_CONTEXT('','3D')
);
#18862=(
GEOMETRIC_REPRESENTATION_CONTEXT(3)
GLOBAL_UNCERTAINTY_ASSIGNED_CONTEXT((#18843))
GLOBAL_UNIT_ASSIGNED_CONTEXT((#18878,#18880,#18881))
REPRESENTATION_CONTEXT('','3D')
);
#18863=(
GEOMETRIC_REPRESENTATION_CONTEXT(3)
GLOBAL_UNCERTAINTY_ASSIGNED_CONTEXT((#18844))
GLOBAL_UNIT_ASSIGNED_CONTEXT((#18878,#18880,#18881))
REPRESENTATION_CONTEXT('','3D')
);
#18864=(
GEOMETRIC_REPRESENTATION_CONTEXT(3)
GLOBAL_UNCERTAINTY_ASSIGNED_CONTEXT((#18845))
GLOBAL_UNIT_ASSIGNED_CONTEXT((#18878,#18880,#18881))
REPRESENTATION_CONTEXT('','3D')
);
#18865=(
GEOMETRIC_REPRESENTATION_CONTEXT(3)
GLOBAL_UNCERTAINTY_ASSIGNED_CONTEXT((#18846))
GLOBAL_UNIT_ASSIGNED_CONTEXT((#18878,#18880,#18881))
REPRESENTATION_CONTEXT('','3D')
);
#18866=(
GEOMETRIC_REPRESENTATION_CONTEXT(3)
GLOBAL_UNCERTAINTY_ASSIGNED_CONTEXT((#18847))
GLOBAL_UNIT_ASSIGNED_CONTEXT((#18878,#18880,#18881))
REPRESENTATION_CONTEXT('','3D')
);
#18867=(
GEOMETRIC_REPRESENTATION_CONTEXT(3)
GLOBAL_UNCERTAINTY_ASSIGNED_CONTEXT((#18848))
GLOBAL_UNIT_ASSIGNED_CONTEXT((#18878,#18880,#18881))
REPRESENTATION_CONTEXT('','3D')
);
#18868=(
GEOMETRIC_REPRESENTATION_CONTEXT(3)
GLOBAL_UNCERTAINTY_ASSIGNED_CONTEXT((#18849))
GLOBAL_UNIT_ASSIGNED_CONTEXT((#18878,#18880,#18881))
REPRESENTATION_CONTEXT('','3D')
);
#18869=(
GEOMETRIC_REPRESENTATION_CONTEXT(3)
GLOBAL_UNCERTAINTY_ASSIGNED_CONTEXT((#18850))
GLOBAL_UNIT_ASSIGNED_CONTEXT((#18878,#18880,#18881))
REPRESENTATION_CONTEXT('','3D')
);
#18870=(
GEOMETRIC_REPRESENTATION_CONTEXT(3)
GLOBAL_UNCERTAINTY_ASSIGNED_CONTEXT((#18851))
GLOBAL_UNIT_ASSIGNED_CONTEXT((#18878,#18880,#18881))
REPRESENTATION_CONTEXT('','3D')
);
#18871=(
GEOMETRIC_REPRESENTATION_CONTEXT(3)
GLOBAL_UNCERTAINTY_ASSIGNED_CONTEXT((#18852))
GLOBAL_UNIT_ASSIGNED_CONTEXT((#18878,#18880,#18881))
REPRESENTATION_CONTEXT('','3D')
);
#18872=(
GEOMETRIC_REPRESENTATION_CONTEXT(3)
GLOBAL_UNCERTAINTY_ASSIGNED_CONTEXT((#18853))
GLOBAL_UNIT_ASSIGNED_CONTEXT((#18878,#18880,#18881))
REPRESENTATION_CONTEXT('','3D')
);
#18873=(
GEOMETRIC_REPRESENTATION_CONTEXT(3)
GLOBAL_UNCERTAINTY_ASSIGNED_CONTEXT((#18854))
GLOBAL_UNIT_ASSIGNED_CONTEXT((#18878,#18880,#18881))
REPRESENTATION_CONTEXT('','3D')
);
#18874=(
GEOMETRIC_REPRESENTATION_CONTEXT(3)
GLOBAL_UNCERTAINTY_ASSIGNED_CONTEXT((#18855))
GLOBAL_UNIT_ASSIGNED_CONTEXT((#18878,#18880,#18881))
REPRESENTATION_CONTEXT('','3D')
);
#18875=(
GEOMETRIC_REPRESENTATION_CONTEXT(3)
GLOBAL_UNCERTAINTY_ASSIGNED_CONTEXT((#18856))
GLOBAL_UNIT_ASSIGNED_CONTEXT((#18878,#18880,#18881))
REPRESENTATION_CONTEXT('','3D')
);
#18876=(
GEOMETRIC_REPRESENTATION_CONTEXT(3)
GLOBAL_UNCERTAINTY_ASSIGNED_CONTEXT((#18857))
GLOBAL_UNIT_ASSIGNED_CONTEXT((#18878,#18880,#18881))
REPRESENTATION_CONTEXT('','3D')
);
#18877=(
GEOMETRIC_REPRESENTATION_CONTEXT(3)
GLOBAL_UNCERTAINTY_ASSIGNED_CONTEXT((#18858))
GLOBAL_UNIT_ASSIGNED_CONTEXT((#18878,#18880,#18881))
REPRESENTATION_CONTEXT('','3D')
);
#18878=(
LENGTH_UNIT()
NAMED_UNIT(*)
SI_UNIT(.MILLI.,.METRE.)
);
#18879=(
LENGTH_UNIT()
NAMED_UNIT(*)
SI_UNIT($,.METRE.)
);
#18880=(
NAMED_UNIT(*)
PLANE_ANGLE_UNIT()
SI_UNIT($,.RADIAN.)
);
#18881=(
NAMED_UNIT(*)
SI_UNIT($,.STERADIAN.)
SOLID_ANGLE_UNIT()
);
#18882=SHAPE_DEFINITION_REPRESENTATION(#18900,#18944);
#18883=SHAPE_DEFINITION_REPRESENTATION(#18901,#18945);
#18884=SHAPE_DEFINITION_REPRESENTATION(#18902,#18946);
#18885=SHAPE_DEFINITION_REPRESENTATION(#18903,#18947);
#18886=SHAPE_DEFINITION_REPRESENTATION(#18904,#18948);
#18887=SHAPE_DEFINITION_REPRESENTATION(#18911,#18949);
#18888=SHAPE_DEFINITION_REPRESENTATION(#18912,#18950);
#18889=SHAPE_DEFINITION_REPRESENTATION(#18913,#18951);
#18890=SHAPE_DEFINITION_REPRESENTATION(#18914,#18952);
#18891=SHAPE_DEFINITION_REPRESENTATION(#18915,#18953);
#18892=SHAPE_DEFINITION_REPRESENTATION(#18916,#18954);
#18893=SHAPE_DEFINITION_REPRESENTATION(#18920,#18955);
#18894=SHAPE_DEFINITION_REPRESENTATION(#18921,#18956);
#18895=SHAPE_DEFINITION_REPRESENTATION(#18922,#18957);
#18896=SHAPE_DEFINITION_REPRESENTATION(#18923,#18958);
#18897=SHAPE_DEFINITION_REPRESENTATION(#18924,#18959);
#18898=SHAPE_DEFINITION_REPRESENTATION(#18925,#18960);
#18899=SHAPE_DEFINITION_REPRESENTATION(#18926,#18961);
#18900=PRODUCT_DEFINITION_SHAPE('',$,#18963);
#18901=PRODUCT_DEFINITION_SHAPE('',$,#18964);
#18902=PRODUCT_DEFINITION_SHAPE('',$,#18965);
#18903=PRODUCT_DEFINITION_SHAPE('',$,#18966);
#18904=PRODUCT_DEFINITION_SHAPE('',$,#18967);
#18905=PRODUCT_DEFINITION_SHAPE($,$,#815);
#18906=PRODUCT_DEFINITION_SHAPE($,$,#816);
#18907=PRODUCT_DEFINITION_SHAPE($,$,#817);
#18908=PRODUCT_DEFINITION_SHAPE($,$,#818);
#18909=PRODUCT_DEFINITION_SHAPE($,$,#819);
#18910=PRODUCT_DEFINITION_SHAPE($,$,#820);
#18911=PRODUCT_DEFINITION_SHAPE('',$,#18968);
#18912=PRODUCT_DEFINITION_SHAPE('',$,#18969);
#18913=PRODUCT_DEFINITION_SHAPE('',$,#18970);
#18914=PRODUCT_DEFINITION_SHAPE('',$,#18971);
#18915=PRODUCT_DEFINITION_SHAPE('',$,#18972);
#18916=PRODUCT_DEFINITION_SHAPE('',$,#18973);
#18917=PRODUCT_DEFINITION_SHAPE($,$,#821);
#18918=PRODUCT_DEFINITION_SHAPE($,$,#822);
#18919=PRODUCT_DEFINITION_SHAPE($,$,#823);
#18920=PRODUCT_DEFINITION_SHAPE('',$,#18974);
#18921=PRODUCT_DEFINITION_SHAPE('',$,#18975);
#18922=PRODUCT_DEFINITION_SHAPE('',$,#18976);
#18923=PRODUCT_DEFINITION_SHAPE('',$,#18977);
#18924=PRODUCT_DEFINITION_SHAPE('',$,#18978);
#18925=PRODUCT_DEFINITION_SHAPE('',$,#18979);
#18926=PRODUCT_DEFINITION_SHAPE('',$,#18980);
#18927=PRODUCT_DEFINITION_SHAPE($,$,#824);
#18928=PRODUCT_DEFINITION_SHAPE($,$,#825);
#18929=PRODUCT_DEFINITION_SHAPE($,$,#826);
#18930=PRODUCT_DEFINITION_SHAPE($,$,#827);
#18931=PRODUCT_DEFINITION_SHAPE($,$,#828);
#18932=PRODUCT_DEFINITION_SHAPE($,$,#829);
#18933=PRODUCT_DEFINITION_SHAPE($,$,#830);
#18934=PRODUCT_DEFINITION_SHAPE($,$,#831);
#18935=PRODUCT_DEFINITION_SHAPE($,$,#832);
#18936=PRODUCT_DEFINITION_SHAPE($,$,#833);
#18937=PRODUCT_DEFINITION_SHAPE($,$,#834);
#18938=PRODUCT_DEFINITION_SHAPE($,$,#835);
#18939=PRODUCT_DEFINITION_SHAPE($,$,#836);
#18940=PRODUCT_DEFINITION_SHAPE($,$,#837);
#18941=PRODUCT_DEFINITION_SHAPE($,$,#838);
#18942=PRODUCT_DEFINITION_SHAPE($,$,#839);
#18943=PRODUCT_DEFINITION_SHAPE($,$,#840);
#18944=SHAPE_REPRESENTATION('',(#10560,#11284,#11285,#11286,#11287,#11288),
#18859);
#18945=SHAPE_REPRESENTATION('',(#10561,#10623,#10624),#18860);
#18946=SHAPE_REPRESENTATION('',(#10562),#18861);
#18947=SHAPE_REPRESENTATION('',(#10569,#10619,#10620,#10621,#10622),#18862);
#18948=SHAPE_REPRESENTATION('',(#10570),#18863);
#18949=SHAPE_REPRESENTATION('',(#10625),#18864);
#18950=SHAPE_REPRESENTATION('',(#10668),#18865);
#18951=SHAPE_REPRESENTATION('',(#10756,#11174,#11175,#11176),#18866);
#18952=SHAPE_REPRESENTATION('',(#10757),#18867);
#18953=SHAPE_REPRESENTATION('',(#10772),#18868);
#18954=SHAPE_REPRESENTATION('',(#10973),#18869);
#18955=SHAPE_REPRESENTATION('',(#11177,#11280,#11281,#11282,#11283),#18870);
#18956=SHAPE_REPRESENTATION('',(#11178,#11272,#11273),#18871);
#18957=SHAPE_REPRESENTATION('',(#11179,#11274,#11275),#18872);
#18958=SHAPE_REPRESENTATION('',(#11180,#11276,#11277),#18873);
#18959=SHAPE_REPRESENTATION('',(#11181,#11278,#11279),#18874);
#18960=SHAPE_REPRESENTATION('',(#11182),#18875);
#18961=SHAPE_REPRESENTATION('',(#11209),#18876);
#18962=PRODUCT_DEFINITION_CONTEXT('part definition',#19018,'design');
#18963=PRODUCT_DEFINITION('SmallLED7SegDisp','SmallLED7SegDisp v10',#18981,
#18962);
#18964=PRODUCT_DEFINITION('7SegDisplay','7SegDisplay',#18982,#18962);
#18965=PRODUCT_DEFINITION('Base','Base',#18983,#18962);
#18966=PRODUCT_DEFINITION('Numerals','Numerals',#18984,#18962);
#18967=PRODUCT_DEFINITION('Numeral','Numeral',#18985,#18962);
#18968=PRODUCT_DEFINITION('BasePCB','BasePCB',#18986,#18962);
#18969=PRODUCT_DEFINITION('Labels','Labels',#18987,#18962);
#18970=PRODUCT_DEFINITION('MainChip','MainChip',#18988,#18962);
#18971=PRODUCT_DEFINITION('MainChipBody','MainChipBody',#18989,#18962);
#18972=PRODUCT_DEFINITION('Pin (1)','Pin (1)',#18990,#18962);
#18973=PRODUCT_DEFINITION('Pin (1)(Mirror)','Pin (1)(Mirror)',#18991,#18962);
#18974=PRODUCT_DEFINITION('Pins','Pins',#18992,#18962);
#18975=PRODUCT_DEFINITION('Pingroup','Pingroup',#18993,#18962);
#18976=PRODUCT_DEFINITION('Pingroup_1','Pingroup',#18994,#18962);
#18977=PRODUCT_DEFINITION('Pingroup_2','Pingroup',#18995,#18962);
#18978=PRODUCT_DEFINITION('Pingroup_3','Pingroup',#18996,#18962);
#18979=PRODUCT_DEFINITION('PBlock','PBlock',#18997,#18962);
#18980=PRODUCT_DEFINITION('Pin','Pin',#18998,#18962);
#18981=PRODUCT_DEFINITION_FORMATION('',$,#19020);
#18982=PRODUCT_DEFINITION_FORMATION('',$,#19021);
#18983=PRODUCT_DEFINITION_FORMATION('',$,#19022);
#18984=PRODUCT_DEFINITION_FORMATION('',$,#19023);
#18985=PRODUCT_DEFINITION_FORMATION('',$,#19024);
#18986=PRODUCT_DEFINITION_FORMATION('',$,#19025);
#18987=PRODUCT_DEFINITION_FORMATION('',$,#19026);
#18988=PRODUCT_DEFINITION_FORMATION('',$,#19027);
#18989=PRODUCT_DEFINITION_FORMATION('',$,#19028);
#18990=PRODUCT_DEFINITION_FORMATION('',$,#19029);
#18991=PRODUCT_DEFINITION_FORMATION('',$,#19030);
#18992=PRODUCT_DEFINITION_FORMATION('',$,#19031);
#18993=PRODUCT_DEFINITION_FORMATION('',$,#19032);
#18994=PRODUCT_DEFINITION_FORMATION('',$,#19033);
#18995=PRODUCT_DEFINITION_FORMATION('',$,#19034);
#18996=PRODUCT_DEFINITION_FORMATION('',$,#19035);
#18997=PRODUCT_DEFINITION_FORMATION('',$,#19036);
#18998=PRODUCT_DEFINITION_FORMATION('',$,#19037);
#18999=PRODUCT_RELATED_PRODUCT_CATEGORY('SmallLED7SegDisp v10',
'SmallLED7SegDisp v10',(#19020));
#19000=PRODUCT_RELATED_PRODUCT_CATEGORY('7SegDisplay','7SegDisplay',(#19021));
#19001=PRODUCT_RELATED_PRODUCT_CATEGORY('Base','Base',(#19022));
#19002=PRODUCT_RELATED_PRODUCT_CATEGORY('Numerals','Numerals',(#19023));
#19003=PRODUCT_RELATED_PRODUCT_CATEGORY('Numeral','Numeral',(#19024));
#19004=PRODUCT_RELATED_PRODUCT_CATEGORY('BasePCB','BasePCB',(#19025));
#19005=PRODUCT_RELATED_PRODUCT_CATEGORY('Labels','Labels',(#19026));
#19006=PRODUCT_RELATED_PRODUCT_CATEGORY('MainChip','MainChip',(#19027));
#19007=PRODUCT_RELATED_PRODUCT_CATEGORY('MainChipBody','MainChipBody',(#19028));
#19008=PRODUCT_RELATED_PRODUCT_CATEGORY('Pin (1)','Pin (1)',(#19029));
#19009=PRODUCT_RELATED_PRODUCT_CATEGORY('Pin (1)(Mirror)',
'Pin (1)(Mirror)',(#19030));
#19010=PRODUCT_RELATED_PRODUCT_CATEGORY('Pins','Pins',(#19031));
#19011=PRODUCT_RELATED_PRODUCT_CATEGORY('Pingroup','Pingroup',(#19032));
#19012=PRODUCT_RELATED_PRODUCT_CATEGORY('Pingroup','Pingroup',(#19033));
#19013=PRODUCT_RELATED_PRODUCT_CATEGORY('Pingroup','Pingroup',(#19034));
#19014=PRODUCT_RELATED_PRODUCT_CATEGORY('Pingroup','Pingroup',(#19035));
#19015=PRODUCT_RELATED_PRODUCT_CATEGORY('PBlock','PBlock',(#19036));
#19016=PRODUCT_RELATED_PRODUCT_CATEGORY('Pin','Pin',(#19037));
#19017=APPLICATION_PROTOCOL_DEFINITION('international standard',
'automotive_design',2009,#19018);
#19018=APPLICATION_CONTEXT(
'Core Data for Automotive Mechanical Design Process');
#19019=PRODUCT_CONTEXT('part definition',#19018,'mechanical');
#19020=PRODUCT('SmallLED7SegDisp','SmallLED7SegDisp v10',$,(#19019));
#19021=PRODUCT('7SegDisplay','7SegDisplay',$,(#19019));
#19022=PRODUCT('Base','Base',$,(#19019));
#19023=PRODUCT('Numerals','Numerals',$,(#19019));
#19024=PRODUCT('Numeral','Numeral',$,(#19019));
#19025=PRODUCT('BasePCB','BasePCB',$,(#19019));
#19026=PRODUCT('Labels','Labels',$,(#19019));
#19027=PRODUCT('MainChip','MainChip',$,(#19019));
#19028=PRODUCT('MainChipBody','MainChipBody',$,(#19019));
#19029=PRODUCT('Pin (1)','Pin (1)',$,(#19019));
#19030=PRODUCT('Pin (1)(Mirror)','Pin (1)(Mirror)',$,(#19019));
#19031=PRODUCT('Pins','Pins',$,(#19019));
#19032=PRODUCT('Pingroup','Pingroup',$,(#19019));
#19033=PRODUCT('Pingroup_1','Pingroup',$,(#19019));
#19034=PRODUCT('Pingroup_2','Pingroup',$,(#19019));
#19035=PRODUCT('Pingroup_3','Pingroup',$,(#19019));
#19036=PRODUCT('PBlock','PBlock',$,(#19019));
#19037=PRODUCT('Pin','Pin',$,(#19019));
#19038=PRESENTATION_STYLE_ASSIGNMENT((#19046));
#19039=PRESENTATION_STYLE_ASSIGNMENT((#19047));
#19040=PRESENTATION_STYLE_ASSIGNMENT((#19048));
#19041=PRESENTATION_STYLE_ASSIGNMENT((#19049));
#19042=PRESENTATION_STYLE_ASSIGNMENT((#19050));
#19043=PRESENTATION_STYLE_ASSIGNMENT((#19051));
#19044=PRESENTATION_STYLE_ASSIGNMENT((#19052));
#19045=PRESENTATION_STYLE_ASSIGNMENT((NULL_STYLE(.NULL.)));
#19046=SURFACE_STYLE_USAGE(.BOTH.,#19053);
#19047=SURFACE_STYLE_USAGE(.BOTH.,#19054);
#19048=SURFACE_STYLE_USAGE(.BOTH.,#19055);
#19049=SURFACE_STYLE_USAGE(.BOTH.,#19056);
#19050=SURFACE_STYLE_USAGE(.BOTH.,#19057);
#19051=SURFACE_STYLE_USAGE(.BOTH.,#19058);
#19052=SURFACE_STYLE_USAGE(.BOTH.,#19059);
#19053=SURFACE_SIDE_STYLE('',(#19060));
#19054=SURFACE_SIDE_STYLE('',(#19061));
#19055=SURFACE_SIDE_STYLE('',(#19062));
#19056=SURFACE_SIDE_STYLE('',(#19063));
#19057=SURFACE_SIDE_STYLE('',(#19064));
#19058=SURFACE_SIDE_STYLE('',(#19065));
#19059=SURFACE_SIDE_STYLE('',(#19066));
#19060=SURFACE_STYLE_FILL_AREA(#19067);
#19061=SURFACE_STYLE_FILL_AREA(#19068);
#19062=SURFACE_STYLE_FILL_AREA(#19069);
#19063=SURFACE_STYLE_FILL_AREA(#19070);
#19064=SURFACE_STYLE_FILL_AREA(#19071);
#19065=SURFACE_STYLE_FILL_AREA(#19072);
#19066=SURFACE_STYLE_FILL_AREA(#19073);
#19067=FILL_AREA_STYLE('ABS (White) (2)',(#19074));
#19068=FILL_AREA_STYLE('ABS (White) (1)',(#19075));
#19069=FILL_AREA_STYLE('Paint - Enamel Flat-ish (Blue)',(#19076));
#19070=FILL_AREA_STYLE('ABS (White)',(#19077));
#19071=FILL_AREA_STYLE('Steel - Satin',(#19078));
#19072=FILL_AREA_STYLE('Powder Coat (Blue)',(#19079));
#19073=FILL_AREA_STYLE('Steel - Satin',(#19080));
#19074=FILL_AREA_STYLE_COLOUR('ABS (White) (2)',#19081);
#19075=FILL_AREA_STYLE_COLOUR('ABS (White) (1)',#19082);
#19076=FILL_AREA_STYLE_COLOUR('Paint - Enamel Flat-ish (Blue)',#19083);
#19077=FILL_AREA_STYLE_COLOUR('ABS (White)',#19084);
#19078=FILL_AREA_STYLE_COLOUR('Steel - Satin',#19085);
#19079=FILL_AREA_STYLE_COLOUR('Powder Coat (Blue)',#19086);
#19080=FILL_AREA_STYLE_COLOUR('Steel - Satin',#19087);
#19081=COLOUR_RGB('ABS (White) (2)',0.117647058823529,0.117647058823529,
0.113725490196078);
#19082=COLOUR_RGB('ABS (White) (1)',1.,0.,0.);
#19083=COLOUR_RGB('Paint - Enamel Flat-ish (Blue)',0.188235294117647,0.231372549019608,
0.588235294117647);
#19084=COLOUR_RGB('ABS (White)',0.964705882352941,0.964705882352941,0.952941176470588);
#19085=COLOUR_RGB('Steel - Satin',0.701960784313725,0.701960784313725,0.701960784313725);
#19086=COLOUR_RGB('Powder Coat (Blue)',0.188235294117647,0.231372549019608,
0.588235294117647);
#19087=COLOUR_RGB('Steel - Satin',0.627450980392157,0.627450980392157,0.627450980392157);
ENDSEC;
END-ISO-10303-21;
